,State,Date,Total,lag_1,lag_7,lag_30,month,week,quarter,year,is_holiday
86,Alabama,2019-10-06,129106730.0,,,,10,40,4,2019,0
3397,Alabama,2019-10-13,123782286.0,129106730.0,,,10,41,4,2019,0
5246,Alabama,2019-10-20,116218909.0,123782286.0,,,10,42,4,2019,0
7095,Alabama,2019-10-27,109968011.0,116218909.0,,,10,43,4,2019,0
43,Alabama,2019-11-03,112189104.0,109968011.0,,,11,44,4,2019,0
172,Alabama,2019-11-10,110932913.0,112189104.0,,,11,45,4,2019,0
4472,Alabama,2019-11-17,109056410.0,110932913.0,,,11,46,4,2019,0
6321,Alabama,2019-11-24,113040422.0,109056410.0,129106730.0,,11,47,4,2019,0
0,Alabama,2019-12-01,109574036.0,113040422.0,123782286.0,,12,48,4,2019,0
129,Alabama,2019-12-08,108083724.0,109574036.0,116218909.0,,12,49,4,2019,0
3956,Alabama,2019-12-15,108528456.0,108083724.0,109968011.0,,12,50,4,2019,0
5805,Alabama,2019-12-22,116541575.0,108528456.0,112189104.0,,12,51,4,2019,0
7654,Alabama,2019-12-29,106949922.0,116541575.0,110932913.0,,12,52,4,2019,0
473,Alabama,2020-01-05,104239954.0,106949922.0,109056410.0,,1,1,1,2020,0
989,Alabama,2020-01-12,108717628.0,104239954.0,113040422.0,,1,2,1,2020,0
4730,Alabama,2020-01-19,105904866.0,108717628.0,109574036.0,,1,3,1,2020,0
6579,Alabama,2020-01-26,106265737.0,105904866.0,108083724.0,,1,4,1,2020,0
301,Alabama,2020-02-02,108358280.0,106265737.0,108528456.0,,2,5,1,2020,0
817,Alabama,2020-02-09,109022482.0,108358280.0,116541575.0,,2,6,1,2020,0
4042,Alabama,2020-02-16,107397612.0,109022482.0,106949922.0,,2,7,1,2020,0
5891,Alabama,2020-02-23,107801054.0,107397612.0,104239954.0,,2,8,1,2020,0
215,Alabama,2020-03-01,116651493.0,107801054.0,108717628.0,,3,9,1,2020,0
731,Alabama,2020-03-08,119441834.0,116651493.0,105904866.0,,3,10,1,2020,0
3784,Alabama,2020-03-15,132632134.0,119441834.0,106265737.0,,3,11,1,2020,0
5633,Alabama,2020-03-22,127145065.0,132632134.0,108358280.0,,3,12,1,2020,0
7482,Alabama,2020-03-29,116657084.0,127145065.0,109022482.0,,3,13,1,2020,0
516,Alabama,2020-04-05,123259529.0,116657084.0,107397612.0,,4,14,2,2020,0
1032,Alabama,2020-04-12,117506179.0,123259529.0,107801054.0,,4,15,2,2020,0
4859,Alabama,2020-04-19,117742073.0,117506179.0,116651493.0,,4,16,2,2020,0
6708,Alabama,2020-04-26,118114595.0,117742073.0,119441834.0,,4,17,2,2020,0
387,Alabama,2020-05-03,128066131.0,118114595.0,132632134.0,129106730.0,5,18,2,2020,0
903,Alabama,2020-05-10,127906087.0,128066131.0,127145065.0,123782286.0,5,19,2,2020,0
4343,Alabama,2020-05-17,130340051.0,127906087.0,116657084.0,116218909.0,5,20,2,2020,0
6192,Alabama,2020-05-24,134708619.0,130340051.0,123259529.0,109968011.0,5,21,2,2020,0
7955,Alabama,2020-05-31,129887877.0,134708619.0,117506179.0,112189104.0,5,22,2,2020,0
688,Alabama,2020-06-07,132304541.0,129887877.0,117742073.0,110932913.0,6,23,2,2020,0
3612,Alabama,2020-06-14,131401893.0,132304541.0,118114595.0,109056410.0,6,24,2,2020,0
5461,Alabama,2020-06-21,133712552.0,131401893.0,128066131.0,113040422.0,6,25,2,2020,0
7310,Alabama,2020-06-28,132320128.0,133712552.0,127906087.0,109574036.0,6,26,2,2020,0
559,Alabama,2020-07-05,138414683.0,132320128.0,130340051.0,108083724.0,7,27,3,2020,0
1075,Alabama,2020-07-12,129799793.0,138414683.0,134708619.0,108528456.0,7,28,3,2020,0
4945,Alabama,2020-07-19,133548791.0,129799793.0,129887877.0,116541575.0,7,29,3,2020,0
6794,Alabama,2020-07-26,132657649.0,133548791.0,132304541.0,106949922.0,7,30,3,2020,0
344,Alabama,2020-08-02,131945461.0,132657649.0,131401893.0,104239954.0,8,31,3,2020,0
860,Alabama,2020-08-09,137744835.0,131945461.0,133712552.0,108717628.0,8,32,3,2020,0
4171,Alabama,2020-08-16,137880677.0,137744835.0,132320128.0,105904866.0,8,33,3,2020,0
6020,Alabama,2020-08-23,131642695.0,137880677.0,138414683.0,106265737.0,8,34,3,2020,0
7826,Alabama,2020-08-30,128713002.0,131642695.0,129799793.0,108358280.0,8,35,3,2020,0
602,Alabama,2020-09-06,137905687.0,128713002.0,133548791.0,109022482.0,9,36,3,2020,0
3354,Alabama,2020-09-13,134469488.0,137905687.0,132657649.0,107397612.0,9,37,3,2020,0
5203,Alabama,2020-09-20,129079260.0,134469488.0,131945461.0,107801054.0,9,38,3,2020,0
7052,Alabama,2020-09-27,127614100.0,129079260.0,137744835.0,116651493.0,9,39,3,2020,0
430,Alabama,2020-10-04,133713630.0,127614100.0,137880677.0,119441834.0,10,40,4,2020,0
946,Alabama,2020-10-11,128170886.0,133713630.0,131642695.0,132632134.0,10,41,4,2020,0
4644,Alabama,2020-10-18,122464550.0,128170886.0,128713002.0,127145065.0,10,42,4,2020,0
6493,Alabama,2020-10-25,121301025.0,122464550.0,137905687.0,116657084.0,10,43,4,2020,0
258,Alabama,2020-11-01,120522114.0,121301025.0,134469488.0,123259529.0,11,44,4,2020,0
774,Alabama,2020-11-08,120902500.0,120522114.0,129079260.0,117506179.0,11,45,4,2020,0
3913,Alabama,2020-11-15,117987142.0,120902500.0,127614100.0,117742073.0,11,46,4,2020,0
5762,Alabama,2020-11-22,124645965.0,117987142.0,133713630.0,118114595.0,11,47,4,2020,0
7611,Alabama,2020-11-29,118491656.0,124645965.0,128170886.0,128066131.0,11,48,4,2020,0
645,Alabama,2020-12-06,116104621.0,118491656.0,122464550.0,127906087.0,12,49,4,2020,0
3483,Alabama,2020-12-13,116502691.0,116104621.0,121301025.0,130340051.0,12,50,4,2020,0
5332,Alabama,2020-12-20,122244236.0,116502691.0,120522114.0,134708619.0,12,51,4,2020,0
7181,Alabama,2020-12-27,115522663.0,122244236.0,120902500.0,129887877.0,12,52,4,2020,0
1204,Alabama,2021-01-03,115331048.0,115522663.0,117987142.0,132304541.0,1,53,1,2021,0
1720,Alabama,2021-01-10,117780959.0,115331048.0,124645965.0,131401893.0,1,1,1,2021,0
4257,Alabama,2021-01-17,115816664.0,117780959.0,118491656.0,133712552.0,1,2,1,2021,0
6106,Alabama,2021-01-24,113870548.0,115816664.0,116104621.0,132320128.0,1,3,1,2021,0
7912,Alabama,2021-01-31,115802738.0,113870548.0,116502691.0,138414683.0,1,4,1,2021,0
1505,Alabama,2021-02-07,117468184.0,115802738.0,122244236.0,129799793.0,2,5,1,2021,0
3526,Alabama,2021-02-14,115644582.0,117468184.0,115522663.0,133548791.0,2,6,1,2021,0
5375,Alabama,2021-02-21,112186375.0,115644582.0,115331048.0,132657649.0,2,7,1,2021,0
7224,Alabama,2021-02-28,124158003.0,112186375.0,117780959.0,131945461.0,2,8,1,2021,0
1548,Alabama,2021-03-07,126283023.0,124158003.0,115816664.0,137744835.0,3,9,1,2021,0
3569,Alabama,2021-03-14,143739698.0,126283023.0,113870548.0,137880677.0,3,10,1,2021,0
5418,Alabama,2021-03-21,138119750.0,143739698.0,115802738.0,131642695.0,3,11,1,2021,0
7267,Alabama,2021-03-28,124801756.0,138119750.0,117468184.0,128713002.0,3,12,1,2021,0
1290,Alabama,2021-04-04,131843895.0,124801756.0,115644582.0,137905687.0,4,13,2,2021,0
1806,Alabama,2021-04-11,126097509.0,131843895.0,112186375.0,134469488.0,4,14,2,2021,0
4515,Alabama,2021-04-18,126192682.0,126097509.0,124158003.0,129079260.0,4,15,2,2021,0
6364,Alabama,2021-04-25,127348328.0,126192682.0,126283023.0,127614100.0,4,16,2,2021,0
1161,Alabama,2021-05-02,134697460.0,127348328.0,143739698.0,133713630.0,5,17,2,2021,0
1677,Alabama,2021-05-09,136554064.0,134697460.0,138119750.0,128170886.0,5,18,2,2021,0
4128,Alabama,2021-05-16,135462842.0,136554064.0,124801756.0,122464550.0,5,19,2,2021,0
5977,Alabama,2021-05-23,140446890.0,135462842.0,131843895.0,121301025.0,5,20,2,2021,0
7783,Alabama,2021-05-30,139935911.0,140446890.0,126097509.0,120522114.0,5,21,2,2021,0
1462,Alabama,2021-06-06,140893518.0,139935911.0,126192682.0,120902500.0,6,22,2,2021,0
3311,Alabama,2021-06-13,137083192.0,140893518.0,127348328.0,117987142.0,6,23,2,2021,0
5160,Alabama,2021-06-20,144489981.0,137083192.0,134697460.0,124645965.0,6,24,2,2021,0
7009,Alabama,2021-06-27,140720826.0,144489981.0,136554064.0,118491656.0,6,25,2,2021,0
1333,Alabama,2021-07-04,150209239.0,140720826.0,135462842.0,116104621.0,7,26,3,2021,0
1849,Alabama,2021-07-11,137692247.0,150209239.0,140446890.0,116502691.0,7,27,3,2021,0
4558,Alabama,2021-07-18,143840884.0,137692247.0,139935911.0,122244236.0,7,28,3,2021,0
6407,Alabama,2021-07-25,143718288.0,143840884.0,140893518.0,115522663.0,7,29,3,2021,0
1118,Alabama,2021-08-01,146096098.0,143718288.0,137083192.0,115331048.0,8,30,3,2021,0
1634,Alabama,2021-08-08,151796623.0,146096098.0,144489981.0,117780959.0,8,31,3,2021,0
3870,Alabama,2021-08-15,149096388.0,151796623.0,140720826.0,115816664.0,8,32,3,2021,0
5719,Alabama,2021-08-22,142623393.0,149096388.0,150209239.0,113870548.0,8,33,3,2021,0
7568,Alabama,2021-08-29,140962323.0,142623393.0,137692247.0,115802738.0,8,34,3,2021,0
1376,Alabama,2021-09-05,148892734.0,140962323.0,143840884.0,117468184.0,9,35,3,2021,0
1892,Alabama,2021-09-12,142022733.0,148892734.0,143718288.0,115644582.0,9,36,3,2021,0
4988,Alabama,2021-09-19,133797917.0,142022733.0,146096098.0,112186375.0,9,37,3,2021,0
6837,Alabama,2021-09-26,133378009.0,133797917.0,151796623.0,124158003.0,9,38,3,2021,0
1247,Alabama,2021-10-03,203436378.0,133378009.0,149096388.0,126283023.0,10,39,4,2021,0
1763,Alabama,2021-10-10,198855812.0,203436378.0,142623393.0,143739698.0,10,40,4,2021,0
4429,Alabama,2021-10-17,195850755.0,198855812.0,140962323.0,138119750.0,10,41,4,2021,0
6278,Alabama,2021-10-24,189687422.0,195850755.0,148892734.0,124801756.0,10,42,4,2021,0
8041,Alabama,2021-10-31,189048085.0,189687422.0,142022733.0,131843895.0,10,43,4,2021,0
1591,Alabama,2021-11-07,184678477.0,189048085.0,133797917.0,126097509.0,11,44,4,2021,0
3698,Alabama,2021-11-14,184911321.0,184678477.0,133378009.0,126192682.0,11,45,4,2021,0
5547,Alabama,2021-11-21,190608741.0,184911321.0,203436378.0,127348328.0,11,46,4,2021,0
7396,Alabama,2021-11-28,177133617.0,190608741.0,198855812.0,134697460.0,11,47,4,2021,0
1419,Alabama,2021-12-05,180600248.0,177133617.0,195850755.0,136554064.0,12,48,4,2021,0
1935,Alabama,2021-12-12,182041354.0,180600248.0,189687422.0,135462842.0,12,49,4,2021,0
5031,Alabama,2021-12-19,189045387.0,182041354.0,189048085.0,140446890.0,12,50,4,2021,0
6880,Alabama,2021-12-26,183210806.0,189045387.0,184678477.0,139935911.0,12,51,4,2021,0
2021,Alabama,2022-01-02,179002839.0,183210806.0,184911321.0,140893518.0,1,52,1,2022,0
2537,Alabama,2022-01-09,178676924.0,179002839.0,190608741.0,137083192.0,1,1,1,2022,0
3999,Alabama,2022-01-16,180918293.0,178676924.0,177133617.0,144489981.0,1,2,1,2022,0
5848,Alabama,2022-01-23,177754219.0,180918293.0,180600248.0,140720826.0,1,3,1,2022,0
7697,Alabama,2022-01-30,179630073.0,177754219.0,182041354.0,150209239.0,1,4,1,2022,0
2322,Alabama,2022-02-06,184970125.0,179630073.0,189045387.0,137692247.0,2,5,1,2022,0
3225,Alabama,2022-02-13,181195482.0,184970125.0,183210806.0,143840884.0,2,6,1,2022,0
5074,Alabama,2022-02-20,178404182.0,181195482.0,179002839.0,143718288.0,2,7,1,2022,0
6923,Alabama,2022-02-27,192108735.0,178404182.0,178676924.0,146096098.0,2,8,1,2022,0
2365,Alabama,2022-03-06,197917628.0,192108735.0,180918293.0,151796623.0,3,9,1,2022,0
3268,Alabama,2022-03-13,194057784.0,197917628.0,177754219.0,149096388.0,3,10,1,2022,0
5117,Alabama,2022-03-20,194303303.0,194057784.0,179630073.0,142623393.0,3,11,1,2022,0
6966,Alabama,2022-03-27,195635389.0,194303303.0,184970125.0,140962323.0,3,12,1,2022,0
2107,Alabama,2022-04-03,200427370.0,195635389.0,181195482.0,148892734.0,4,13,2,2022,0
2623,Alabama,2022-04-10,202888791.0,200427370.0,178404182.0,142022733.0,4,14,2,2022,0
4300,Alabama,2022-04-17,199965775.0,202888791.0,192108735.0,133797917.0,4,15,2,2022,0
6149,Alabama,2022-04-24,197876829.0,199965775.0,197917628.0,133378009.0,4,16,2,2022,0
1978,Alabama,2022-05-01,207976103.0,197876829.0,194057784.0,203436378.0,5,17,2,2022,0
2494,Alabama,2022-05-08,207537233.0,207976103.0,194303303.0,198855812.0,5,18,2,2022,0
3827,Alabama,2022-05-15,208193477.0,207537233.0,195635389.0,195850755.0,5,19,2,2022,0
5676,Alabama,2022-05-22,219547509.0,208193477.0,200427370.0,189687422.0,5,20,2,2022,0
7525,Alabama,2022-05-29,212449962.0,219547509.0,202888791.0,189048085.0,5,21,2,2022,0
2279,Alabama,2022-06-05,209711182.0,212449962.0,199965775.0,184678477.0,6,22,2,2022,0
2795,Alabama,2022-06-12,209838488.0,209711182.0,197876829.0,184911321.0,6,23,2,2022,0
4902,Alabama,2022-06-19,220358695.0,209838488.0,207976103.0,190608741.0,6,24,2,2022,0
6751,Alabama,2022-06-26,220100179.0,220358695.0,207537233.0,177133617.0,6,25,2,2022,0
2150,Alabama,2022-07-03,226966251.0,220100179.0,208193477.0,180600248.0,7,26,3,2022,0
2666,Alabama,2022-07-10,212433149.0,226966251.0,219547509.0,182041354.0,7,27,3,2022,0
4386,Alabama,2022-07-17,212769923.0,212433149.0,212449962.0,189045387.0,7,28,3,2022,0
6235,Alabama,2022-07-24,215436686.0,212769923.0,209711182.0,183210806.0,7,29,3,2022,0
7998,Alabama,2022-07-31,221654891.0,215436686.0,209838488.0,179002839.0,7,30,3,2022,0
2451,Alabama,2022-08-07,226809535.0,221654891.0,220358695.0,178676924.0,8,31,3,2022,0
3655,Alabama,2022-08-14,224323610.0,226809535.0,220100179.0,180918293.0,8,32,3,2022,0
5504,Alabama,2022-08-21,215153556.0,224323610.0,226966251.0,177754219.0,8,33,3,2022,0
7353,Alabama,2022-08-28,215670829.0,215153556.0,212433149.0,179630073.0,8,34,3,2022,0
2193,Alabama,2022-09-04,227759611.0,215670829.0,212769923.0,184970125.0,9,35,3,2022,0
2709,Alabama,2022-09-11,215165395.0,227759611.0,215436686.0,181195482.0,9,36,3,2022,0
4601,Alabama,2022-09-18,213270228.0,215165395.0,221654891.0,178404182.0,9,37,3,2022,0
6450,Alabama,2022-09-25,215556916.0,213270228.0,226809535.0,192108735.0,9,38,3,2022,0
2064,Alabama,2022-10-02,218622107.0,215556916.0,224323610.0,197917628.0,10,39,4,2022,0
2580,Alabama,2022-10-09,211016006.0,218622107.0,215153556.0,194057784.0,10,40,4,2022,0
4214,Alabama,2022-10-16,204418181.0,211016006.0,215670829.0,194303303.0,10,41,4,2022,0
6063,Alabama,2022-10-23,198480435.0,204418181.0,227759611.0,195635389.0,10,42,4,2022,0
7869,Alabama,2022-10-30,194245502.0,198480435.0,215165395.0,200427370.0,10,43,4,2022,0
2408,Alabama,2022-11-06,197814663.0,194245502.0,213270228.0,202888791.0,11,44,4,2022,0
3440,Alabama,2022-11-13,194267617.0,197814663.0,215556916.0,199965775.0,11,45,4,2022,0
5289,Alabama,2022-11-20,197053090.0,194267617.0,218622107.0,197876829.0,11,46,4,2022,0
7138,Alabama,2022-11-27,192420637.0,197053090.0,211016006.0,207976103.0,11,47,4,2022,0
2236,Alabama,2022-12-04,191867741.0,192420637.0,204418181.0,207537233.0,12,48,4,2022,0
2752,Alabama,2022-12-11,194239369.0,191867741.0,198480435.0,208193477.0,12,49,4,2022,0
4687,Alabama,2022-12-18,200415284.0,194239369.0,194245502.0,219547509.0,12,50,4,2022,0
6536,Alabama,2022-12-25,200741724.0,200415284.0,197814663.0,212449962.0,12,51,4,2022,0
2838,Alabama,2023-01-01,184497797.0,200741724.0,194267617.0,209711182.0,1,52,1,2023,0
3053,Alabama,2023-01-08,186490148.0,184497797.0,197053090.0,209838488.0,1,1,1,2023,0
3741,Alabama,2023-01-15,185544784.0,186490148.0,192420637.0,220358695.0,1,2,1,2023,0
5590,Alabama,2023-01-22,182246125.0,185544784.0,191867741.0,220100179.0,1,3,1,2023,0
7439,Alabama,2023-01-29,183105938.0,182246125.0,194239369.0,226966251.0,1,4,1,2023,0
2924,Alabama,2023-02-05,192305584.0,183105938.0,200415284.0,212433149.0,2,5,1,2023,0
3139,Alabama,2023-02-12,191999971.0,192305584.0,200741724.0,212769923.0,2,6,1,2023,0
4773,Alabama,2023-02-19,191443698.0,191999971.0,184497797.0,215436686.0,2,7,1,2023,0
6622,Alabama,2023-02-26,199003416.0,191443698.0,186490148.0,221654891.0,2,8,1,2023,0
2967,Alabama,2023-03-05,209478343.0,199003416.0,185544784.0,226809535.0,3,9,1,2023,0
3182,Alabama,2023-03-12,218905536.0,209478343.0,182246125.0,224323610.0,3,10,1,2023,0
4816,Alabama,2023-03-19,210866567.0,218905536.0,183105938.0,215153556.0,3,11,1,2023,0
6665,Alabama,2023-03-26,202214026.0,210866567.0,192305584.0,215670829.0,3,12,1,2023,0
2881,Alabama,2023-04-02,205535419.0,202214026.0,191999971.0,227759611.0,4,13,2,2023,0
3096,Alabama,2023-04-09,202345732.0,205535419.0,191443698.0,215165395.0,4,14,2,2023,0
4085,Alabama,2023-04-16,203132041.0,202345732.0,199003416.0,213270228.0,4,15,2,2023,0
5934,Alabama,2023-04-23,206852539.0,203132041.0,209478343.0,215556916.0,4,16,2,2023,0
7740,Alabama,2023-04-30,211451723.0,206852539.0,218905536.0,218622107.0,4,17,2,2023,0
3010,Alabama,2023-05-07,219573277.0,211451723.0,210866567.0,211016006.0,5,18,2,2023,0
87,Arizona,2019-10-06,119877789.0,219573277.0,202214026.0,204418181.0,10,40,4,2019,0
3398,Arizona,2019-10-13,117122712.0,119877789.0,205535419.0,198480435.0,10,41,4,2019,0
5247,Arizona,2019-10-20,116127754.0,117122712.0,202345732.0,194245502.0,10,42,4,2019,0
7096,Arizona,2019-10-27,115216831.0,116127754.0,203132041.0,197814663.0,10,43,4,2019,0
44,Arizona,2019-11-03,115424159.0,115216831.0,206852539.0,194267617.0,11,44,4,2019,0
173,Arizona,2019-11-10,120785283.0,115424159.0,211451723.0,197053090.0,11,45,4,2019,0
4473,Arizona,2019-11-17,116490977.0,120785283.0,219573277.0,192420637.0,11,46,4,2019,0
6322,Arizona,2019-11-24,114640798.0,116490977.0,119877789.0,191867741.0,11,47,4,2019,0
1,Arizona,2019-12-01,109101595.0,114640798.0,117122712.0,194239369.0,12,48,4,2019,0
130,Arizona,2019-12-08,110405117.0,109101595.0,116127754.0,200415284.0,12,49,4,2019,0
3957,Arizona,2019-12-15,110395321.0,110405117.0,115216831.0,200741724.0,12,50,4,2019,0
5806,Arizona,2019-12-22,117291974.0,110395321.0,115424159.0,184497797.0,12,51,4,2019,0
7655,Arizona,2019-12-29,108536780.0,117291974.0,120785283.0,186490148.0,12,52,4,2019,0
474,Arizona,2020-01-05,109641291.0,108536780.0,116490977.0,185544784.0,1,1,1,2020,0
990,Arizona,2020-01-12,110420623.0,109641291.0,114640798.0,182246125.0,1,2,1,2020,0
4731,Arizona,2020-01-19,110294022.0,110420623.0,109101595.0,183105938.0,1,3,1,2020,0
6580,Arizona,2020-01-26,109185129.0,110294022.0,110405117.0,192305584.0,1,4,1,2020,0
302,Arizona,2020-02-02,115328264.0,109185129.0,110395321.0,191999971.0,2,5,1,2020,0
818,Arizona,2020-02-09,111821590.0,115328264.0,117291974.0,191443698.0,2,6,1,2020,0
4043,Arizona,2020-02-16,110562942.0,111821590.0,108536780.0,199003416.0,2,7,1,2020,0
5892,Arizona,2020-02-23,110993229.0,110562942.0,109641291.0,209478343.0,2,8,1,2020,0
216,Arizona,2020-03-01,118349206.0,110993229.0,110420623.0,218905536.0,3,9,1,2020,0
732,Arizona,2020-03-08,127985444.0,118349206.0,110294022.0,210866567.0,3,10,1,2020,0
3785,Arizona,2020-03-15,139557887.0,127985444.0,109185129.0,202214026.0,3,11,1,2020,0
5634,Arizona,2020-03-22,135979843.0,139557887.0,115328264.0,205535419.0,3,12,1,2020,0
7483,Arizona,2020-03-29,119847336.0,135979843.0,111821590.0,202345732.0,3,13,1,2020,0
517,Arizona,2020-04-05,125962618.0,119847336.0,110562942.0,203132041.0,4,14,2,2020,0
1033,Arizona,2020-04-12,123654446.0,125962618.0,110993229.0,206852539.0,4,15,2,2020,0
4860,Arizona,2020-04-19,125902822.0,123654446.0,118349206.0,211451723.0,4,16,2,2020,0
6709,Arizona,2020-04-26,127294783.0,125902822.0,127985444.0,219573277.0,4,17,2,2020,0
388,Arizona,2020-05-03,134864797.0,127294783.0,139557887.0,119877789.0,5,18,2,2020,0
904,Arizona,2020-05-10,136028525.0,134864797.0,135979843.0,117122712.0,5,19,2,2020,0
4344,Arizona,2020-05-17,130942705.0,136028525.0,119847336.0,116127754.0,5,20,2,2020,0
6193,Arizona,2020-05-24,131535235.0,130942705.0,125962618.0,115216831.0,5,21,2,2020,0
7956,Arizona,2020-05-31,131413795.0,131535235.0,123654446.0,115424159.0,5,22,2,2020,0
689,Arizona,2020-06-07,138359363.0,131413795.0,125902822.0,120785283.0,6,23,2,2020,0
3613,Arizona,2020-06-14,139014231.0,138359363.0,127294783.0,116490977.0,6,24,2,2020,0
5462,Arizona,2020-06-21,134529099.0,139014231.0,134864797.0,114640798.0,6,25,2,2020,0
7311,Arizona,2020-06-28,135096231.0,134529099.0,136028525.0,109101595.0,6,26,2,2020,0
560,Arizona,2020-07-05,144153475.0,135096231.0,130942705.0,110405117.0,7,27,3,2020,0
1076,Arizona,2020-07-12,136606142.0,144153475.0,131535235.0,110395321.0,7,28,3,2020,0
4946,Arizona,2020-07-19,135991553.0,136606142.0,131413795.0,117291974.0,7,29,3,2020,0
6795,Arizona,2020-07-26,132190421.0,135991553.0,138359363.0,108536780.0,7,30,3,2020,0
345,Arizona,2020-08-02,135907144.0,132190421.0,139014231.0,109641291.0,8,31,3,2020,0
861,Arizona,2020-08-09,139932969.0,135907144.0,134529099.0,110420623.0,8,32,3,2020,0
4172,Arizona,2020-08-16,139367250.0,139932969.0,135096231.0,110294022.0,8,33,3,2020,0
6021,Arizona,2020-08-23,135396922.0,139367250.0,144153475.0,109185129.0,8,34,3,2020,0
7827,Arizona,2020-08-30,135895403.0,135396922.0,136606142.0,115328264.0,8,35,3,2020,0
603,Arizona,2020-09-06,140717021.0,135895403.0,135991553.0,111821590.0,9,36,3,2020,0
3355,Arizona,2020-09-13,132210326.0,140717021.0,132190421.0,110562942.0,9,37,3,2020,0
5204,Arizona,2020-09-20,130208125.0,132210326.0,135907144.0,110993229.0,9,38,3,2020,0
7053,Arizona,2020-09-27,127220754.0,130208125.0,139932969.0,118349206.0,9,39,3,2020,0
431,Arizona,2020-10-04,132505937.0,127220754.0,139367250.0,127985444.0,10,40,4,2020,0
947,Arizona,2020-10-11,133872032.0,132505937.0,135396922.0,139557887.0,10,41,4,2020,0
4645,Arizona,2020-10-18,130530706.0,133872032.0,135895403.0,135979843.0,10,42,4,2020,0
6494,Arizona,2020-10-25,125675792.0,130530706.0,140717021.0,119847336.0,10,43,4,2020,0
259,Arizona,2020-11-01,123994824.0,125675792.0,132210326.0,125962618.0,11,44,4,2020,0
775,Arizona,2020-11-08,130904551.0,123994824.0,130208125.0,123654446.0,11,45,4,2020,0
3914,Arizona,2020-11-15,123016313.0,130904551.0,127220754.0,125902822.0,11,46,4,2020,0
5763,Arizona,2020-11-22,126324975.0,123016313.0,132505937.0,127294783.0,11,47,4,2020,0
7612,Arizona,2020-11-29,119295868.0,126324975.0,133872032.0,134864797.0,11,48,4,2020,0
646,Arizona,2020-12-06,118392564.0,119295868.0,130530706.0,136028525.0,12,49,4,2020,0
3484,Arizona,2020-12-13,120157853.0,118392564.0,125675792.0,130942705.0,12,50,4,2020,0
5333,Arizona,2020-12-20,123308776.0,120157853.0,123994824.0,131535235.0,12,51,4,2020,0
7182,Arizona,2020-12-27,117662825.0,123308776.0,130904551.0,131413795.0,12,52,4,2020,0
1205,Arizona,2021-01-03,119728725.0,117662825.0,123016313.0,138359363.0,1,53,1,2021,0
1721,Arizona,2021-01-10,121976001.0,119728725.0,126324975.0,139014231.0,1,1,1,2021,0
4258,Arizona,2021-01-17,123411183.0,121976001.0,119295868.0,134529099.0,1,2,1,2021,0
6107,Arizona,2021-01-24,118460351.0,123411183.0,118392564.0,135096231.0,1,3,1,2021,0
7913,Arizona,2021-01-31,119030151.0,118460351.0,120157853.0,144153475.0,1,4,1,2021,0
1506,Arizona,2021-02-07,126877371.0,119030151.0,123308776.0,136606142.0,2,5,1,2021,0
3527,Arizona,2021-02-14,123255297.0,126877371.0,117662825.0,135991553.0,2,6,1,2021,0
5376,Arizona,2021-02-21,122351717.0,123255297.0,119728725.0,132190421.0,2,7,1,2021,0
7225,Arizona,2021-02-28,124760494.0,122351717.0,121976001.0,135907144.0,2,8,1,2021,0
1549,Arizona,2021-03-07,136194918.0,124760494.0,123411183.0,139932969.0,3,9,1,2021,0
3570,Arizona,2021-03-14,150363246.0,136194918.0,118460351.0,139367250.0,3,10,1,2021,0
5419,Arizona,2021-03-21,144705321.0,150363246.0,119030151.0,135396922.0,3,11,1,2021,0
7268,Arizona,2021-03-28,125617568.0,144705321.0,126877371.0,135895403.0,3,12,1,2021,0
1291,Arizona,2021-04-04,140912772.0,125617568.0,123255297.0,140717021.0,4,13,2,2021,0
1807,Arizona,2021-04-11,138011956.0,140912772.0,122351717.0,132210326.0,4,14,2,2021,0
4516,Arizona,2021-04-18,134735709.0,138011956.0,124760494.0,130208125.0,4,15,2,2021,0
6365,Arizona,2021-04-25,139157806.0,134735709.0,136194918.0,127220754.0,4,16,2,2021,0
1162,Arizona,2021-05-02,144090339.0,139157806.0,150363246.0,132505937.0,5,17,2,2021,0
1678,Arizona,2021-05-09,152933491.0,144090339.0,144705321.0,133872032.0,5,18,2,2021,0
4129,Arizona,2021-05-16,147870671.0,152933491.0,125617568.0,130530706.0,5,19,2,2021,0
5978,Arizona,2021-05-23,146832911.0,147870671.0,140912772.0,125675792.0,5,20,2,2021,0
7784,Arizona,2021-05-30,149964412.0,146832911.0,138011956.0,123994824.0,5,21,2,2021,0
1463,Arizona,2021-06-06,153270396.0,149964412.0,134735709.0,130904551.0,6,22,2,2021,0
3312,Arizona,2021-06-13,152816611.0,153270396.0,139157806.0,123016313.0,6,23,2,2021,0
5161,Arizona,2021-06-20,154949376.0,152816611.0,144090339.0,126324975.0,6,24,2,2021,0
7010,Arizona,2021-06-27,147305127.0,154949376.0,152933491.0,119295868.0,6,25,2,2021,0
1334,Arizona,2021-07-04,155493045.0,147305127.0,147870671.0,118392564.0,7,26,3,2021,0
1850,Arizona,2021-07-11,150801486.0,155493045.0,146832911.0,120157853.0,7,27,3,2021,0
4559,Arizona,2021-07-18,146199274.0,150801486.0,149964412.0,123308776.0,7,28,3,2021,0
6408,Arizona,2021-07-25,140495761.0,146199274.0,153270396.0,117662825.0,7,29,3,2021,0
1119,Arizona,2021-08-01,144662532.0,140495761.0,152816611.0,119728725.0,8,30,3,2021,0
1635,Arizona,2021-08-08,154347015.0,144662532.0,154949376.0,121976001.0,8,31,3,2021,0
3871,Arizona,2021-08-15,149953473.0,154347015.0,147305127.0,123411183.0,8,32,3,2021,0
5720,Arizona,2021-08-22,146415000.0,149953473.0,155493045.0,118460351.0,8,33,3,2021,0
7569,Arizona,2021-08-29,147911738.0,146415000.0,150801486.0,119030151.0,8,34,3,2021,0
1377,Arizona,2021-09-05,155366160.0,147911738.0,146199274.0,126877371.0,9,35,3,2021,0
1893,Arizona,2021-09-12,149966653.0,155366160.0,140495761.0,123255297.0,9,36,3,2021,0
4989,Arizona,2021-09-19,148517047.0,149966653.0,144662532.0,122351717.0,9,37,3,2021,0
6838,Arizona,2021-09-26,143876042.0,148517047.0,154347015.0,124760494.0,9,38,3,2021,0
1248,Arizona,2021-10-03,200820085.0,143876042.0,149953473.0,136194918.0,10,39,4,2021,0
1764,Arizona,2021-10-10,201963815.0,200820085.0,146415000.0,150363246.0,10,40,4,2021,0
4430,Arizona,2021-10-17,197141587.0,201963815.0,147911738.0,144705321.0,10,41,4,2021,0
6279,Arizona,2021-10-24,195856140.0,197141587.0,155366160.0,125617568.0,10,42,4,2021,0
8042,Arizona,2021-10-31,194283831.0,195856140.0,149966653.0,140912772.0,10,43,4,2021,0
1592,Arizona,2021-11-07,201120667.0,194283831.0,148517047.0,138011956.0,11,44,4,2021,0
3699,Arizona,2021-11-14,196009266.0,201120667.0,143876042.0,134735709.0,11,45,4,2021,0
5548,Arizona,2021-11-21,199577574.0,196009266.0,200820085.0,139157806.0,11,46,4,2021,0
7397,Arizona,2021-11-28,184063174.0,199577574.0,201963815.0,144090339.0,11,47,4,2021,0
1420,Arizona,2021-12-05,186262764.0,184063174.0,197141587.0,152933491.0,12,48,4,2021,0
1936,Arizona,2021-12-12,187993597.0,186262764.0,195856140.0,147870671.0,12,49,4,2021,0
5032,Arizona,2021-12-19,191792532.0,187993597.0,194283831.0,146832911.0,12,50,4,2021,0
6881,Arizona,2021-12-26,187019454.0,191792532.0,201120667.0,149964412.0,12,51,4,2021,0
2022,Arizona,2022-01-02,182124831.0,187019454.0,196009266.0,153270396.0,1,52,1,2022,0
2538,Arizona,2022-01-09,187226998.0,182124831.0,199577574.0,152816611.0,1,1,1,2022,0
4000,Arizona,2022-01-16,190506028.0,187226998.0,184063174.0,154949376.0,1,2,1,2022,0
5849,Arizona,2022-01-23,184460687.0,190506028.0,186262764.0,147305127.0,1,3,1,2022,0
7698,Arizona,2022-01-30,184840307.0,184460687.0,187993597.0,155493045.0,1,4,1,2022,0
2323,Arizona,2022-02-06,191822690.0,184840307.0,191792532.0,150801486.0,2,5,1,2022,0
3226,Arizona,2022-02-13,193758115.0,191822690.0,187019454.0,146199274.0,2,6,1,2022,0
5075,Arizona,2022-02-20,186140486.0,193758115.0,182124831.0,140495761.0,2,7,1,2022,0
6924,Arizona,2022-02-27,191804856.0,186140486.0,187226998.0,144662532.0,2,8,1,2022,0
2366,Arizona,2022-03-06,204336119.0,191804856.0,190506028.0,154347015.0,3,9,1,2022,0
3269,Arizona,2022-03-13,199341790.0,204336119.0,184460687.0,149953473.0,3,10,1,2022,0
5118,Arizona,2022-03-20,203135958.0,199341790.0,184840307.0,146415000.0,3,11,1,2022,0
6967,Arizona,2022-03-27,204330837.0,203135958.0,191822690.0,147911738.0,3,12,1,2022,0
2108,Arizona,2022-04-03,216587578.0,204330837.0,193758115.0,155366160.0,4,13,2,2022,0
2624,Arizona,2022-04-10,219518921.0,216587578.0,186140486.0,149966653.0,4,14,2,2022,0
4301,Arizona,2022-04-17,217866947.0,219518921.0,191804856.0,148517047.0,4,15,2,2022,0
6150,Arizona,2022-04-24,207194456.0,217866947.0,204336119.0,143876042.0,4,16,2,2022,0
1979,Arizona,2022-05-01,210346537.0,207194456.0,199341790.0,200820085.0,5,17,2,2022,0
2495,Arizona,2022-05-08,219329549.0,210346537.0,203135958.0,201963815.0,5,18,2,2022,0
3828,Arizona,2022-05-15,215137302.0,219329549.0,204330837.0,197141587.0,5,19,2,2022,0
5677,Arizona,2022-05-22,215304100.0,215137302.0,216587578.0,195856140.0,5,20,2,2022,0
7526,Arizona,2022-05-29,219462134.0,215304100.0,219518921.0,194283831.0,5,21,2,2022,0
2280,Arizona,2022-06-05,221466462.0,219462134.0,217866947.0,201120667.0,6,22,2,2022,0
2796,Arizona,2022-06-12,228960137.0,221466462.0,207194456.0,196009266.0,6,23,2,2022,0
4903,Arizona,2022-06-19,224705587.0,228960137.0,210346537.0,199577574.0,6,24,2,2022,0
6752,Arizona,2022-06-26,215666630.0,224705587.0,219329549.0,184063174.0,6,25,2,2022,0
2151,Arizona,2022-07-03,230278334.0,215666630.0,215137302.0,186262764.0,7,26,3,2022,0
2667,Arizona,2022-07-10,220195810.0,230278334.0,215304100.0,187993597.0,7,27,3,2022,0
4387,Arizona,2022-07-17,218623208.0,220195810.0,219462134.0,191792532.0,7,28,3,2022,0
6236,Arizona,2022-07-24,213178650.0,218623208.0,221466462.0,187019454.0,7,29,3,2022,0
7999,Arizona,2022-07-31,211959851.0,213178650.0,228960137.0,182124831.0,7,30,3,2022,0
2452,Arizona,2022-08-07,225961035.0,211959851.0,224705587.0,187226998.0,8,31,3,2022,0
3656,Arizona,2022-08-14,220700930.0,225961035.0,215666630.0,190506028.0,8,32,3,2022,0
5505,Arizona,2022-08-21,215522849.0,220700930.0,230278334.0,184460687.0,8,33,3,2022,0
7354,Arizona,2022-08-28,222686060.0,215522849.0,220195810.0,184840307.0,8,34,3,2022,0
2194,Arizona,2022-09-04,232958487.0,222686060.0,218623208.0,191822690.0,9,35,3,2022,0
2710,Arizona,2022-09-11,226231108.0,232958487.0,213178650.0,193758115.0,9,36,3,2022,0
4602,Arizona,2022-09-18,218387231.0,226231108.0,211959851.0,186140486.0,9,37,3,2022,0
6451,Arizona,2022-09-25,211204050.0,218387231.0,225961035.0,191804856.0,9,38,3,2022,0
2065,Arizona,2022-10-02,214133475.0,211204050.0,220700930.0,204336119.0,10,39,4,2022,0
2581,Arizona,2022-10-09,218976019.0,214133475.0,215522849.0,199341790.0,10,40,4,2022,0
4215,Arizona,2022-10-16,211117837.0,218976019.0,222686060.0,203135958.0,10,41,4,2022,0
6064,Arizona,2022-10-23,206019098.0,211117837.0,232958487.0,204330837.0,10,42,4,2022,0
7870,Arizona,2022-10-30,203716151.0,206019098.0,226231108.0,216587578.0,10,43,4,2022,0
2409,Arizona,2022-11-06,212352076.0,203716151.0,218387231.0,219518921.0,11,44,4,2022,0
3441,Arizona,2022-11-13,209536787.0,212352076.0,211204050.0,217866947.0,11,45,4,2022,0
5290,Arizona,2022-11-20,206468807.0,209536787.0,214133475.0,207194456.0,11,46,4,2022,0
7139,Arizona,2022-11-27,200179530.0,206468807.0,218976019.0,210346537.0,11,47,4,2022,0
2237,Arizona,2022-12-04,195652307.0,200179530.0,211117837.0,219329549.0,12,48,4,2022,0
2753,Arizona,2022-12-11,200138362.0,195652307.0,206019098.0,215137302.0,12,49,4,2022,0
4688,Arizona,2022-12-18,204225387.0,200138362.0,203716151.0,215304100.0,12,50,4,2022,0
6537,Arizona,2022-12-25,206642210.0,204225387.0,212352076.0,219462134.0,12,51,4,2022,0
2839,Arizona,2023-01-01,188408490.0,206642210.0,209536787.0,221466462.0,1,52,1,2023,0
3054,Arizona,2023-01-08,194629091.0,188408490.0,206468807.0,228960137.0,1,1,1,2023,0
3742,Arizona,2023-01-15,199308521.0,194629091.0,200179530.0,224705587.0,1,2,1,2023,0
5591,Arizona,2023-01-22,191351464.0,199308521.0,195652307.0,215666630.0,1,3,1,2023,0
7440,Arizona,2023-01-29,193432652.0,191351464.0,200138362.0,230278334.0,1,4,1,2023,0
2925,Arizona,2023-02-05,203668153.0,193432652.0,204225387.0,220195810.0,2,5,1,2023,0
3140,Arizona,2023-02-12,210784001.0,203668153.0,206642210.0,218623208.0,2,6,1,2023,0
4774,Arizona,2023-02-19,200168687.0,210784001.0,188408490.0,213178650.0,2,7,1,2023,0
6623,Arizona,2023-02-26,201565059.0,200168687.0,194629091.0,211959851.0,2,8,1,2023,0
2968,Arizona,2023-03-05,216243765.0,201565059.0,199308521.0,225961035.0,3,9,1,2023,0
3183,Arizona,2023-03-12,235892871.0,216243765.0,191351464.0,220700930.0,3,10,1,2023,0
4817,Arizona,2023-03-19,227766017.0,235892871.0,193432652.0,215522849.0,3,11,1,2023,0
6666,Arizona,2023-03-26,207113292.0,227766017.0,203668153.0,222686060.0,3,12,1,2023,0
2882,Arizona,2023-04-02,215603138.0,207113292.0,210784001.0,232958487.0,4,13,2,2023,0
3097,Arizona,2023-04-09,229352435.0,215603138.0,200168687.0,226231108.0,4,14,2,2023,0
4086,Arizona,2023-04-16,223021337.0,229352435.0,201565059.0,218387231.0,4,15,2,2023,0
5935,Arizona,2023-04-23,220557323.0,223021337.0,216243765.0,211204050.0,4,16,2,2023,0
7741,Arizona,2023-04-30,231156458.0,220557323.0,235892871.0,214133475.0,4,17,2,2023,0
3011,Arizona,2023-05-07,240505460.0,231156458.0,227766017.0,218976019.0,5,18,2,2023,0
88,Arkansas,2019-10-06,67349815.0,240505460.0,207113292.0,211117837.0,10,40,4,2019,0
3399,Arkansas,2019-10-13,63679443.0,67349815.0,215603138.0,206019098.0,10,41,4,2019,0
5248,Arkansas,2019-10-20,59248421.0,63679443.0,229352435.0,203716151.0,10,42,4,2019,0
7097,Arkansas,2019-10-27,57654430.0,59248421.0,223021337.0,212352076.0,10,43,4,2019,0
45,Arkansas,2019-11-03,58551067.0,57654430.0,220557323.0,209536787.0,11,44,4,2019,0
174,Arkansas,2019-11-10,59494648.0,58551067.0,231156458.0,206468807.0,11,45,4,2019,0
4474,Arkansas,2019-11-17,58265259.0,59494648.0,240505460.0,200179530.0,11,46,4,2019,0
6323,Arkansas,2019-11-24,59690104.0,58265259.0,67349815.0,195652307.0,11,47,4,2019,0
2,Arkansas,2019-12-01,58049432.0,59690104.0,63679443.0,200138362.0,12,48,4,2019,0
131,Arkansas,2019-12-08,59101265.0,58049432.0,59248421.0,204225387.0,12,49,4,2019,0
3958,Arkansas,2019-12-15,58035927.0,59101265.0,57654430.0,206642210.0,12,50,4,2019,0
5807,Arkansas,2019-12-22,61147230.0,58035927.0,58551067.0,188408490.0,12,51,4,2019,0
7656,Arkansas,2019-12-29,58290655.0,61147230.0,59494648.0,194629091.0,12,52,4,2019,0
475,Arkansas,2020-01-05,56942259.0,58290655.0,58265259.0,199308521.0,1,1,1,2020,0
991,Arkansas,2020-01-12,57854514.0,56942259.0,59690104.0,191351464.0,1,2,1,2020,0
4732,Arkansas,2020-01-19,56718756.0,57854514.0,58049432.0,193432652.0,1,3,1,2020,0
6581,Arkansas,2020-01-26,55036034.0,56718756.0,59101265.0,203668153.0,1,4,1,2020,0
303,Arkansas,2020-02-02,58093735.0,55036034.0,58035927.0,210784001.0,2,5,1,2020,0
819,Arkansas,2020-02-09,58021180.0,58093735.0,61147230.0,200168687.0,2,6,1,2020,0
4044,Arkansas,2020-02-16,56891696.0,58021180.0,58290655.0,201565059.0,2,7,1,2020,0
5893,Arkansas,2020-02-23,55979416.0,56891696.0,56942259.0,216243765.0,2,8,1,2020,0
217,Arkansas,2020-03-01,61187920.0,55979416.0,57854514.0,235892871.0,3,9,1,2020,0
733,Arkansas,2020-03-08,63599450.0,61187920.0,56718756.0,227766017.0,3,10,1,2020,0
3786,Arkansas,2020-03-15,69299262.0,63599450.0,55036034.0,207113292.0,3,11,1,2020,0
5635,Arkansas,2020-03-22,66672578.0,69299262.0,58093735.0,215603138.0,3,12,1,2020,0
7484,Arkansas,2020-03-29,59930918.0,66672578.0,58021180.0,229352435.0,3,13,1,2020,0
518,Arkansas,2020-04-05,63610285.0,59930918.0,56891696.0,223021337.0,4,14,2,2020,0
1034,Arkansas,2020-04-12,63528109.0,63610285.0,55979416.0,220557323.0,4,15,2,2020,0
4861,Arkansas,2020-04-19,62510706.0,63528109.0,61187920.0,231156458.0,4,16,2,2020,0
6710,Arkansas,2020-04-26,63303777.0,62510706.0,63599450.0,240505460.0,4,17,2,2020,0
389,Arkansas,2020-05-03,65718902.0,63303777.0,69299262.0,67349815.0,5,18,2,2020,0
905,Arkansas,2020-05-10,66725736.0,65718902.0,66672578.0,63679443.0,5,19,2,2020,0
4345,Arkansas,2020-05-17,67059259.0,66725736.0,59930918.0,59248421.0,5,20,2,2020,0
6194,Arkansas,2020-05-24,69534675.0,67059259.0,63610285.0,57654430.0,5,21,2,2020,0
7957,Arkansas,2020-05-31,67420353.0,69534675.0,63528109.0,58551067.0,5,22,2,2020,0
690,Arkansas,2020-06-07,70882885.0,67420353.0,62510706.0,59494648.0,6,23,2,2020,0
3614,Arkansas,2020-06-14,70697390.0,70882885.0,63303777.0,58265259.0,6,24,2,2020,0
5463,Arkansas,2020-06-21,70943346.0,70697390.0,65718902.0,59690104.0,6,25,2,2020,0
7312,Arkansas,2020-06-28,69082980.0,70943346.0,66725736.0,58049432.0,6,26,2,2020,0
561,Arkansas,2020-07-05,76591713.0,69082980.0,67059259.0,59101265.0,7,27,3,2020,0
1077,Arkansas,2020-07-12,71426615.0,76591713.0,69534675.0,58035927.0,7,28,3,2020,0
4947,Arkansas,2020-07-19,71755452.0,71426615.0,67420353.0,61147230.0,7,29,3,2020,0
6796,Arkansas,2020-07-26,70313071.0,71755452.0,70882885.0,58290655.0,7,30,3,2020,0
346,Arkansas,2020-08-02,70280652.0,70313071.0,70697390.0,56942259.0,8,31,3,2020,0
862,Arkansas,2020-08-09,71170812.0,70280652.0,70943346.0,57854514.0,8,32,3,2020,0
4173,Arkansas,2020-08-16,72517548.0,71170812.0,69082980.0,56718756.0,8,33,3,2020,0
6022,Arkansas,2020-08-23,70270227.0,72517548.0,76591713.0,55036034.0,8,34,3,2020,0
7828,Arkansas,2020-08-30,69321237.0,70270227.0,71426615.0,58093735.0,8,35,3,2020,0
604,Arkansas,2020-09-06,70544925.0,69321237.0,71755452.0,58021180.0,9,36,3,2020,0
3356,Arkansas,2020-09-13,71051325.0,70544925.0,70313071.0,56891696.0,9,37,3,2020,0
5205,Arkansas,2020-09-20,68622672.0,71051325.0,70280652.0,55979416.0,9,38,3,2020,0
7054,Arkansas,2020-09-27,64905092.0,68622672.0,71170812.0,61187920.0,9,39,3,2020,0
432,Arkansas,2020-10-04,67850338.0,64905092.0,72517548.0,63599450.0,10,40,4,2020,0
948,Arkansas,2020-10-11,67105075.0,67850338.0,70270227.0,69299262.0,10,41,4,2020,0
4646,Arkansas,2020-10-18,64996749.0,67105075.0,69321237.0,66672578.0,10,42,4,2020,0
6495,Arkansas,2020-10-25,62410736.0,64996749.0,70544925.0,59930918.0,10,43,4,2020,0
260,Arkansas,2020-11-01,61173665.0,62410736.0,71051325.0,63610285.0,11,44,4,2020,0
776,Arkansas,2020-11-08,63896293.0,61173665.0,68622672.0,63528109.0,11,45,4,2020,0
3915,Arkansas,2020-11-15,63680879.0,63896293.0,64905092.0,62510706.0,11,46,4,2020,0
5764,Arkansas,2020-11-22,64469135.0,63680879.0,67850338.0,63303777.0,11,47,4,2020,0
7613,Arkansas,2020-11-29,62518778.0,64469135.0,67105075.0,65718902.0,11,48,4,2020,0
647,Arkansas,2020-12-06,60541396.0,62518778.0,64996749.0,66725736.0,12,49,4,2020,0
3485,Arkansas,2020-12-13,62551318.0,60541396.0,62410736.0,67059259.0,12,50,4,2020,0
5334,Arkansas,2020-12-20,63362785.0,62551318.0,61173665.0,69534675.0,12,51,4,2020,0
7183,Arkansas,2020-12-27,63040188.0,63362785.0,63896293.0,67420353.0,12,52,4,2020,0
1206,Arkansas,2021-01-03,61067745.0,63040188.0,63680879.0,70882885.0,1,53,1,2021,0
1722,Arkansas,2021-01-10,62054714.0,61067745.0,64469135.0,70697390.0,1,1,1,2021,0
4259,Arkansas,2021-01-17,61751789.0,62054714.0,62518778.0,70943346.0,1,2,1,2021,0
6108,Arkansas,2021-01-24,59692624.0,61751789.0,60541396.0,69082980.0,1,3,1,2021,0
7914,Arkansas,2021-01-31,60629838.0,59692624.0,62551318.0,76591713.0,1,4,1,2021,0
1507,Arkansas,2021-02-07,62729412.0,60629838.0,63362785.0,71426615.0,2,5,1,2021,0
3528,Arkansas,2021-02-14,63052100.0,62729412.0,63040188.0,71755452.0,2,6,1,2021,0
5377,Arkansas,2021-02-21,56331936.0,63052100.0,61067745.0,70313071.0,2,7,1,2021,0
7226,Arkansas,2021-02-28,65438140.0,56331936.0,62054714.0,70280652.0,2,8,1,2021,0
1550,Arkansas,2021-03-07,67470845.0,65438140.0,61751789.0,71170812.0,3,9,1,2021,0
3571,Arkansas,2021-03-14,73830082.0,67470845.0,59692624.0,72517548.0,3,10,1,2021,0
5420,Arkansas,2021-03-21,71996987.0,73830082.0,60629838.0,70270227.0,3,11,1,2021,0
7269,Arkansas,2021-03-28,64565241.0,71996987.0,62729412.0,69321237.0,3,12,1,2021,0
1292,Arkansas,2021-04-04,68515097.0,64565241.0,63052100.0,70544925.0,4,13,2,2021,0
1808,Arkansas,2021-04-11,68454423.0,68515097.0,56331936.0,71051325.0,4,14,2,2021,0
4517,Arkansas,2021-04-18,67525813.0,68454423.0,65438140.0,68622672.0,4,15,2,2021,0
6366,Arkansas,2021-04-25,67632914.0,67525813.0,67470845.0,64905092.0,4,16,2,2021,0
1163,Arkansas,2021-05-02,70271403.0,67632914.0,73830082.0,67850338.0,5,17,2,2021,0
1679,Arkansas,2021-05-09,71602056.0,70271403.0,71996987.0,67105075.0,5,18,2,2021,0
4130,Arkansas,2021-05-16,69891687.0,71602056.0,64565241.0,64996749.0,5,19,2,2021,0
5979,Arkansas,2021-05-23,71888898.0,69891687.0,68515097.0,62410736.0,5,20,2,2021,0
7785,Arkansas,2021-05-30,72688736.0,71888898.0,68454423.0,61173665.0,5,21,2,2021,0
1464,Arkansas,2021-06-06,73746656.0,72688736.0,67525813.0,63896293.0,6,22,2,2021,0
3313,Arkansas,2021-06-13,75043823.0,73746656.0,67632914.0,63680879.0,6,23,2,2021,0
5162,Arkansas,2021-06-20,78781472.0,75043823.0,70271403.0,64469135.0,6,24,2,2021,0
7011,Arkansas,2021-06-27,74788922.0,78781472.0,71602056.0,62518778.0,6,25,2,2021,0
1335,Arkansas,2021-07-04,80327966.0,74788922.0,69891687.0,60541396.0,7,26,3,2021,0
1851,Arkansas,2021-07-11,76636654.0,80327966.0,71888898.0,62551318.0,7,27,3,2021,0
4560,Arkansas,2021-07-18,77954786.0,76636654.0,72688736.0,63362785.0,7,28,3,2021,0
6409,Arkansas,2021-07-25,76727707.0,77954786.0,73746656.0,63040188.0,7,29,3,2021,0
1120,Arkansas,2021-08-01,76563570.0,76727707.0,75043823.0,61067745.0,8,30,3,2021,0
1636,Arkansas,2021-08-08,76788500.0,76563570.0,78781472.0,62054714.0,8,31,3,2021,0
3872,Arkansas,2021-08-15,78200292.0,76788500.0,74788922.0,61751789.0,8,32,3,2021,0
5721,Arkansas,2021-08-22,75360902.0,78200292.0,80327966.0,59692624.0,8,33,3,2021,0
7570,Arkansas,2021-08-29,76041639.0,75360902.0,76636654.0,60629838.0,8,34,3,2021,0
1378,Arkansas,2021-09-05,77173311.0,76041639.0,77954786.0,62729412.0,9,35,3,2021,0
1894,Arkansas,2021-09-12,76970529.0,77173311.0,76727707.0,63052100.0,9,36,3,2021,0
4990,Arkansas,2021-09-19,74662068.0,76970529.0,76563570.0,56331936.0,9,37,3,2021,0
6839,Arkansas,2021-09-26,70631842.0,74662068.0,76788500.0,65438140.0,9,38,3,2021,0
1249,Arkansas,2021-10-03,105087223.0,70631842.0,78200292.0,67470845.0,10,39,4,2021,0
1765,Arkansas,2021-10-10,104309748.0,105087223.0,75360902.0,73830082.0,10,40,4,2021,0
4431,Arkansas,2021-10-17,101130188.0,104309748.0,76041639.0,71996987.0,10,41,4,2021,0
6280,Arkansas,2021-10-24,98315876.0,101130188.0,77173311.0,64565241.0,10,42,4,2021,0
8043,Arkansas,2021-10-31,96518730.0,98315876.0,76970529.0,68515097.0,10,43,4,2021,0
1593,Arkansas,2021-11-07,98227444.0,96518730.0,74662068.0,68454423.0,11,44,4,2021,0
3700,Arkansas,2021-11-14,99626519.0,98227444.0,70631842.0,67525813.0,11,45,4,2021,0
5549,Arkansas,2021-11-21,100440189.0,99626519.0,105087223.0,67632914.0,11,46,4,2021,0
7398,Arkansas,2021-11-28,95547889.0,100440189.0,104309748.0,70271403.0,11,47,4,2021,0
1421,Arkansas,2021-12-05,95357790.0,95547889.0,101130188.0,71602056.0,12,48,4,2021,0
1937,Arkansas,2021-12-12,96826619.0,95357790.0,98315876.0,69891687.0,12,49,4,2021,0
5033,Arkansas,2021-12-19,99984094.0,96826619.0,96518730.0,71888898.0,12,50,4,2021,0
6882,Arkansas,2021-12-26,99759952.0,99984094.0,98227444.0,72688736.0,12,51,4,2021,0
2023,Arkansas,2022-01-02,93380357.0,99759952.0,99626519.0,73746656.0,1,52,1,2022,0
2539,Arkansas,2022-01-09,94532467.0,93380357.0,100440189.0,75043823.0,1,1,1,2022,0
4001,Arkansas,2022-01-16,98948580.0,94532467.0,95547889.0,78781472.0,1,2,1,2022,0
5850,Arkansas,2022-01-23,92112220.0,98948580.0,95357790.0,74788922.0,1,3,1,2022,0
7699,Arkansas,2022-01-30,94644193.0,92112220.0,96826619.0,80327966.0,1,4,1,2022,0
2324,Arkansas,2022-02-06,96618081.0,94644193.0,99984094.0,76636654.0,2,5,1,2022,0
3227,Arkansas,2022-02-13,97702066.0,96618081.0,99759952.0,77954786.0,2,6,1,2022,0
5076,Arkansas,2022-02-20,90819494.0,97702066.0,93380357.0,76727707.0,2,7,1,2022,0
6925,Arkansas,2022-02-27,99037115.0,90819494.0,94532467.0,76563570.0,2,8,1,2022,0
2367,Arkansas,2022-03-06,103093646.0,99037115.0,98948580.0,76788500.0,3,9,1,2022,0
3270,Arkansas,2022-03-13,102169602.0,103093646.0,92112220.0,78200292.0,3,10,1,2022,0
5119,Arkansas,2022-03-20,102381503.0,102169602.0,94644193.0,75360902.0,3,11,1,2022,0
6968,Arkansas,2022-03-27,99464637.0,102381503.0,96618081.0,76041639.0,3,12,1,2022,0
2109,Arkansas,2022-04-03,103811548.0,99464637.0,97702066.0,77173311.0,4,13,2,2022,0
2625,Arkansas,2022-04-10,105314661.0,103811548.0,90819494.0,76970529.0,4,14,2,2022,0
4302,Arkansas,2022-04-17,104085976.0,105314661.0,99037115.0,74662068.0,4,15,2,2022,0
6151,Arkansas,2022-04-24,100996169.0,104085976.0,103093646.0,70631842.0,4,16,2,2022,0
1980,Arkansas,2022-05-01,103805094.0,100996169.0,102169602.0,105087223.0,5,17,2,2022,0
2496,Arkansas,2022-05-08,105764203.0,103805094.0,102381503.0,104309748.0,5,18,2,2022,0
3829,Arkansas,2022-05-15,110749148.0,105764203.0,99464637.0,101130188.0,5,19,2,2022,0
5678,Arkansas,2022-05-22,110460402.0,110749148.0,103811548.0,98315876.0,5,20,2,2022,0
7527,Arkansas,2022-05-29,109863859.0,110460402.0,105314661.0,96518730.0,5,21,2,2022,0
2281,Arkansas,2022-06-05,109057664.0,109863859.0,104085976.0,98227444.0,6,22,2,2022,0
2797,Arkansas,2022-06-12,110363535.0,109057664.0,100996169.0,99626519.0,6,23,2,2022,0
4904,Arkansas,2022-06-19,117770997.0,110363535.0,103805094.0,100440189.0,6,24,2,2022,0
6753,Arkansas,2022-06-26,114411032.0,117770997.0,105764203.0,95547889.0,6,25,2,2022,0
2152,Arkansas,2022-07-03,119976406.0,114411032.0,110749148.0,95357790.0,7,26,3,2022,0
2668,Arkansas,2022-07-10,117172559.0,119976406.0,110460402.0,96826619.0,7,27,3,2022,0
4388,Arkansas,2022-07-17,114762339.0,117172559.0,109863859.0,99984094.0,7,28,3,2022,0
6237,Arkansas,2022-07-24,114581651.0,114762339.0,109057664.0,99759952.0,7,29,3,2022,0
8000,Arkansas,2022-07-31,114979802.0,114581651.0,110363535.0,93380357.0,7,30,3,2022,0
2453,Arkansas,2022-08-07,116148959.0,114979802.0,117770997.0,94532467.0,8,31,3,2022,0
3657,Arkansas,2022-08-14,118150219.0,116148959.0,114411032.0,98948580.0,8,32,3,2022,0
5506,Arkansas,2022-08-21,112180743.0,118150219.0,119976406.0,92112220.0,8,33,3,2022,0
7355,Arkansas,2022-08-28,113832344.0,112180743.0,117172559.0,94644193.0,8,34,3,2022,0
2195,Arkansas,2022-09-04,118942575.0,113832344.0,114762339.0,96618081.0,9,35,3,2022,0
2711,Arkansas,2022-09-11,116255198.0,118942575.0,114581651.0,97702066.0,9,36,3,2022,0
4603,Arkansas,2022-09-18,113416519.0,116255198.0,114979802.0,90819494.0,9,37,3,2022,0
6452,Arkansas,2022-09-25,110869552.0,113416519.0,116148959.0,99037115.0,9,38,3,2022,0
2066,Arkansas,2022-10-02,112136004.0,110869552.0,118150219.0,103093646.0,10,39,4,2022,0
2582,Arkansas,2022-10-09,112645109.0,112136004.0,112180743.0,102169602.0,10,40,4,2022,0
4216,Arkansas,2022-10-16,109648626.0,112645109.0,113832344.0,102381503.0,10,41,4,2022,0
6065,Arkansas,2022-10-23,105598575.0,109648626.0,118942575.0,99464637.0,10,42,4,2022,0
7871,Arkansas,2022-10-30,102518258.0,105598575.0,116255198.0,103811548.0,10,43,4,2022,0
2410,Arkansas,2022-11-06,104366457.0,102518258.0,113416519.0,105314661.0,11,44,4,2022,0
3442,Arkansas,2022-11-13,104922414.0,104366457.0,110869552.0,104085976.0,11,45,4,2022,0
5291,Arkansas,2022-11-20,104002357.0,104922414.0,112136004.0,100996169.0,11,46,4,2022,0
7140,Arkansas,2022-11-27,103751416.0,104002357.0,112645109.0,103805094.0,11,47,4,2022,0
2238,Arkansas,2022-12-04,99768472.0,103751416.0,109648626.0,105764203.0,12,48,4,2022,0
2754,Arkansas,2022-12-11,102920616.0,99768472.0,105598575.0,110749148.0,12,49,4,2022,0
4689,Arkansas,2022-12-18,104855820.0,102920616.0,102518258.0,110460402.0,12,50,4,2022,0
6538,Arkansas,2022-12-25,110014384.0,104855820.0,104366457.0,109863859.0,12,51,4,2022,0
2840,Arkansas,2023-01-01,96531612.0,110014384.0,104922414.0,109057664.0,1,52,1,2023,0
3055,Arkansas,2023-01-08,99012694.0,96531612.0,104002357.0,110363535.0,1,1,1,2023,0
3743,Arkansas,2023-01-15,101487862.0,99012694.0,103751416.0,117770997.0,1,2,1,2023,0
5592,Arkansas,2023-01-22,96226248.0,101487862.0,99768472.0,114411032.0,1,3,1,2023,0
7441,Arkansas,2023-01-29,98786791.0,96226248.0,102920616.0,119976406.0,1,4,1,2023,0
2926,Arkansas,2023-02-05,100758299.0,98786791.0,104855820.0,117172559.0,2,5,1,2023,0
3141,Arkansas,2023-02-12,103288441.0,100758299.0,110014384.0,114762339.0,2,6,1,2023,0
4775,Arkansas,2023-02-19,100840048.0,103288441.0,96531612.0,114581651.0,2,7,1,2023,0
6624,Arkansas,2023-02-26,102483063.0,100840048.0,99012694.0,114979802.0,2,8,1,2023,0
2969,Arkansas,2023-03-05,111201474.0,102483063.0,101487862.0,116148959.0,3,9,1,2023,0
3184,Arkansas,2023-03-12,116121676.0,111201474.0,96226248.0,118150219.0,3,10,1,2023,0
4818,Arkansas,2023-03-19,111784587.0,116121676.0,98786791.0,112180743.0,3,11,1,2023,0
6667,Arkansas,2023-03-26,102395451.0,111784587.0,100758299.0,113832344.0,3,12,1,2023,0
2883,Arkansas,2023-04-02,109455465.0,102395451.0,103288441.0,118942575.0,4,13,2,2023,0
3098,Arkansas,2023-04-09,112740581.0,109455465.0,100840048.0,116255198.0,4,14,2,2023,0
4087,Arkansas,2023-04-16,111327538.0,112740581.0,102483063.0,113416519.0,4,15,2,2023,0
5936,Arkansas,2023-04-23,110406153.0,111327538.0,111201474.0,110869552.0,4,16,2,2023,0
7742,Arkansas,2023-04-30,111996706.0,110406153.0,116121676.0,112136004.0,4,17,2,2023,0
3012,Arkansas,2023-05-07,116455073.0,111996706.0,111784587.0,112645109.0,5,18,2,2023,0
89,California,2019-10-06,506587724.0,116455073.0,102395451.0,109648626.0,10,40,4,2019,0
3400,California,2019-10-13,504318966.0,506587724.0,109455465.0,105598575.0,10,41,4,2019,0
5249,California,2019-10-20,491957817.0,504318966.0,112740581.0,102518258.0,10,42,4,2019,0
7098,California,2019-10-27,505768872.0,491957817.0,111327538.0,104366457.0,10,43,4,2019,0
46,California,2019-11-03,492597099.0,505768872.0,110406153.0,104922414.0,11,44,4,2019,0
175,California,2019-11-10,497063952.0,492597099.0,111996706.0,104002357.0,11,45,4,2019,0
4475,California,2019-11-17,486794359.0,497063952.0,116455073.0,103751416.0,11,46,4,2019,0
6324,California,2019-11-24,477240955.0,486794359.0,506587724.0,99768472.0,11,47,4,2019,0
3,California,2019-12-01,444766891.0,477240955.0,504318966.0,102920616.0,12,48,4,2019,0
132,California,2019-12-08,449865324.0,444766891.0,491957817.0,104855820.0,12,49,4,2019,0
3959,California,2019-12-15,461461506.0,449865324.0,505768872.0,110014384.0,12,50,4,2019,0
5808,California,2019-12-22,491464690.0,461461506.0,492597099.0,96531612.0,12,51,4,2019,0
7657,California,2019-12-29,446846319.0,491464690.0,497063952.0,99012694.0,12,52,4,2019,0
476,California,2020-01-05,450124199.0,446846319.0,486794359.0,101487862.0,1,1,1,2020,0
992,California,2020-01-12,449525601.0,450124199.0,477240955.0,96226248.0,1,2,1,2020,0
4733,California,2020-01-19,439475032.0,449525601.0,444766891.0,98786791.0,1,3,1,2020,0
6582,California,2020-01-26,450336277.0,439475032.0,449865324.0,100758299.0,1,4,1,2020,0
304,California,2020-02-02,467920813.0,450336277.0,461461506.0,103288441.0,2,5,1,2020,0
820,California,2020-02-09,446322189.0,467920813.0,491464690.0,100840048.0,2,6,1,2020,0
4045,California,2020-02-16,446287373.0,446322189.0,446846319.0,102483063.0,2,7,1,2020,0
5894,California,2020-02-23,454404243.0,446287373.0,450124199.0,111201474.0,2,8,1,2020,0
218,California,2020-03-01,488089630.0,454404243.0,449525601.0,116121676.0,3,9,1,2020,0
734,California,2020-03-08,504525418.0,488089630.0,439475032.0,111784587.0,3,10,1,2020,0
3787,California,2020-03-15,594467897.0,504525418.0,450336277.0,102395451.0,3,11,1,2020,0
5636,California,2020-03-22,514100499.0,594467897.0,467920813.0,109455465.0,3,12,1,2020,0
7485,California,2020-03-29,465090389.0,514100499.0,446322189.0,112740581.0,3,13,1,2020,0
519,California,2020-04-05,489779220.0,465090389.0,446287373.0,111327538.0,4,14,2,2020,0
1035,California,2020-04-12,484255477.0,489779220.0,454404243.0,110406153.0,4,15,2,2020,0
4862,California,2020-04-19,499937572.0,484255477.0,488089630.0,111996706.0,4,16,2,2020,0
6711,California,2020-04-26,511961313.0,499937572.0,504525418.0,116455073.0,4,17,2,2020,0
390,California,2020-05-03,523453599.0,511961313.0,594467897.0,506587724.0,5,18,2,2020,0
906,California,2020-05-10,532766128.0,523453599.0,514100499.0,504318966.0,5,19,2,2020,0
4346,California,2020-05-17,506672448.0,532766128.0,465090389.0,491957817.0,5,20,2,2020,0
6195,California,2020-05-24,528426454.0,506672448.0,489779220.0,505768872.0,5,21,2,2020,0
7958,California,2020-05-31,525499509.0,528426454.0,484255477.0,492597099.0,5,22,2,2020,0
691,California,2020-06-07,556528877.0,525499509.0,499937572.0,497063952.0,6,23,2,2020,0
3615,California,2020-06-14,572134465.0,556528877.0,511961313.0,486794359.0,6,24,2,2020,0
5464,California,2020-06-21,539820647.0,572134465.0,523453599.0,477240955.0,6,25,2,2020,0
7313,California,2020-06-28,550818407.0,539820647.0,532766128.0,444766891.0,6,26,2,2020,0
562,California,2020-07-05,585581852.0,550818407.0,506672448.0,449865324.0,7,27,3,2020,0
1078,California,2020-07-12,572401489.0,585581852.0,528426454.0,461461506.0,7,28,3,2020,0
4948,California,2020-07-19,566344439.0,572401489.0,525499509.0,491464690.0,7,29,3,2020,0
6797,California,2020-07-26,563610657.0,566344439.0,556528877.0,446846319.0,7,30,3,2020,0
347,California,2020-08-02,571725103.0,563610657.0,572134465.0,450124199.0,8,31,3,2020,0
863,California,2020-08-09,572375905.0,571725103.0,539820647.0,449525601.0,8,32,3,2020,0
4174,California,2020-08-16,590385374.0,572375905.0,550818407.0,439475032.0,8,33,3,2020,0
6023,California,2020-08-23,586280792.0,590385374.0,585581852.0,450336277.0,8,34,3,2020,0
7829,California,2020-08-30,577902644.0,586280792.0,572401489.0,467920813.0,8,35,3,2020,0
605,California,2020-09-06,590828387.0,577902644.0,566344439.0,446322189.0,9,36,3,2020,0
3357,California,2020-09-13,555189447.0,590828387.0,563610657.0,446287373.0,9,37,3,2020,0
5206,California,2020-09-20,546802449.0,555189447.0,571725103.0,454404243.0,9,38,3,2020,0
7055,California,2020-09-27,536372040.0,546802449.0,572375905.0,488089630.0,9,39,3,2020,0
433,California,2020-10-04,554931497.0,536372040.0,590385374.0,504525418.0,10,40,4,2020,0
949,California,2020-10-11,543419228.0,554931497.0,586280792.0,594467897.0,10,41,4,2020,0
4647,California,2020-10-18,535362222.0,543419228.0,577902644.0,514100499.0,10,42,4,2020,0
6496,California,2020-10-25,529163244.0,535362222.0,590828387.0,465090389.0,10,43,4,2020,0
261,California,2020-11-01,517917263.0,529163244.0,555189447.0,489779220.0,11,44,4,2020,0
777,California,2020-11-08,513811149.0,517917263.0,546802449.0,484255477.0,11,45,4,2020,0
3916,California,2020-11-15,497866038.0,513811149.0,536372040.0,499937572.0,11,46,4,2020,0
5765,California,2020-11-22,521507022.0,497866038.0,554931497.0,511961313.0,11,47,4,2020,0
7614,California,2020-11-29,471884849.0,521507022.0,543419228.0,523453599.0,11,48,4,2020,0
648,California,2020-12-06,479476192.0,471884849.0,535362222.0,532766128.0,12,49,4,2020,0
3486,California,2020-12-13,487555072.0,479476192.0,529163244.0,506672448.0,12,50,4,2020,0
5335,California,2020-12-20,505770196.0,487555072.0,517917263.0,528426454.0,12,51,4,2020,0
7184,California,2020-12-27,474551686.0,505770196.0,513811149.0,525499509.0,12,52,4,2020,0
1207,California,2021-01-03,479823371.0,474551686.0,497866038.0,556528877.0,1,53,1,2021,0
1723,California,2021-01-10,478632113.0,479823371.0,521507022.0,572134465.0,1,1,1,2021,0
4260,California,2021-01-17,488099008.0,478632113.0,471884849.0,539820647.0,1,2,1,2021,0
6109,California,2021-01-24,475172743.0,488099008.0,479476192.0,550818407.0,1,3,1,2021,0
7915,California,2021-01-31,476419790.0,475172743.0,487555072.0,585581852.0,1,4,1,2021,0
1508,California,2021-02-07,494320647.0,476419790.0,505770196.0,572401489.0,2,5,1,2021,0
3529,California,2021-02-14,485051221.0,494320647.0,474551686.0,566344439.0,2,6,1,2021,0
5378,California,2021-02-21,482836202.0,485051221.0,479823371.0,563610657.0,2,7,1,2021,0
7227,California,2021-02-28,514375629.0,482836202.0,478632113.0,571725103.0,2,8,1,2021,0
1551,California,2021-03-07,538794933.0,514375629.0,488099008.0,572375905.0,3,9,1,2021,0
3572,California,2021-03-14,612121418.0,538794933.0,475172743.0,590385374.0,3,10,1,2021,0
5421,California,2021-03-21,535505288.0,612121418.0,476419790.0,586280792.0,3,11,1,2021,0
7270,California,2021-03-28,488584342.0,535505288.0,494320647.0,577902644.0,3,12,1,2021,0
1293,California,2021-04-04,536621575.0,488584342.0,485051221.0,590828387.0,4,13,2,2021,0
1809,California,2021-04-11,508801549.0,536621575.0,482836202.0,555189447.0,4,14,2,2021,0
4518,California,2021-04-18,515453323.0,508801549.0,514375629.0,546802449.0,4,15,2,2021,0
6367,California,2021-04-25,532877586.0,515453323.0,538794933.0,536372040.0,4,16,2,2021,0
1164,California,2021-05-02,552679135.0,532877586.0,612121418.0,554931497.0,5,17,2,2021,0
1680,California,2021-05-09,576813823.0,552679135.0,535505288.0,543419228.0,5,18,2,2021,0
4131,California,2021-05-16,551703983.0,576813823.0,488584342.0,535362222.0,5,19,2,2021,0
5980,California,2021-05-23,564105034.0,551703983.0,536621575.0,529163244.0,5,20,2,2021,0
7786,California,2021-05-30,580968751.0,564105034.0,508801549.0,517917263.0,5,21,2,2021,0
1465,California,2021-06-06,578471229.0,580968751.0,515453323.0,513811149.0,6,22,2,2021,0
3314,California,2021-06-13,589885974.0,578471229.0,532877586.0,497866038.0,6,23,2,2021,0
5163,California,2021-06-20,602011587.0,589885974.0,552679135.0,521507022.0,6,24,2,2021,0
7012,California,2021-06-27,585311316.0,602011587.0,576813823.0,471884849.0,6,25,2,2021,0
1336,California,2021-07-04,622923228.0,585311316.0,551703983.0,479476192.0,7,26,3,2021,0
1852,California,2021-07-11,612497091.0,622923228.0,564105034.0,487555072.0,7,27,3,2021,0
4561,California,2021-07-18,608751471.0,612497091.0,580968751.0,505770196.0,7,28,3,2021,0
6410,California,2021-07-25,598589158.0,608751471.0,578471229.0,474551686.0,7,29,3,2021,0
1121,California,2021-08-01,602999392.0,598589158.0,589885974.0,479823371.0,8,30,3,2021,0
1637,California,2021-08-08,611364709.0,602999392.0,602011587.0,478632113.0,8,31,3,2021,0
3873,California,2021-08-15,638156864.0,611364709.0,585311316.0,488099008.0,8,32,3,2021,0
5722,California,2021-08-22,617148868.0,638156864.0,622923228.0,475172743.0,8,33,3,2021,0
7571,California,2021-08-29,595262791.0,617148868.0,612497091.0,476419790.0,8,34,3,2021,0
1379,California,2021-09-05,625640392.0,595262791.0,608751471.0,494320647.0,9,35,3,2021,0
1895,California,2021-09-12,602636475.0,625640392.0,598589158.0,485051221.0,9,36,3,2021,0
4991,California,2021-09-19,586302816.0,602636475.0,602999392.0,482836202.0,9,37,3,2021,0
6840,California,2021-09-26,580649015.0,586302816.0,611364709.0,514375629.0,9,38,3,2021,0
1250,California,2021-10-03,847187815.0,580649015.0,638156864.0,538794933.0,10,39,4,2021,0
1766,California,2021-10-10,815989724.0,847187815.0,617148868.0,612121418.0,10,40,4,2021,0
4432,California,2021-10-17,818621940.0,815989724.0,595262791.0,535505288.0,10,41,4,2021,0
6281,California,2021-10-24,782324756.0,818621940.0,625640392.0,488584342.0,10,42,4,2021,0
8044,California,2021-10-31,801781952.0,782324756.0,602636475.0,536621575.0,10,43,4,2021,0
1594,California,2021-11-07,783320346.0,801781952.0,586302816.0,508801549.0,11,44,4,2021,0
3701,California,2021-11-14,792175855.0,783320346.0,580649015.0,515453323.0,11,45,4,2021,0
5550,California,2021-11-21,804762762.0,792175855.0,847187815.0,532877586.0,11,46,4,2021,0
7399,California,2021-11-28,738558960.0,804762762.0,815989724.0,552679135.0,11,47,4,2021,0
1422,California,2021-12-05,748674115.0,738558960.0,818621940.0,576813823.0,12,48,4,2021,0
1938,California,2021-12-12,755743320.0,748674115.0,782324756.0,551703983.0,12,49,4,2021,0
5034,California,2021-12-19,774968962.0,755743320.0,801781952.0,564105034.0,12,50,4,2021,0
6883,California,2021-12-26,749275823.0,774968962.0,783320346.0,580968751.0,12,51,4,2021,0
2024,California,2022-01-02,729386633.0,749275823.0,792175855.0,578471229.0,1,52,1,2022,0
2540,California,2022-01-09,736430207.0,729386633.0,804762762.0,589885974.0,1,1,1,2022,0
4002,California,2022-01-16,755673421.0,736430207.0,738558960.0,602011587.0,1,2,1,2022,0
5851,California,2022-01-23,750604360.0,755673421.0,748674115.0,585311316.0,1,3,1,2022,0
7700,California,2022-01-30,732224035.0,750604360.0,755743320.0,622923228.0,1,4,1,2022,0
2325,California,2022-02-06,745632437.0,732224035.0,774968962.0,612497091.0,2,5,1,2022,0
3228,California,2022-02-13,762696333.0,745632437.0,749275823.0,608751471.0,2,6,1,2022,0
5077,California,2022-02-20,739917838.0,762696333.0,729386633.0,598589158.0,2,7,1,2022,0
6926,California,2022-02-27,757884374.0,739917838.0,736430207.0,602999392.0,2,8,1,2022,0
2368,California,2022-03-06,775923009.0,757884374.0,755673421.0,611364709.0,3,9,1,2022,0
3271,California,2022-03-13,779023246.0,775923009.0,750604360.0,638156864.0,3,10,1,2022,0
5120,California,2022-03-20,773456533.0,779023246.0,732224035.0,617148868.0,3,11,1,2022,0
6969,California,2022-03-27,798854528.0,773456533.0,745632437.0,595262791.0,3,12,1,2022,0
2110,California,2022-04-03,819513915.0,798854528.0,762696333.0,625640392.0,4,13,2,2022,0
2626,California,2022-04-10,831441980.0,819513915.0,739917838.0,602636475.0,4,14,2,2022,0
4303,California,2022-04-17,822280165.0,831441980.0,757884374.0,586302816.0,4,15,2,2022,0
6152,California,2022-04-24,798871465.0,822280165.0,775923009.0,580649015.0,4,16,2,2022,0
1981,California,2022-05-01,822427062.0,798871465.0,779023246.0,847187815.0,5,17,2,2022,0
2497,California,2022-05-08,837782910.0,822427062.0,773456533.0,815989724.0,5,18,2,2022,0
3830,California,2022-05-15,812869874.0,837782910.0,798854528.0,818621940.0,5,19,2,2022,0
5679,California,2022-05-22,823723310.0,812869874.0,819513915.0,782324756.0,5,20,2,2022,0
7528,California,2022-05-29,854870957.0,823723310.0,831441980.0,801781952.0,5,21,2,2022,0
2282,California,2022-06-05,867362897.0,854870957.0,822280165.0,783320346.0,6,22,2,2022,0
2798,California,2022-06-12,894410020.0,867362897.0,798871465.0,792175855.0,6,23,2,2022,0
4905,California,2022-06-19,886160929.0,894410020.0,822427062.0,804762762.0,6,24,2,2022,0
6754,California,2022-06-26,888243245.0,886160929.0,837782910.0,738558960.0,6,25,2,2022,0
2153,California,2022-07-03,935576185.0,888243245.0,812869874.0,748674115.0,7,26,3,2022,0
2669,California,2022-07-10,892737988.0,935576185.0,823723310.0,755743320.0,7,27,3,2022,0
4389,California,2022-07-17,896695790.0,892737988.0,854870957.0,774968962.0,7,28,3,2022,0
6238,California,2022-07-24,921542954.0,896695790.0,867362897.0,749275823.0,7,29,3,2022,0
8001,California,2022-07-31,903223651.0,921542954.0,894410020.0,729386633.0,7,30,3,2022,0
2454,California,2022-08-07,925362008.0,903223651.0,886160929.0,736430207.0,8,31,3,2022,0
3658,California,2022-08-14,938316356.0,925362008.0,888243245.0,755673421.0,8,32,3,2022,0
5507,California,2022-08-21,900851967.0,938316356.0,935576185.0,750604360.0,8,33,3,2022,0
7356,California,2022-08-28,909390979.0,900851967.0,892737988.0,732224035.0,8,34,3,2022,0
2196,California,2022-09-04,953230705.0,909390979.0,896695790.0,745632437.0,9,35,3,2022,0
2712,California,2022-09-11,941975597.0,953230705.0,921542954.0,762696333.0,9,36,3,2022,0
4604,California,2022-09-18,867638860.0,941975597.0,903223651.0,739917838.0,9,37,3,2022,0
6453,California,2022-09-25,855686656.0,867638860.0,925362008.0,757884374.0,9,38,3,2022,0
2067,California,2022-10-02,856445643.0,855686656.0,938316356.0,775923009.0,10,39,4,2022,0
2583,California,2022-10-09,866381839.0,856445643.0,900851967.0,779023246.0,10,40,4,2022,0
4217,California,2022-10-16,826542797.0,866381839.0,909390979.0,773456533.0,10,41,4,2022,0
6066,California,2022-10-23,836400784.0,826542797.0,953230705.0,798854528.0,10,42,4,2022,0
7872,California,2022-10-30,821263499.0,836400784.0,941975597.0,819513915.0,10,43,4,2022,0
2411,California,2022-11-06,813144569.0,821263499.0,867638860.0,831441980.0,11,44,4,2022,0
3443,California,2022-11-13,811480817.0,813144569.0,855686656.0,822280165.0,11,45,4,2022,0
5292,California,2022-11-20,832806518.0,811480817.0,856445643.0,798871465.0,11,46,4,2022,0
7141,California,2022-11-27,792984860.0,832806518.0,866381839.0,822427062.0,11,47,4,2022,0
2239,California,2022-12-04,764715118.0,792984860.0,826542797.0,837782910.0,12,48,4,2022,0
2755,California,2022-12-11,779963946.0,764715118.0,836400784.0,812869874.0,12,49,4,2022,0
4690,California,2022-12-18,802540094.0,779963946.0,821263499.0,823723310.0,12,50,4,2022,0
6539,California,2022-12-25,815368628.0,802540094.0,813144569.0,854870957.0,12,51,4,2022,0
2841,California,2023-01-01,756579579.0,815368628.0,811480817.0,867362897.0,1,52,1,2023,0
3056,California,2023-01-08,756624460.0,756579579.0,832806518.0,894410020.0,1,1,1,2023,0
3744,California,2023-01-15,766999017.0,756624460.0,792984860.0,886160929.0,1,2,1,2023,0
5593,California,2023-01-22,764986979.0,766999017.0,764715118.0,888243245.0,1,3,1,2023,0
7442,California,2023-01-29,778317435.0,764986979.0,779963946.0,935576185.0,1,4,1,2023,0
2927,California,2023-02-05,787384368.0,778317435.0,802540094.0,892737988.0,2,5,1,2023,0
3142,California,2023-02-12,845801292.0,787384368.0,815368628.0,896695790.0,2,6,1,2023,0
4776,California,2023-02-19,786199419.0,845801292.0,756579579.0,921542954.0,2,7,1,2023,0
6625,California,2023-02-26,786344636.0,786199419.0,756624460.0,903223651.0,2,8,1,2023,0
2970,California,2023-03-05,839560396.0,786344636.0,766999017.0,925362008.0,3,9,1,2023,0
3185,California,2023-03-12,921784604.0,839560396.0,764986979.0,938316356.0,3,10,1,2023,0
4819,California,2023-03-19,841308841.0,921784604.0,778317435.0,900851967.0,3,11,1,2023,0
6668,California,2023-03-26,789656125.0,841308841.0,787384368.0,909390979.0,3,12,1,2023,0
2884,California,2023-04-02,813344182.0,789656125.0,845801292.0,953230705.0,4,13,2,2023,0
3099,California,2023-04-09,860323110.0,813344182.0,786199419.0,941975597.0,4,14,2,2023,0
4088,California,2023-04-16,835223086.0,860323110.0,786344636.0,867638860.0,4,15,2,2023,0
5937,California,2023-04-23,850571754.0,835223086.0,839560396.0,855686656.0,4,16,2,2023,0
7743,California,2023-04-30,874642691.0,850571754.0,921784604.0,856445643.0,4,17,2,2023,0
3013,California,2023-05-07,883254116.0,874642691.0,841308841.0,866381839.0,5,18,2,2023,0
90,Colorado,2019-10-06,100423016.0,883254116.0,789656125.0,826542797.0,10,40,4,2019,0
3401,Colorado,2019-10-13,96208959.0,100423016.0,813344182.0,836400784.0,10,41,4,2019,0
5250,Colorado,2019-10-20,96070971.0,96208959.0,860323110.0,821263499.0,10,42,4,2019,0
7099,Colorado,2019-10-27,97471702.0,96070971.0,835223086.0,813144569.0,10,43,4,2019,0
47,Colorado,2019-11-03,92194329.0,97471702.0,850571754.0,811480817.0,11,44,4,2019,0
176,Colorado,2019-11-10,95171405.0,92194329.0,874642691.0,832806518.0,11,45,4,2019,0
4476,Colorado,2019-11-17,94977961.0,95171405.0,883254116.0,792984860.0,11,46,4,2019,0
6325,Colorado,2019-11-24,95674566.0,94977961.0,100423016.0,764715118.0,11,47,4,2019,0
4,Colorado,2019-12-01,89816716.0,95674566.0,96208959.0,779963946.0,12,48,4,2019,0
133,Colorado,2019-12-08,92967545.0,89816716.0,96070971.0,802540094.0,12,49,4,2019,0
3960,Colorado,2019-12-15,97765963.0,92967545.0,97471702.0,815368628.0,12,50,4,2019,0
5809,Colorado,2019-12-22,102108204.0,97765963.0,92194329.0,756579579.0,12,51,4,2019,0
7658,Colorado,2019-12-29,91828009.0,102108204.0,95171405.0,756624460.0,12,52,4,2019,0
477,Colorado,2020-01-05,93858490.0,91828009.0,94977961.0,766999017.0,1,1,1,2020,0
993,Colorado,2020-01-12,94406018.0,93858490.0,95674566.0,764986979.0,1,2,1,2020,0
4734,Colorado,2020-01-19,93556021.0,94406018.0,89816716.0,778317435.0,1,3,1,2020,0
6583,Colorado,2020-01-26,91933087.0,93556021.0,92967545.0,787384368.0,1,4,1,2020,0
305,Colorado,2020-02-02,96637422.0,91933087.0,97765963.0,845801292.0,2,5,1,2020,0
821,Colorado,2020-02-09,91717705.0,96637422.0,102108204.0,786199419.0,2,6,1,2020,0
4046,Colorado,2020-02-16,93183877.0,91717705.0,91828009.0,786344636.0,2,7,1,2020,0
5895,Colorado,2020-02-23,92341806.0,93183877.0,93858490.0,839560396.0,2,8,1,2020,0
219,Colorado,2020-03-01,98316102.0,92341806.0,94406018.0,921784604.0,3,9,1,2020,0
735,Colorado,2020-03-08,103348721.0,98316102.0,93556021.0,841308841.0,3,10,1,2020,0
3788,Colorado,2020-03-15,117149278.0,103348721.0,91933087.0,789656125.0,3,11,1,2020,0
5637,Colorado,2020-03-22,104354543.0,117149278.0,96637422.0,813344182.0,3,12,1,2020,0
7486,Colorado,2020-03-29,94075698.0,104354543.0,91717705.0,860323110.0,3,13,1,2020,0
520,Colorado,2020-04-05,96546501.0,94075698.0,93183877.0,835223086.0,4,14,2,2020,0
1036,Colorado,2020-04-12,100414296.0,96546501.0,92341806.0,850571754.0,4,15,2,2020,0
4863,Colorado,2020-04-19,99657930.0,100414296.0,98316102.0,874642691.0,4,16,2,2020,0
6712,Colorado,2020-04-26,100031056.0,99657930.0,103348721.0,883254116.0,4,17,2,2020,0
391,Colorado,2020-05-03,105416647.0,100031056.0,117149278.0,100423016.0,5,18,2,2020,0
907,Colorado,2020-05-10,105115083.0,105416647.0,104354543.0,96208959.0,5,19,2,2020,0
4347,Colorado,2020-05-17,106926596.0,105115083.0,94075698.0,96070971.0,5,20,2,2020,0
6196,Colorado,2020-05-24,110779344.0,106926596.0,96546501.0,97471702.0,5,21,2,2020,0
7959,Colorado,2020-05-31,106394738.0,110779344.0,100414296.0,92194329.0,5,22,2,2020,0
692,Colorado,2020-06-07,115018399.0,106394738.0,99657930.0,95171405.0,6,23,2,2020,0
3616,Colorado,2020-06-14,114522305.0,115018399.0,100031056.0,94977961.0,6,24,2,2020,0
5465,Colorado,2020-06-21,111039373.0,114522305.0,105416647.0,95674566.0,6,25,2,2020,0
7314,Colorado,2020-06-28,116567565.0,111039373.0,105115083.0,89816716.0,6,26,2,2020,0
563,Colorado,2020-07-05,124000018.0,116567565.0,106926596.0,92967545.0,7,27,3,2020,0
1079,Colorado,2020-07-12,119333472.0,124000018.0,110779344.0,97765963.0,7,28,3,2020,0
4949,Colorado,2020-07-19,119223162.0,119333472.0,106394738.0,102108204.0,7,29,3,2020,0
6798,Colorado,2020-07-26,115636420.0,119223162.0,115018399.0,91828009.0,7,30,3,2020,0
348,Colorado,2020-08-02,116777704.0,115636420.0,114522305.0,93858490.0,8,31,3,2020,0
864,Colorado,2020-08-09,119457331.0,116777704.0,111039373.0,94406018.0,8,32,3,2020,0
4175,Colorado,2020-08-16,118885840.0,119457331.0,116567565.0,93556021.0,8,33,3,2020,0
6024,Colorado,2020-08-23,116517361.0,118885840.0,124000018.0,91933087.0,8,34,3,2020,0
7830,Colorado,2020-08-30,114589946.0,116517361.0,119333472.0,96637422.0,8,35,3,2020,0
606,Colorado,2020-09-06,115955629.0,114589946.0,119223162.0,91717705.0,9,36,3,2020,0
3358,Colorado,2020-09-13,107410888.0,115955629.0,115636420.0,93183877.0,9,37,3,2020,0
5207,Colorado,2020-09-20,109526977.0,107410888.0,116777704.0,92341806.0,9,38,3,2020,0
7056,Colorado,2020-09-27,107762178.0,109526977.0,119457331.0,98316102.0,9,39,3,2020,0
434,Colorado,2020-10-04,106364272.0,107762178.0,118885840.0,103348721.0,10,40,4,2020,0
950,Colorado,2020-10-11,107613660.0,106364272.0,116517361.0,117149278.0,10,41,4,2020,0
4648,Colorado,2020-10-18,103854518.0,107613660.0,114589946.0,104354543.0,10,42,4,2020,0
6497,Colorado,2020-10-25,101886131.0,103854518.0,115955629.0,94075698.0,10,43,4,2020,0
262,Colorado,2020-11-01,97188916.0,101886131.0,107410888.0,96546501.0,11,44,4,2020,0
778,Colorado,2020-11-08,104033043.0,97188916.0,109526977.0,100414296.0,11,45,4,2020,0
3917,Colorado,2020-11-15,100429080.0,104033043.0,107762178.0,99657930.0,11,46,4,2020,0
5766,Colorado,2020-11-22,104943497.0,100429080.0,106364272.0,100031056.0,11,47,4,2020,0
7615,Colorado,2020-11-29,94796796.0,104943497.0,107613660.0,105416647.0,11,48,4,2020,0
649,Colorado,2020-12-06,97886273.0,94796796.0,103854518.0,105115083.0,12,49,4,2020,0
3487,Colorado,2020-12-13,102075751.0,97886273.0,101886131.0,106926596.0,12,50,4,2020,0
5336,Colorado,2020-12-20,104443758.0,102075751.0,97188916.0,110779344.0,12,51,4,2020,0
7185,Colorado,2020-12-27,99610494.0,104443758.0,104033043.0,106394738.0,12,52,4,2020,0
1208,Colorado,2021-01-03,99516019.0,99610494.0,100429080.0,115018399.0,1,53,1,2021,0
1724,Colorado,2021-01-10,99984581.0,99516019.0,104943497.0,114522305.0,1,1,1,2021,0
4261,Colorado,2021-01-17,100352533.0,99984581.0,94796796.0,111039373.0,1,2,1,2021,0
6110,Colorado,2021-01-24,98388621.0,100352533.0,97886273.0,116567565.0,1,3,1,2021,0
7916,Colorado,2021-01-31,99306860.0,98388621.0,102075751.0,124000018.0,1,4,1,2021,0
1509,Colorado,2021-02-07,101010049.0,99306860.0,104443758.0,119333472.0,2,5,1,2021,0
3530,Colorado,2021-02-14,98307861.0,101010049.0,99610494.0,119223162.0,2,6,1,2021,0
5379,Colorado,2021-02-21,97443599.0,98307861.0,99516019.0,115636420.0,2,7,1,2021,0
7228,Colorado,2021-02-28,101868950.0,97443599.0,99984581.0,116777704.0,2,8,1,2021,0
1552,Colorado,2021-03-07,110131176.0,101868950.0,100352533.0,119457331.0,3,9,1,2021,0
3573,Colorado,2021-03-14,128981248.0,110131176.0,98388621.0,118885840.0,3,10,1,2021,0
5422,Colorado,2021-03-21,105019247.0,128981248.0,99306860.0,116517361.0,3,11,1,2021,0
7271,Colorado,2021-03-28,99085283.0,105019247.0,101010049.0,114589946.0,3,12,1,2021,0
1294,Colorado,2021-04-04,104844289.0,99085283.0,98307861.0,115955629.0,4,13,2,2021,0
1810,Colorado,2021-04-11,107102293.0,104844289.0,97443599.0,107410888.0,4,14,2,2021,0
4519,Colorado,2021-04-18,99335213.0,107102293.0,101868950.0,109526977.0,4,15,2,2021,0
6368,Colorado,2021-04-25,104244477.0,99335213.0,110131176.0,107762178.0,4,16,2,2021,0
1165,Colorado,2021-05-02,113113760.0,104244477.0,128981248.0,106364272.0,5,17,2,2021,0
1681,Colorado,2021-05-09,112816691.0,113113760.0,105019247.0,107613660.0,5,18,2,2021,0
4132,Colorado,2021-05-16,109714051.0,112816691.0,99085283.0,103854518.0,5,19,2,2021,0
5981,Colorado,2021-05-23,117625053.0,109714051.0,104844289.0,101886131.0,5,20,2,2021,0
7787,Colorado,2021-05-30,116957171.0,117625053.0,107102293.0,97188916.0,5,21,2,2021,0
1466,Colorado,2021-06-06,121425334.0,116957171.0,99335213.0,104033043.0,6,22,2,2021,0
3315,Colorado,2021-06-13,125933476.0,121425334.0,104244477.0,100429080.0,6,23,2,2021,0
5164,Colorado,2021-06-20,127783969.0,125933476.0,113113760.0,104943497.0,6,24,2,2021,0
7013,Colorado,2021-06-27,120337964.0,127783969.0,112816691.0,94796796.0,6,25,2,2021,0
1337,Colorado,2021-07-04,129578194.0,120337964.0,109714051.0,97886273.0,7,26,3,2021,0
1853,Colorado,2021-07-11,127485651.0,129578194.0,117625053.0,102075751.0,7,27,3,2021,0
4562,Colorado,2021-07-18,124870676.0,127485651.0,116957171.0,104443758.0,7,28,3,2021,0
6411,Colorado,2021-07-25,124809030.0,124870676.0,121425334.0,99610494.0,7,29,3,2021,0
1122,Colorado,2021-08-01,123397870.0,124809030.0,125933476.0,99516019.0,8,30,3,2021,0
1638,Colorado,2021-08-08,126279291.0,123397870.0,127783969.0,99984581.0,8,31,3,2021,0
3874,Colorado,2021-08-15,127856917.0,126279291.0,120337964.0,100352533.0,8,32,3,2021,0
5723,Colorado,2021-08-22,124153756.0,127856917.0,129578194.0,98388621.0,8,33,3,2021,0
7572,Colorado,2021-08-29,120426229.0,124153756.0,127485651.0,99306860.0,8,34,3,2021,0
1380,Colorado,2021-09-05,125204216.0,120426229.0,124870676.0,101010049.0,9,35,3,2021,0
1896,Colorado,2021-09-12,117995179.0,125204216.0,124809030.0,98307861.0,9,36,3,2021,0
4992,Colorado,2021-09-19,118347312.0,117995179.0,123397870.0,97443599.0,9,37,3,2021,0
6841,Colorado,2021-09-26,116470675.0,118347312.0,126279291.0,101868950.0,9,38,3,2021,0
1251,Colorado,2021-10-03,164057354.0,116470675.0,127856917.0,110131176.0,10,39,4,2021,0
1767,Colorado,2021-10-10,163295548.0,164057354.0,124153756.0,128981248.0,10,40,4,2021,0
4433,Colorado,2021-10-17,158171905.0,163295548.0,120426229.0,105019247.0,10,41,4,2021,0
6282,Colorado,2021-10-24,157175507.0,158171905.0,125204216.0,99085283.0,10,42,4,2021,0
8045,Colorado,2021-10-31,155305036.0,157175507.0,117995179.0,104844289.0,10,43,4,2021,0
1595,Colorado,2021-11-07,156696702.0,155305036.0,118347312.0,107102293.0,11,44,4,2021,0
3702,Colorado,2021-11-14,156901319.0,156696702.0,116470675.0,99335213.0,11,45,4,2021,0
5551,Colorado,2021-11-21,160371575.0,156901319.0,164057354.0,104244477.0,11,46,4,2021,0
7400,Colorado,2021-11-28,147374438.0,160371575.0,163295548.0,113113760.0,11,47,4,2021,0
1423,Colorado,2021-12-05,151955870.0,147374438.0,158171905.0,112816691.0,12,48,4,2021,0
1939,Colorado,2021-12-12,158281659.0,151955870.0,157175507.0,109714051.0,12,49,4,2021,0
5035,Colorado,2021-12-19,163200759.0,158281659.0,155305036.0,117625053.0,12,50,4,2021,0
6884,Colorado,2021-12-26,156967757.0,163200759.0,156696702.0,116957171.0,12,51,4,2021,0
2025,Colorado,2022-01-02,151947526.0,156967757.0,156901319.0,121425334.0,1,52,1,2022,0
2541,Colorado,2022-01-09,153105243.0,151947526.0,160371575.0,125933476.0,1,1,1,2022,0
4003,Colorado,2022-01-16,156254016.0,153105243.0,147374438.0,127783969.0,1,2,1,2022,0
5852,Colorado,2022-01-23,150034320.0,156254016.0,151955870.0,120337964.0,1,3,1,2022,0
7701,Colorado,2022-01-30,152646637.0,150034320.0,158281659.0,129578194.0,1,4,1,2022,0
2326,Colorado,2022-02-06,153916049.0,152646637.0,163200759.0,127485651.0,2,5,1,2022,0
3229,Colorado,2022-02-13,155012983.0,153916049.0,156967757.0,124870676.0,2,6,1,2022,0
5078,Colorado,2022-02-20,151291673.0,155012983.0,151947526.0,124809030.0,2,7,1,2022,0
6927,Colorado,2022-02-27,155238168.0,151291673.0,153105243.0,123397870.0,2,8,1,2022,0
2369,Colorado,2022-03-06,162120987.0,155238168.0,156254016.0,126279291.0,3,9,1,2022,0
3272,Colorado,2022-03-13,165585877.0,162120987.0,150034320.0,127856917.0,3,10,1,2022,0
5121,Colorado,2022-03-20,154499195.0,165585877.0,152646637.0,124153756.0,3,11,1,2022,0
6970,Colorado,2022-03-27,156865111.0,154499195.0,153916049.0,120426229.0,3,12,1,2022,0
2111,Colorado,2022-04-03,166188104.0,156865111.0,155012983.0,125204216.0,4,13,2,2022,0
2627,Colorado,2022-04-10,164003270.0,166188104.0,151291673.0,117995179.0,4,14,2,2022,0
4304,Colorado,2022-04-17,166284416.0,164003270.0,155238168.0,118347312.0,4,15,2,2022,0
6153,Colorado,2022-04-24,160943182.0,166284416.0,162120987.0,116470675.0,4,16,2,2022,0
1982,Colorado,2022-05-01,166665063.0,160943182.0,165585877.0,164057354.0,5,17,2,2022,0
2498,Colorado,2022-05-08,168274038.0,166665063.0,154499195.0,163295548.0,5,18,2,2022,0
3831,Colorado,2022-05-15,172753762.0,168274038.0,156865111.0,158171905.0,5,19,2,2022,0
5680,Colorado,2022-05-22,170755925.0,172753762.0,166188104.0,157175507.0,5,20,2,2022,0
7529,Colorado,2022-05-29,175164905.0,170755925.0,164003270.0,155305036.0,5,21,2,2022,0
2283,Colorado,2022-06-05,176922383.0,175164905.0,166284416.0,156696702.0,6,22,2,2022,0
2799,Colorado,2022-06-12,189261835.0,176922383.0,160943182.0,156901319.0,6,23,2,2022,0
4906,Colorado,2022-06-19,188954673.0,189261835.0,166665063.0,160371575.0,6,24,2,2022,0
6755,Colorado,2022-06-26,183110601.0,188954673.0,168274038.0,147374438.0,6,25,2,2022,0
2154,Colorado,2022-07-03,192748764.0,183110601.0,172753762.0,151955870.0,7,26,3,2022,0
2670,Colorado,2022-07-10,188835247.0,192748764.0,170755925.0,158281659.0,7,27,3,2022,0
4390,Colorado,2022-07-17,191510122.0,188835247.0,175164905.0,163200759.0,7,28,3,2022,0
6239,Colorado,2022-07-24,190447519.0,191510122.0,176922383.0,156967757.0,7,29,3,2022,0
8002,Colorado,2022-07-31,187086252.0,190447519.0,189261835.0,151947526.0,7,30,3,2022,0
2455,Colorado,2022-08-07,191155092.0,187086252.0,188954673.0,153105243.0,8,31,3,2022,0
3659,Colorado,2022-08-14,194019813.0,191155092.0,183110601.0,156254016.0,8,32,3,2022,0
5508,Colorado,2022-08-21,185820296.0,194019813.0,192748764.0,150034320.0,8,33,3,2022,0
7357,Colorado,2022-08-28,184995507.0,185820296.0,188835247.0,152646637.0,8,34,3,2022,0
2197,Colorado,2022-09-04,190922801.0,184995507.0,191510122.0,153916049.0,9,35,3,2022,0
2713,Colorado,2022-09-11,183501225.0,190922801.0,190447519.0,155012983.0,9,36,3,2022,0
4605,Colorado,2022-09-18,178738199.0,183501225.0,187086252.0,151291673.0,9,37,3,2022,0
6454,Colorado,2022-09-25,173668948.0,178738199.0,191155092.0,155238168.0,9,38,3,2022,0
2068,Colorado,2022-10-02,171144803.0,173668948.0,194019813.0,162120987.0,10,39,4,2022,0
2584,Colorado,2022-10-09,171131407.0,171144803.0,185820296.0,165585877.0,10,40,4,2022,0
4218,Colorado,2022-10-16,168565630.0,171131407.0,184995507.0,154499195.0,10,41,4,2022,0
6067,Colorado,2022-10-23,165083338.0,168565630.0,190922801.0,156865111.0,10,42,4,2022,0
7873,Colorado,2022-10-30,159706082.0,165083338.0,183501225.0,166188104.0,10,43,4,2022,0
2412,Colorado,2022-11-06,163509210.0,159706082.0,178738199.0,164003270.0,11,44,4,2022,0
3444,Colorado,2022-11-13,165084506.0,163509210.0,173668948.0,166284416.0,11,45,4,2022,0
5293,Colorado,2022-11-20,166380492.0,165084506.0,171144803.0,160943182.0,11,46,4,2022,0
7142,Colorado,2022-11-27,159140609.0,166380492.0,171131407.0,166665063.0,11,47,4,2022,0
2240,Colorado,2022-12-04,158470699.0,159140609.0,168565630.0,168274038.0,12,48,4,2022,0
2756,Colorado,2022-12-11,166933507.0,158470699.0,165083338.0,172753762.0,12,49,4,2022,0
4691,Colorado,2022-12-18,172438878.0,166933507.0,159706082.0,170755925.0,12,50,4,2022,0
6540,Colorado,2022-12-25,174350869.0,172438878.0,163509210.0,175164905.0,12,51,4,2022,0
2842,Colorado,2023-01-01,157223682.0,174350869.0,165084506.0,176922383.0,1,52,1,2023,0
3057,Colorado,2023-01-08,159222412.0,157223682.0,166380492.0,189261835.0,1,1,1,2023,0
3745,Colorado,2023-01-15,164136085.0,159222412.0,159140609.0,188954673.0,1,2,1,2023,0
5594,Colorado,2023-01-22,157271988.0,164136085.0,158470699.0,183110601.0,1,3,1,2023,0
7443,Colorado,2023-01-29,159977860.0,157271988.0,166933507.0,192748764.0,1,4,1,2023,0
2928,Colorado,2023-02-05,160037908.0,159977860.0,172438878.0,188835247.0,2,5,1,2023,0
3143,Colorado,2023-02-12,167733877.0,160037908.0,174350869.0,191510122.0,2,6,1,2023,0
4777,Colorado,2023-02-19,161916342.0,167733877.0,157223682.0,190447519.0,2,7,1,2023,0
6626,Colorado,2023-02-26,162974536.0,161916342.0,159222412.0,187086252.0,2,8,1,2023,0
2971,Colorado,2023-03-05,176596202.0,162974536.0,164136085.0,191155092.0,3,9,1,2023,0
3186,Colorado,2023-03-12,187274807.0,176596202.0,157271988.0,194019813.0,3,10,1,2023,0
4820,Colorado,2023-03-19,175970340.0,187274807.0,159977860.0,185820296.0,3,11,1,2023,0
6669,Colorado,2023-03-26,162208711.0,175970340.0,160037908.0,184995507.0,3,12,1,2023,0
2885,Colorado,2023-04-02,164277029.0,162208711.0,167733877.0,190922801.0,4,13,2,2023,0
3100,Colorado,2023-04-09,176090726.0,164277029.0,161916342.0,183501225.0,4,14,2,2023,0
4089,Colorado,2023-04-16,171275346.0,176090726.0,162974536.0,178738199.0,4,15,2,2023,0
5938,Colorado,2023-04-23,171663318.0,171275346.0,176596202.0,173668948.0,4,16,2,2023,0
7744,Colorado,2023-04-30,176581204.0,171663318.0,187274807.0,171144803.0,4,17,2,2023,0
3014,Colorado,2023-05-07,184271719.0,176581204.0,175970340.0,171131407.0,5,18,2,2023,0
91,Connecticut,2019-10-06,53879306.0,184271719.0,162208711.0,168565630.0,10,40,4,2019,0
3402,Connecticut,2019-10-13,50404578.0,53879306.0,164277029.0,165083338.0,10,41,4,2019,0
5251,Connecticut,2019-10-20,47666439.0,50404578.0,176090726.0,159706082.0,10,42,4,2019,0
7100,Connecticut,2019-10-27,48601957.0,47666439.0,171275346.0,163509210.0,10,43,4,2019,0
48,Connecticut,2019-11-03,48505473.0,48601957.0,171663318.0,165084506.0,11,44,4,2019,0
177,Connecticut,2019-11-10,51251705.0,48505473.0,176581204.0,166380492.0,11,45,4,2019,0
4477,Connecticut,2019-11-17,49800476.0,51251705.0,184271719.0,159140609.0,11,46,4,2019,0
6326,Connecticut,2019-11-24,51528058.0,49800476.0,53879306.0,158470699.0,11,47,4,2019,0
5,Connecticut,2019-12-01,49715400.0,51528058.0,50404578.0,166933507.0,12,48,4,2019,0
134,Connecticut,2019-12-08,50434583.0,49715400.0,47666439.0,172438878.0,12,49,4,2019,0
3961,Connecticut,2019-12-15,49935384.0,50434583.0,48601957.0,174350869.0,12,50,4,2019,0
5810,Connecticut,2019-12-22,52849555.0,49935384.0,48505473.0,157223682.0,12,51,4,2019,0
7659,Connecticut,2019-12-29,51807784.0,52849555.0,51251705.0,159222412.0,12,52,4,2019,0
478,Connecticut,2020-01-05,51480725.0,51807784.0,49800476.0,164136085.0,1,1,1,2020,0
994,Connecticut,2020-01-12,48415564.0,51480725.0,51528058.0,157271988.0,1,2,1,2020,0
4735,Connecticut,2020-01-19,49862781.0,48415564.0,49715400.0,159977860.0,1,3,1,2020,0
6584,Connecticut,2020-01-26,45722598.0,49862781.0,50434583.0,160037908.0,1,4,1,2020,0
306,Connecticut,2020-02-02,47694239.0,45722598.0,49935384.0,167733877.0,2,5,1,2020,0
822,Connecticut,2020-02-09,49722500.0,47694239.0,52849555.0,161916342.0,2,6,1,2020,0
4047,Connecticut,2020-02-16,45861184.0,49722500.0,51807784.0,162974536.0,2,7,1,2020,0
5896,Connecticut,2020-02-23,47425737.0,45861184.0,51480725.0,176596202.0,2,8,1,2020,0
220,Connecticut,2020-03-01,49149289.0,47425737.0,48415564.0,187274807.0,3,9,1,2020,0
736,Connecticut,2020-03-08,54082294.0,49149289.0,49862781.0,175970340.0,3,10,1,2020,0
3789,Connecticut,2020-03-15,59045572.0,54082294.0,45722598.0,162208711.0,3,11,1,2020,0
5638,Connecticut,2020-03-22,57791337.0,59045572.0,47694239.0,164277029.0,3,12,1,2020,0
7487,Connecticut,2020-03-29,49852833.0,57791337.0,49722500.0,176090726.0,3,13,1,2020,0
521,Connecticut,2020-04-05,53631292.0,49852833.0,45861184.0,171275346.0,4,14,2,2020,0
1037,Connecticut,2020-04-12,53431059.0,53631292.0,47425737.0,171663318.0,4,15,2,2020,0
4864,Connecticut,2020-04-19,50759623.0,53431059.0,49149289.0,176581204.0,4,16,2,2020,0
6713,Connecticut,2020-04-26,48865178.0,50759623.0,54082294.0,184271719.0,4,17,2,2020,0
392,Connecticut,2020-05-03,52974800.0,48865178.0,59045572.0,53879306.0,5,18,2,2020,0
908,Connecticut,2020-05-10,54553226.0,52974800.0,57791337.0,50404578.0,5,19,2,2020,0
4348,Connecticut,2020-05-17,53808718.0,54553226.0,49852833.0,47666439.0,5,20,2,2020,0
6197,Connecticut,2020-05-24,58935643.0,53808718.0,53631292.0,48601957.0,5,21,2,2020,0
7960,Connecticut,2020-05-31,56522796.0,58935643.0,53431059.0,48505473.0,5,22,2,2020,0
693,Connecticut,2020-06-07,59096839.0,56522796.0,50759623.0,51251705.0,6,23,2,2020,0
3617,Connecticut,2020-06-14,58424323.0,59096839.0,48865178.0,49800476.0,6,24,2,2020,0
5466,Connecticut,2020-06-21,57546803.0,58424323.0,52974800.0,51528058.0,6,25,2,2020,0
7315,Connecticut,2020-06-28,61324732.0,57546803.0,54553226.0,49715400.0,6,26,2,2020,0
564,Connecticut,2020-07-05,64622007.0,61324732.0,53808718.0,50434583.0,7,27,3,2020,0
1080,Connecticut,2020-07-12,58824664.0,64622007.0,58935643.0,49935384.0,7,28,3,2020,0
4950,Connecticut,2020-07-19,60398187.0,58824664.0,56522796.0,52849555.0,7,29,3,2020,0
6799,Connecticut,2020-07-26,58895237.0,60398187.0,59096839.0,51807784.0,7,30,3,2020,0
349,Connecticut,2020-08-02,61118341.0,58895237.0,58424323.0,51480725.0,8,31,3,2020,0
865,Connecticut,2020-08-09,61462743.0,61118341.0,57546803.0,48415564.0,8,32,3,2020,0
4176,Connecticut,2020-08-16,59759999.0,61462743.0,61324732.0,49862781.0,8,33,3,2020,0
6025,Connecticut,2020-08-23,56648744.0,59759999.0,64622007.0,45722598.0,8,34,3,2020,0
7831,Connecticut,2020-08-30,56701168.0,56648744.0,58824664.0,47694239.0,8,35,3,2020,0
607,Connecticut,2020-09-06,57635875.0,56701168.0,60398187.0,49722500.0,9,36,3,2020,0
3359,Connecticut,2020-09-13,53851190.0,57635875.0,58895237.0,45861184.0,9,37,3,2020,0
5208,Connecticut,2020-09-20,52199488.0,53851190.0,61118341.0,47425737.0,9,38,3,2020,0
7057,Connecticut,2020-09-27,52925030.0,52199488.0,61462743.0,49149289.0,9,39,3,2020,0
435,Connecticut,2020-10-04,55141356.0,52925030.0,59759999.0,54082294.0,10,40,4,2020,0
951,Connecticut,2020-10-11,52812896.0,55141356.0,56648744.0,59045572.0,10,41,4,2020,0
4649,Connecticut,2020-10-18,50287285.0,52812896.0,56701168.0,57791337.0,10,42,4,2020,0
6498,Connecticut,2020-10-25,51161593.0,50287285.0,57635875.0,49852833.0,10,43,4,2020,0
263,Connecticut,2020-11-01,49676493.0,51161593.0,53851190.0,53631292.0,11,44,4,2020,0
779,Connecticut,2020-11-08,53427773.0,49676493.0,52199488.0,53431059.0,11,45,4,2020,0
3918,Connecticut,2020-11-15,51093363.0,53427773.0,52925030.0,50759623.0,11,46,4,2020,0
5767,Connecticut,2020-11-22,53017864.0,51093363.0,55141356.0,48865178.0,11,47,4,2020,0
7616,Connecticut,2020-11-29,53722581.0,53017864.0,52812896.0,52974800.0,11,48,4,2020,0
650,Connecticut,2020-12-06,50343532.0,53722581.0,50287285.0,54553226.0,12,49,4,2020,0
3488,Connecticut,2020-12-13,51911248.0,50343532.0,51161593.0,53808718.0,12,50,4,2020,0
5337,Connecticut,2020-12-20,53144300.0,51911248.0,49676493.0,58935643.0,12,51,4,2020,0
7186,Connecticut,2020-12-27,54173404.0,53144300.0,53427773.0,56522796.0,12,52,4,2020,0
1209,Connecticut,2021-01-03,51177328.0,54173404.0,51093363.0,59096839.0,1,53,1,2021,0
1725,Connecticut,2021-01-10,50935534.0,51177328.0,53017864.0,58424323.0,1,1,1,2021,0
4262,Connecticut,2021-01-17,50424393.0,50935534.0,53722581.0,57546803.0,1,2,1,2021,0
6111,Connecticut,2021-01-24,48601548.0,50424393.0,50343532.0,61324732.0,1,3,1,2021,0
7917,Connecticut,2021-01-31,49340663.0,48601548.0,51911248.0,64622007.0,1,4,1,2021,0
1510,Connecticut,2021-02-07,53205535.0,49340663.0,53144300.0,58824664.0,2,5,1,2021,0
3531,Connecticut,2021-02-14,48445497.0,53205535.0,54173404.0,60398187.0,2,6,1,2021,0
5380,Connecticut,2021-02-21,48419982.0,48445497.0,51177328.0,58895237.0,2,7,1,2021,0
7229,Connecticut,2021-02-28,50433784.0,48419982.0,50935534.0,61118341.0,2,8,1,2021,0
1553,Connecticut,2021-03-07,55369443.0,50433784.0,50424393.0,61462743.0,3,9,1,2021,0
3574,Connecticut,2021-03-14,61969853.0,55369443.0,48601548.0,59759999.0,3,10,1,2021,0
5423,Connecticut,2021-03-21,59840728.0,61969853.0,49340663.0,56648744.0,3,11,1,2021,0
7272,Connecticut,2021-03-28,53057117.0,59840728.0,53205535.0,56701168.0,3,12,1,2021,0
1295,Connecticut,2021-04-04,55135293.0,53057117.0,48445497.0,57635875.0,4,13,2,2021,0
1811,Connecticut,2021-04-11,54576849.0,55135293.0,48419982.0,53851190.0,4,14,2,2021,0
4520,Connecticut,2021-04-18,53130379.0,54576849.0,50433784.0,52199488.0,4,15,2,2021,0
6369,Connecticut,2021-04-25,54592900.0,53130379.0,55369443.0,52925030.0,4,16,2,2021,0
1166,Connecticut,2021-05-02,56650299.0,54592900.0,61969853.0,55141356.0,5,17,2,2021,0
1682,Connecticut,2021-05-09,58135893.0,56650299.0,59840728.0,52812896.0,5,18,2,2021,0
4133,Connecticut,2021-05-16,57398523.0,58135893.0,53057117.0,50287285.0,5,19,2,2021,0
5982,Connecticut,2021-05-23,62710962.0,57398523.0,55135293.0,51161593.0,5,20,2,2021,0
7788,Connecticut,2021-05-30,61165551.0,62710962.0,54576849.0,49676493.0,5,21,2,2021,0
1467,Connecticut,2021-06-06,60103152.0,61165551.0,53130379.0,53427773.0,6,22,2,2021,0
3316,Connecticut,2021-06-13,64410424.0,60103152.0,54592900.0,51093363.0,6,23,2,2021,0
5165,Connecticut,2021-06-20,62381124.0,64410424.0,56650299.0,53017864.0,6,24,2,2021,0
7014,Connecticut,2021-06-27,62839851.0,62381124.0,58135893.0,53722581.0,6,25,2,2021,0
1338,Connecticut,2021-07-04,65723602.0,62839851.0,57398523.0,50343532.0,7,26,3,2021,0
1854,Connecticut,2021-07-11,60408636.0,65723602.0,62710962.0,51911248.0,7,27,3,2021,0
4563,Connecticut,2021-07-18,60635363.0,60408636.0,61165551.0,53144300.0,7,28,3,2021,0
6412,Connecticut,2021-07-25,62040831.0,60635363.0,60103152.0,54173404.0,7,29,3,2021,0
1123,Connecticut,2021-08-01,62411953.0,62040831.0,64410424.0,51177328.0,8,30,3,2021,0
1639,Connecticut,2021-08-08,64615188.0,62411953.0,62381124.0,50935534.0,8,31,3,2021,0
3875,Connecticut,2021-08-15,64943055.0,64615188.0,62839851.0,50424393.0,8,32,3,2021,0
5724,Connecticut,2021-08-22,63753984.0,64943055.0,65723602.0,48601548.0,8,33,3,2021,0
7573,Connecticut,2021-08-29,61636786.0,63753984.0,60408636.0,49340663.0,8,34,3,2021,0
1381,Connecticut,2021-09-05,61558290.0,61636786.0,60635363.0,53205535.0,9,35,3,2021,0
1897,Connecticut,2021-09-12,58979019.0,61558290.0,62040831.0,48445497.0,9,36,3,2021,0
4993,Connecticut,2021-09-19,56803056.0,58979019.0,62411953.0,48419982.0,9,37,3,2021,0
6842,Connecticut,2021-09-26,57388239.0,56803056.0,64615188.0,50433784.0,9,38,3,2021,0
1252,Connecticut,2021-10-03,85104100.0,57388239.0,64943055.0,55369443.0,10,39,4,2021,0
1768,Connecticut,2021-10-10,83490394.0,85104100.0,63753984.0,61969853.0,10,40,4,2021,0
4434,Connecticut,2021-10-17,79115418.0,83490394.0,61636786.0,59840728.0,10,41,4,2021,0
6283,Connecticut,2021-10-24,79963454.0,79115418.0,61558290.0,53057117.0,10,42,4,2021,0
8046,Connecticut,2021-10-31,77952095.0,79963454.0,58979019.0,55135293.0,10,43,4,2021,0
1596,Connecticut,2021-11-07,81651391.0,77952095.0,56803056.0,54576849.0,11,44,4,2021,0
3703,Connecticut,2021-11-14,81330193.0,81651391.0,57388239.0,53130379.0,11,45,4,2021,0
5552,Connecticut,2021-11-21,84134166.0,81330193.0,85104100.0,54592900.0,11,46,4,2021,0
7401,Connecticut,2021-11-28,79050122.0,84134166.0,83490394.0,56650299.0,11,47,4,2021,0
1424,Connecticut,2021-12-05,79199934.0,79050122.0,79115418.0,58135893.0,12,48,4,2021,0
1940,Connecticut,2021-12-12,80338614.0,79199934.0,79963454.0,57398523.0,12,49,4,2021,0
5036,Connecticut,2021-12-19,84685486.0,80338614.0,77952095.0,62710962.0,12,50,4,2021,0
6885,Connecticut,2021-12-26,84664548.0,84685486.0,81651391.0,61165551.0,12,51,4,2021,0
2026,Connecticut,2022-01-02,78707960.0,84664548.0,81330193.0,60103152.0,1,52,1,2022,0
2542,Connecticut,2022-01-09,79982309.0,78707960.0,84134166.0,64410424.0,1,1,1,2022,0
4004,Connecticut,2022-01-16,79998410.0,79982309.0,79050122.0,62381124.0,1,2,1,2022,0
5853,Connecticut,2022-01-23,75730960.0,79998410.0,79199934.0,62839851.0,1,3,1,2022,0
7702,Connecticut,2022-01-30,79225631.0,75730960.0,80338614.0,65723602.0,1,4,1,2022,0
2327,Connecticut,2022-02-06,78867983.0,79225631.0,84685486.0,60408636.0,2,5,1,2022,0
3230,Connecticut,2022-02-13,77308768.0,78867983.0,84664548.0,60635363.0,2,6,1,2022,0
5079,Connecticut,2022-02-20,75044848.0,77308768.0,78707960.0,62040831.0,2,7,1,2022,0
6928,Connecticut,2022-02-27,78074992.0,75044848.0,79982309.0,62411953.0,2,8,1,2022,0
2370,Connecticut,2022-03-06,81244604.0,78074992.0,79998410.0,64615188.0,3,9,1,2022,0
3273,Connecticut,2022-03-13,79458363.0,81244604.0,75730960.0,64943055.0,3,10,1,2022,0
5122,Connecticut,2022-03-20,79850855.0,79458363.0,79225631.0,63753984.0,3,11,1,2022,0
6971,Connecticut,2022-03-27,80412221.0,79850855.0,78867983.0,61636786.0,3,12,1,2022,0
2112,Connecticut,2022-04-03,83539947.0,80412221.0,77308768.0,61558290.0,4,13,2,2022,0
2628,Connecticut,2022-04-10,84788564.0,83539947.0,75044848.0,58979019.0,4,14,2,2022,0
4305,Connecticut,2022-04-17,83716932.0,84788564.0,78074992.0,56803056.0,4,15,2,2022,0
6154,Connecticut,2022-04-24,78705229.0,83716932.0,81244604.0,57388239.0,4,16,2,2022,0
1983,Connecticut,2022-05-01,84565667.0,78705229.0,79458363.0,85104100.0,5,17,2,2022,0
2499,Connecticut,2022-05-08,87613823.0,84565667.0,79850855.0,83490394.0,5,18,2,2022,0
3832,Connecticut,2022-05-15,86752612.0,87613823.0,80412221.0,79115418.0,5,19,2,2022,0
5681,Connecticut,2022-05-22,95588771.0,86752612.0,83539947.0,79963454.0,5,20,2,2022,0
7530,Connecticut,2022-05-29,92648751.0,95588771.0,84788564.0,77952095.0,5,21,2,2022,0
2284,Connecticut,2022-06-05,92901720.0,92648751.0,83716932.0,81651391.0,6,22,2,2022,0
2800,Connecticut,2022-06-12,94343154.0,92901720.0,78705229.0,81330193.0,6,23,2,2022,0
4907,Connecticut,2022-06-19,91475329.0,94343154.0,84565667.0,84134166.0,6,24,2,2022,0
6756,Connecticut,2022-06-26,93202712.0,91475329.0,87613823.0,79050122.0,6,25,2,2022,0
2155,Connecticut,2022-07-03,101589519.0,93202712.0,86752612.0,79199934.0,7,26,3,2022,0
2671,Connecticut,2022-07-10,94364113.0,101589519.0,95588771.0,80338614.0,7,27,3,2022,0
4391,Connecticut,2022-07-17,93692699.0,94364113.0,92648751.0,84685486.0,7,28,3,2022,0
6240,Connecticut,2022-07-24,93947416.0,93692699.0,92901720.0,84664548.0,7,29,3,2022,0
8003,Connecticut,2022-07-31,94252644.0,93947416.0,94343154.0,78707960.0,7,30,3,2022,0
2456,Connecticut,2022-08-07,95748091.0,94252644.0,91475329.0,79982309.0,8,31,3,2022,0
3660,Connecticut,2022-08-14,93238518.0,95748091.0,93202712.0,79998410.0,8,32,3,2022,0
5509,Connecticut,2022-08-21,94701139.0,93238518.0,101589519.0,75730960.0,8,33,3,2022,0
7358,Connecticut,2022-08-28,93541954.0,94701139.0,94364113.0,79225631.0,8,34,3,2022,0
2198,Connecticut,2022-09-04,93921009.0,93541954.0,93692699.0,78867983.0,9,35,3,2022,0
2714,Connecticut,2022-09-11,87799469.0,93921009.0,93947416.0,77308768.0,9,36,3,2022,0
4606,Connecticut,2022-09-18,86482696.0,87799469.0,94252644.0,75044848.0,9,37,3,2022,0
6455,Connecticut,2022-09-25,87625522.0,86482696.0,95748091.0,78074992.0,9,38,3,2022,0
2069,Connecticut,2022-10-02,88582157.0,87625522.0,93238518.0,81244604.0,10,39,4,2022,0
2585,Connecticut,2022-10-09,88062177.0,88582157.0,94701139.0,79458363.0,10,40,4,2022,0
4219,Connecticut,2022-10-16,83598256.0,88062177.0,93541954.0,79850855.0,10,41,4,2022,0
6068,Connecticut,2022-10-23,84847909.0,83598256.0,93921009.0,80412221.0,10,42,4,2022,0
7874,Connecticut,2022-10-30,82234259.0,84847909.0,87799469.0,83539947.0,10,43,4,2022,0
2413,Connecticut,2022-11-06,88105835.0,82234259.0,86482696.0,84788564.0,11,44,4,2022,0
3445,Connecticut,2022-11-13,84784922.0,88105835.0,87625522.0,83716932.0,11,45,4,2022,0
5294,Connecticut,2022-11-20,87584796.0,84784922.0,88582157.0,78705229.0,11,46,4,2022,0
7143,Connecticut,2022-11-27,89099386.0,87584796.0,88062177.0,84565667.0,11,47,4,2022,0
2241,Connecticut,2022-12-04,81630154.0,89099386.0,83598256.0,87613823.0,12,48,4,2022,0
2757,Connecticut,2022-12-11,85484044.0,81630154.0,84847909.0,86752612.0,12,49,4,2022,0
4692,Connecticut,2022-12-18,87927075.0,85484044.0,82234259.0,95588771.0,12,50,4,2022,0
6541,Connecticut,2022-12-25,94160702.0,87927075.0,88105835.0,92648751.0,12,51,4,2022,0
2843,Connecticut,2023-01-01,81444066.0,94160702.0,84784922.0,92901720.0,1,52,1,2023,0
3058,Connecticut,2023-01-08,84761850.0,81444066.0,87584796.0,94343154.0,1,1,1,2023,0
3746,Connecticut,2023-01-15,81338879.0,84761850.0,89099386.0,91475329.0,1,2,1,2023,0
5595,Connecticut,2023-01-22,80180536.0,81338879.0,81630154.0,93202712.0,1,3,1,2023,0
7444,Connecticut,2023-01-29,81503818.0,80180536.0,85484044.0,101589519.0,1,4,1,2023,0
2929,Connecticut,2023-02-05,82428773.0,81503818.0,87927075.0,94364113.0,2,5,1,2023,0
3144,Connecticut,2023-02-12,82315194.0,82428773.0,94160702.0,93692699.0,2,6,1,2023,0
4778,Connecticut,2023-02-19,81341664.0,82315194.0,81444066.0,93947416.0,2,7,1,2023,0
6627,Connecticut,2023-02-26,82172857.0,81341664.0,84761850.0,94252644.0,2,8,1,2023,0
2972,Connecticut,2023-03-05,88221789.0,82172857.0,81338879.0,95748091.0,3,9,1,2023,0
3187,Connecticut,2023-03-12,95286711.0,88221789.0,80180536.0,93238518.0,3,10,1,2023,0
4821,Connecticut,2023-03-19,91217475.0,95286711.0,81503818.0,94701139.0,3,11,1,2023,0
6670,Connecticut,2023-03-26,83520434.0,91217475.0,82428773.0,93541954.0,3,12,1,2023,0
2886,Connecticut,2023-04-02,86141282.0,83520434.0,82315194.0,93921009.0,4,13,2,2023,0
3101,Connecticut,2023-04-09,91590689.0,86141282.0,81341664.0,87799469.0,4,14,2,2023,0
4090,Connecticut,2023-04-16,89649420.0,91590689.0,82172857.0,86482696.0,4,15,2,2023,0
5939,Connecticut,2023-04-23,87752373.0,89649420.0,88221789.0,87625522.0,4,16,2,2023,0
7745,Connecticut,2023-04-30,88123968.0,87752373.0,95286711.0,88582157.0,4,17,2,2023,0
3015,Connecticut,2023-05-07,93007531.0,88123968.0,91217475.0,88062177.0,5,18,2,2023,0
92,Florida,2019-10-06,397812264.0,93007531.0,83520434.0,83598256.0,10,40,4,2019,0
3403,Florida,2019-10-13,391310684.0,397812264.0,86141282.0,84847909.0,10,41,4,2019,0
5252,Florida,2019-10-20,386318006.0,391310684.0,91590689.0,82234259.0,10,42,4,2019,0
7101,Florida,2019-10-27,383741451.0,386318006.0,89649420.0,88105835.0,10,43,4,2019,0
49,Florida,2019-11-03,389736361.0,383741451.0,87752373.0,84784922.0,11,44,4,2019,0
178,Florida,2019-11-10,386937678.0,389736361.0,88123968.0,87584796.0,11,45,4,2019,0
4478,Florida,2019-11-17,388918011.0,386937678.0,93007531.0,89099386.0,11,46,4,2019,0
6327,Florida,2019-11-24,382545144.0,388918011.0,397812264.0,81630154.0,11,47,4,2019,0
6,Florida,2019-12-01,358112986.0,382545144.0,391310684.0,85484044.0,12,48,4,2019,0
135,Florida,2019-12-08,369604455.0,358112986.0,386318006.0,87927075.0,12,49,4,2019,0
3962,Florida,2019-12-15,370622458.0,369604455.0,383741451.0,94160702.0,12,50,4,2019,0
5811,Florida,2019-12-22,392523627.0,370622458.0,389736361.0,81444066.0,12,51,4,2019,0
7660,Florida,2019-12-29,383971631.0,392523627.0,386937678.0,84761850.0,12,52,4,2019,0
479,Florida,2020-01-05,384552791.0,383971631.0,388918011.0,81338879.0,1,1,1,2020,0
995,Florida,2020-01-12,380194399.0,384552791.0,382545144.0,80180536.0,1,2,1,2020,0
4736,Florida,2020-01-19,379065263.0,380194399.0,358112986.0,81503818.0,1,3,1,2020,0
6585,Florida,2020-01-26,368781894.0,379065263.0,369604455.0,82428773.0,1,4,1,2020,0
307,Florida,2020-02-02,384924916.0,368781894.0,370622458.0,82315194.0,2,5,1,2020,0
823,Florida,2020-02-09,385408869.0,384924916.0,392523627.0,81341664.0,2,6,1,2020,0
4048,Florida,2020-02-16,394220223.0,385408869.0,383971631.0,82172857.0,2,7,1,2020,0
5897,Florida,2020-02-23,399232704.0,394220223.0,384552791.0,88221789.0,2,8,1,2020,0
221,Florida,2020-03-01,418283544.0,399232704.0,380194399.0,95286711.0,3,9,1,2020,0
737,Florida,2020-03-08,431690356.0,418283544.0,379065263.0,91217475.0,3,10,1,2020,0
3790,Florida,2020-03-15,501395272.0,431690356.0,368781894.0,83520434.0,3,11,1,2020,0
5639,Florida,2020-03-22,456728428.0,501395272.0,384924916.0,86141282.0,3,12,1,2020,0
7488,Florida,2020-03-29,415475922.0,456728428.0,385408869.0,91590689.0,3,13,1,2020,0
522,Florida,2020-04-05,414217511.0,415475922.0,394220223.0,89649420.0,4,14,2,2020,0
1038,Florida,2020-04-12,405555022.0,414217511.0,399232704.0,87752373.0,4,15,2,2020,0
4865,Florida,2020-04-19,406314241.0,405555022.0,418283544.0,88123968.0,4,16,2,2020,0
6714,Florida,2020-04-26,403638588.0,406314241.0,431690356.0,93007531.0,4,17,2,2020,0
393,Florida,2020-05-03,415458417.0,403638588.0,501395272.0,397812264.0,5,18,2,2020,0
909,Florida,2020-05-10,414827332.0,415458417.0,456728428.0,391310684.0,5,19,2,2020,0
4349,Florida,2020-05-17,418764433.0,414827332.0,415475922.0,386318006.0,5,20,2,2020,0
6198,Florida,2020-05-24,433358493.0,418764433.0,414217511.0,383741451.0,5,21,2,2020,0
7961,Florida,2020-05-31,425634983.0,433358493.0,405555022.0,389736361.0,5,22,2,2020,0
694,Florida,2020-06-07,418545831.0,425634983.0,406314241.0,386937678.0,6,23,2,2020,0
3618,Florida,2020-06-14,418428105.0,418545831.0,403638588.0,388918011.0,6,24,2,2020,0
5467,Florida,2020-06-21,430682946.0,418428105.0,415458417.0,382545144.0,6,25,2,2020,0
7316,Florida,2020-06-28,455034695.0,430682946.0,414827332.0,358112986.0,6,26,2,2020,0
565,Florida,2020-07-05,448570751.0,455034695.0,418764433.0,369604455.0,7,27,3,2020,0
1081,Florida,2020-07-12,411049344.0,448570751.0,433358493.0,370622458.0,7,28,3,2020,0
4951,Florida,2020-07-19,428211674.0,411049344.0,425634983.0,392523627.0,7,29,3,2020,0
6800,Florida,2020-07-26,417570225.0,428211674.0,418545831.0,383971631.0,7,30,3,2020,0
350,Florida,2020-08-02,430782300.0,417570225.0,418428105.0,384552791.0,8,31,3,2020,0
866,Florida,2020-08-09,416202637.0,430782300.0,430682946.0,380194399.0,8,32,3,2020,0
4177,Florida,2020-08-16,420287992.0,416202637.0,455034695.0,379065263.0,8,33,3,2020,0
6026,Florida,2020-08-23,432183859.0,420287992.0,448570751.0,368781894.0,8,34,3,2020,0
7832,Florida,2020-08-30,498199309.0,432183859.0,411049344.0,384924916.0,8,35,3,2020,0
608,Florida,2020-09-06,390860705.0,498199309.0,428211674.0,385408869.0,9,36,3,2020,0
3360,Florida,2020-09-13,389580757.0,390860705.0,417570225.0,394220223.0,9,37,3,2020,0
5209,Florida,2020-09-20,401149842.0,389580757.0,430782300.0,399232704.0,9,38,3,2020,0
7058,Florida,2020-09-27,402325925.0,401149842.0,416202637.0,418283544.0,9,39,3,2020,0
436,Florida,2020-10-04,405135429.0,402325925.0,420287992.0,431690356.0,10,40,4,2020,0
952,Florida,2020-10-11,408643647.0,405135429.0,432183859.0,501395272.0,10,41,4,2020,0
4650,Florida,2020-10-18,408146193.0,408643647.0,498199309.0,456728428.0,10,42,4,2020,0
6499,Florida,2020-10-25,404464567.0,408146193.0,390860705.0,415475922.0,10,43,4,2020,0
264,Florida,2020-11-01,418301136.0,404464567.0,389580757.0,414217511.0,11,44,4,2020,0
780,Florida,2020-11-08,402426821.0,418301136.0,401149842.0,405555022.0,11,45,4,2020,0
3919,Florida,2020-11-15,393181793.0,402426821.0,402325925.0,406314241.0,11,46,4,2020,0
5768,Florida,2020-11-22,428095160.0,393181793.0,405135429.0,403638588.0,11,47,4,2020,0
7617,Florida,2020-11-29,373685633.0,428095160.0,408643647.0,415458417.0,11,48,4,2020,0
651,Florida,2020-12-06,386563175.0,373685633.0,408146193.0,414827332.0,12,49,4,2020,0
3489,Florida,2020-12-13,392477293.0,386563175.0,404464567.0,418764433.0,12,50,4,2020,0
5338,Florida,2020-12-20,418158147.0,392477293.0,418301136.0,433358493.0,12,51,4,2020,0
7187,Florida,2020-12-27,396895271.0,418158147.0,402426821.0,425634983.0,12,52,4,2020,0
1210,Florida,2021-01-03,407668717.0,396895271.0,393181793.0,418545831.0,1,53,1,2021,0
1726,Florida,2021-01-10,402837256.0,407668717.0,428095160.0,418428105.0,1,1,1,2021,0
4263,Florida,2021-01-17,404563342.0,402837256.0,373685633.0,430682946.0,1,2,1,2021,0
6112,Florida,2021-01-24,396317574.0,404563342.0,386563175.0,455034695.0,1,3,1,2021,0
7918,Florida,2021-01-31,407009773.0,396317574.0,392477293.0,448570751.0,1,4,1,2021,0
1511,Florida,2021-02-07,408426576.0,407009773.0,418158147.0,411049344.0,2,5,1,2021,0
3532,Florida,2021-02-14,417646270.0,408426576.0,396895271.0,428211674.0,2,6,1,2021,0
5381,Florida,2021-02-21,416763944.0,417646270.0,407668717.0,417570225.0,2,7,1,2021,0
7230,Florida,2021-02-28,437229448.0,416763944.0,402837256.0,430782300.0,2,8,1,2021,0
1554,Florida,2021-03-07,451704204.0,437229448.0,404563342.0,416202637.0,3,9,1,2021,0
3575,Florida,2021-03-14,528051577.0,451704204.0,396317574.0,420287992.0,3,10,1,2021,0
5424,Florida,2021-03-21,500049042.0,528051577.0,407009773.0,432183859.0,3,11,1,2021,0
7273,Florida,2021-03-28,458062675.0,500049042.0,408426576.0,498199309.0,3,12,1,2021,0
1296,Florida,2021-04-04,452821844.0,458062675.0,417646270.0,390860705.0,4,13,2,2021,0
1812,Florida,2021-04-11,431834953.0,452821844.0,416763944.0,389580757.0,4,14,2,2021,0
4521,Florida,2021-04-18,439545091.0,431834953.0,437229448.0,401149842.0,4,15,2,2021,0
6370,Florida,2021-04-25,437757560.0,439545091.0,451704204.0,402325925.0,4,16,2,2021,0
1167,Florida,2021-05-02,456177068.0,437757560.0,528051577.0,405135429.0,5,17,2,2021,0
1683,Florida,2021-05-09,463060774.0,456177068.0,500049042.0,408643647.0,5,18,2,2021,0
4134,Florida,2021-05-16,454518216.0,463060774.0,458062675.0,408146193.0,5,19,2,2021,0
5983,Florida,2021-05-23,461793037.0,454518216.0,452821844.0,404464567.0,5,20,2,2021,0
7789,Florida,2021-05-30,468613673.0,461793037.0,431834953.0,418301136.0,5,21,2,2021,0
1468,Florida,2021-06-06,453226022.0,468613673.0,439545091.0,402426821.0,6,22,2,2021,0
3317,Florida,2021-06-13,468182255.0,453226022.0,437757560.0,393181793.0,6,23,2,2021,0
5166,Florida,2021-06-20,463942370.0,468182255.0,456177068.0,428095160.0,6,24,2,2021,0
7015,Florida,2021-06-27,471658231.0,463942370.0,463060774.0,373685633.0,6,25,2,2021,0
1339,Florida,2021-07-04,495492035.0,471658231.0,454518216.0,386563175.0,7,26,3,2021,0
1855,Florida,2021-07-11,445551996.0,495492035.0,461793037.0,392477293.0,7,27,3,2021,0
4564,Florida,2021-07-18,461906089.0,445551996.0,468613673.0,418158147.0,7,28,3,2021,0
6413,Florida,2021-07-25,464260466.0,461906089.0,453226022.0,396895271.0,7,29,3,2021,0
1124,Florida,2021-08-01,474960315.0,464260466.0,468182255.0,407668717.0,8,30,3,2021,0
1640,Florida,2021-08-08,460012877.0,474960315.0,463942370.0,402837256.0,8,31,3,2021,0
3876,Florida,2021-08-15,465739561.0,460012877.0,471658231.0,404563342.0,8,32,3,2021,0
5725,Florida,2021-08-22,462049706.0,465739561.0,495492035.0,396317574.0,8,33,3,2021,0
7574,Florida,2021-08-29,451769857.0,462049706.0,445551996.0,407009773.0,8,34,3,2021,0
1382,Florida,2021-09-05,463238158.0,451769857.0,461906089.0,408426576.0,9,35,3,2021,0
1898,Florida,2021-09-12,434420849.0,463238158.0,464260466.0,417646270.0,9,36,3,2021,0
4994,Florida,2021-09-19,441054934.0,434420849.0,474960315.0,416763944.0,9,37,3,2021,0
6843,Florida,2021-09-26,443549009.0,441054934.0,460012877.0,437229448.0,9,38,3,2021,0
1253,Florida,2021-10-03,650291094.0,443549009.0,465739561.0,451704204.0,10,39,4,2021,0
1769,Florida,2021-10-10,658073956.0,650291094.0,462049706.0,528051577.0,10,40,4,2021,0
4435,Florida,2021-10-17,649087749.0,658073956.0,451769857.0,500049042.0,10,41,4,2021,0
6284,Florida,2021-10-24,636492810.0,649087749.0,463238158.0,458062675.0,10,42,4,2021,0
8047,Florida,2021-10-31,639670899.0,636492810.0,434420849.0,452821844.0,10,43,4,2021,0
1597,Florida,2021-11-07,626921179.0,639670899.0,441054934.0,431834953.0,11,44,4,2021,0
3704,Florida,2021-11-14,641627352.0,626921179.0,443549009.0,439545091.0,11,45,4,2021,0
5553,Florida,2021-11-21,647095618.0,641627352.0,650291094.0,437757560.0,11,46,4,2021,0
7402,Florida,2021-11-28,580412388.0,647095618.0,658073956.0,456177068.0,11,47,4,2021,0
1425,Florida,2021-12-05,614205922.0,580412388.0,649087749.0,463060774.0,12,48,4,2021,0
1941,Florida,2021-12-12,621894064.0,614205922.0,636492810.0,454518216.0,12,49,4,2021,0
5037,Florida,2021-12-19,657419273.0,621894064.0,639670899.0,461793037.0,12,50,4,2021,0
6886,Florida,2021-12-26,637666452.0,657419273.0,626921179.0,468613673.0,12,51,4,2021,0
2027,Florida,2022-01-02,646500604.0,637666452.0,641627352.0,453226022.0,1,52,1,2022,0
2543,Florida,2022-01-09,629065725.0,646500604.0,647095618.0,468182255.0,1,1,1,2022,0
4005,Florida,2022-01-16,632875898.0,629065725.0,580412388.0,463942370.0,1,2,1,2022,0
5854,Florida,2022-01-23,621955679.0,632875898.0,614205922.0,471658231.0,1,3,1,2022,0
7703,Florida,2022-01-30,628041476.0,621955679.0,621894064.0,495492035.0,1,4,1,2022,0
2328,Florida,2022-02-06,637532932.0,628041476.0,657419273.0,445551996.0,2,5,1,2022,0
3231,Florida,2022-02-13,645108904.0,637532932.0,637666452.0,461906089.0,2,6,1,2022,0
5080,Florida,2022-02-20,659433678.0,645108904.0,646500604.0,464260466.0,2,7,1,2022,0
6929,Florida,2022-02-27,689853278.0,659433678.0,629065725.0,474960315.0,2,8,1,2022,0
2371,Florida,2022-03-06,690201657.0,689853278.0,632875898.0,460012877.0,3,9,1,2022,0
3274,Florida,2022-03-13,690230810.0,690201657.0,621955679.0,465739561.0,3,10,1,2022,0
5123,Florida,2022-03-20,689715126.0,690230810.0,628041476.0,462049706.0,3,11,1,2022,0
6972,Florida,2022-03-27,705833672.0,689715126.0,637532932.0,451769857.0,3,12,1,2022,0
2113,Florida,2022-04-03,700061265.0,705833672.0,645108904.0,463238158.0,4,13,2,2022,0
2629,Florida,2022-04-10,708494982.0,700061265.0,659433678.0,434420849.0,4,14,2,2022,0
4306,Florida,2022-04-17,700335011.0,708494982.0,689853278.0,441054934.0,4,15,2,2022,0
6155,Florida,2022-04-24,691133574.0,700335011.0,690201657.0,443549009.0,4,16,2,2022,0
1984,Florida,2022-05-01,702046035.0,691133574.0,690230810.0,650291094.0,5,17,2,2022,0
2500,Florida,2022-05-08,715244615.0,702046035.0,689715126.0,658073956.0,5,18,2,2022,0
3833,Florida,2022-05-15,699768170.0,715244615.0,705833672.0,649087749.0,5,19,2,2022,0
5682,Florida,2022-05-22,717341218.0,699768170.0,700061265.0,636492810.0,5,20,2,2022,0
7531,Florida,2022-05-29,729620556.0,717341218.0,708494982.0,639670899.0,5,21,2,2022,0
2285,Florida,2022-06-05,697035016.0,729620556.0,700335011.0,626921179.0,6,22,2,2022,0
2801,Florida,2022-06-12,697115836.0,697035016.0,691133574.0,641627352.0,6,23,2,2022,0
4908,Florida,2022-06-19,707407753.0,697115836.0,702046035.0,647095618.0,6,24,2,2022,0
6757,Florida,2022-06-26,711378458.0,707407753.0,715244615.0,580412388.0,6,25,2,2022,0
2156,Florida,2022-07-03,735338902.0,711378458.0,699768170.0,614205922.0,7,26,3,2022,0
2672,Florida,2022-07-10,681830724.0,735338902.0,717341218.0,621894064.0,7,27,3,2022,0
4392,Florida,2022-07-17,705424400.0,681830724.0,729620556.0,657419273.0,7,28,3,2022,0
6241,Florida,2022-07-24,707109542.0,705424400.0,697035016.0,637666452.0,7,29,3,2022,0
8004,Florida,2022-07-31,711378170.0,707109542.0,697115836.0,646500604.0,7,30,3,2022,0
2457,Florida,2022-08-07,716789624.0,711378170.0,707407753.0,629065725.0,8,31,3,2022,0
3661,Florida,2022-08-14,706877466.0,716789624.0,711378458.0,632875898.0,8,32,3,2022,0
5510,Florida,2022-08-21,725848244.0,706877466.0,735338902.0,621955679.0,8,33,3,2022,0
7359,Florida,2022-08-28,782741440.0,725848244.0,681830724.0,628041476.0,8,34,3,2022,0
2199,Florida,2022-09-04,681125304.0,782741440.0,705424400.0,637532932.0,9,35,3,2022,0
2715,Florida,2022-09-11,667077992.0,681125304.0,707109542.0,645108904.0,9,36,3,2022,0
4607,Florida,2022-09-18,670728453.0,667077992.0,711378170.0,659433678.0,9,37,3,2022,0
6456,Florida,2022-09-25,755860884.0,670728453.0,716789624.0,689853278.0,9,38,3,2022,0
2070,Florida,2022-10-02,693030079.0,755860884.0,706877466.0,690201657.0,10,39,4,2022,0
2586,Florida,2022-10-09,688756403.0,693030079.0,725848244.0,690230810.0,10,40,4,2022,0
4220,Florida,2022-10-16,700430110.0,688756403.0,782741440.0,689715126.0,10,41,4,2022,0
6069,Florida,2022-10-23,687631033.0,700430110.0,681125304.0,705833672.0,10,42,4,2022,0
7875,Florida,2022-10-30,693609731.0,687631033.0,667077992.0,700061265.0,10,43,4,2022,0
2414,Florida,2022-11-06,699055504.0,693609731.0,670728453.0,708494982.0,11,44,4,2022,0
3446,Florida,2022-11-13,673068718.0,699055504.0,755860884.0,700335011.0,11,45,4,2022,0
5295,Florida,2022-11-20,714995053.0,673068718.0,693030079.0,691133574.0,11,46,4,2022,0
7144,Florida,2022-11-27,627978196.0,714995053.0,688756403.0,702046035.0,11,47,4,2022,0
2242,Florida,2022-12-04,672178981.0,627978196.0,700430110.0,715244615.0,12,48,4,2022,0
2758,Florida,2022-12-11,686888529.0,672178981.0,687631033.0,699768170.0,12,49,4,2022,0
4693,Florida,2022-12-18,710659033.0,686888529.0,693609731.0,717341218.0,12,50,4,2022,0
6542,Florida,2022-12-25,705162943.0,710659033.0,699055504.0,729620556.0,12,51,4,2022,0
2844,Florida,2023-01-01,684937806.0,705162943.0,673068718.0,697035016.0,1,52,1,2023,0
3059,Florida,2023-01-08,681025299.0,684937806.0,714995053.0,697115836.0,1,1,1,2023,0
3747,Florida,2023-01-15,682750237.0,681025299.0,627978196.0,707407753.0,1,2,1,2023,0
5596,Florida,2023-01-22,669250018.0,682750237.0,672178981.0,711378458.0,1,3,1,2023,0
7445,Florida,2023-01-29,674965745.0,669250018.0,686888529.0,735338902.0,1,4,1,2023,0
2930,Florida,2023-02-05,697150558.0,674965745.0,710659033.0,681830724.0,2,5,1,2023,0
3145,Florida,2023-02-12,705981954.0,697150558.0,705162943.0,705424400.0,2,6,1,2023,0
4779,Florida,2023-02-19,713110008.0,705981954.0,684937806.0,707109542.0,2,7,1,2023,0
6628,Florida,2023-02-26,742464646.0,713110008.0,681025299.0,711378170.0,2,8,1,2023,0
2973,Florida,2023-03-05,771680293.0,742464646.0,682750237.0,716789624.0,3,9,1,2023,0
3188,Florida,2023-03-12,831072061.0,771680293.0,669250018.0,706877466.0,3,10,1,2023,0
4822,Florida,2023-03-19,789712001.0,831072061.0,674965745.0,725848244.0,3,11,1,2023,0
6671,Florida,2023-03-26,744549564.0,789712001.0,697150558.0,782741440.0,3,12,1,2023,0
2887,Florida,2023-04-02,758696512.0,744549564.0,705981954.0,681125304.0,4,13,2,2023,0
3102,Florida,2023-04-09,743252354.0,758696512.0,713110008.0,667077992.0,4,14,2,2023,0
4091,Florida,2023-04-16,733380086.0,743252354.0,742464646.0,670728453.0,4,15,2,2023,0
5940,Florida,2023-04-23,732692298.0,733380086.0,771680293.0,755860884.0,4,16,2,2023,0
7746,Florida,2023-04-30,740510455.0,732692298.0,831072061.0,693030079.0,4,17,2,2023,0
3016,Florida,2023-05-07,756307225.0,740510455.0,789712001.0,688756403.0,5,18,2,2023,0
93,Georgia,2019-10-06,234203406.0,756307225.0,744549564.0,700430110.0,10,40,4,2019,0
3404,Georgia,2019-10-13,222103635.0,234203406.0,758696512.0,687631033.0,10,41,4,2019,0
5253,Georgia,2019-10-20,212086740.0,222103635.0,743252354.0,693609731.0,10,42,4,2019,0
7102,Georgia,2019-10-27,203641241.0,212086740.0,733380086.0,699055504.0,10,43,4,2019,0
50,Georgia,2019-11-03,204848830.0,203641241.0,732692298.0,673068718.0,11,44,4,2019,0
179,Georgia,2019-11-10,202242823.0,204848830.0,740510455.0,714995053.0,11,45,4,2019,0
4479,Georgia,2019-11-17,201290193.0,202242823.0,756307225.0,627978196.0,11,46,4,2019,0
6328,Georgia,2019-11-24,208396414.0,201290193.0,234203406.0,672178981.0,11,47,4,2019,0
7,Georgia,2019-12-01,198967927.0,208396414.0,222103635.0,686888529.0,12,48,4,2019,0
136,Georgia,2019-12-08,200151766.0,198967927.0,212086740.0,710659033.0,12,49,4,2019,0
3963,Georgia,2019-12-15,200972765.0,200151766.0,203641241.0,705162943.0,12,50,4,2019,0
5812,Georgia,2019-12-22,216037052.0,200972765.0,204848830.0,684937806.0,12,51,4,2019,0
7661,Georgia,2019-12-29,198566370.0,216037052.0,202242823.0,681025299.0,12,52,4,2019,0
480,Georgia,2020-01-05,193036456.0,198566370.0,201290193.0,682750237.0,1,1,1,2020,0
996,Georgia,2020-01-12,200613878.0,193036456.0,208396414.0,669250018.0,1,2,1,2020,0
4737,Georgia,2020-01-19,199106822.0,200613878.0,198967927.0,674965745.0,1,3,1,2020,0
6586,Georgia,2020-01-26,193934425.0,199106822.0,200151766.0,697150558.0,1,4,1,2020,0
308,Georgia,2020-02-02,200642376.0,193934425.0,200972765.0,705981954.0,2,5,1,2020,0
824,Georgia,2020-02-09,201281095.0,200642376.0,216037052.0,713110008.0,2,6,1,2020,0
4049,Georgia,2020-02-16,196362471.0,201281095.0,198566370.0,742464646.0,2,7,1,2020,0
5898,Georgia,2020-02-23,194551782.0,196362471.0,193036456.0,771680293.0,2,8,1,2020,0
222,Georgia,2020-03-01,210589115.0,194551782.0,200613878.0,831072061.0,3,9,1,2020,0
738,Georgia,2020-03-08,216011117.0,210589115.0,199106822.0,789712001.0,3,10,1,2020,0
3791,Georgia,2020-03-15,248795257.0,216011117.0,193934425.0,744549564.0,3,11,1,2020,0
5640,Georgia,2020-03-22,232566670.0,248795257.0,200642376.0,758696512.0,3,12,1,2020,0
7489,Georgia,2020-03-29,214214934.0,232566670.0,201281095.0,743252354.0,3,13,1,2020,0
523,Georgia,2020-04-05,222801139.0,214214934.0,196362471.0,733380086.0,4,14,2,2020,0
1039,Georgia,2020-04-12,214020656.0,222801139.0,194551782.0,732692298.0,4,15,2,2020,0
4866,Georgia,2020-04-19,218540152.0,214020656.0,210589115.0,740510455.0,4,16,2,2020,0
6715,Georgia,2020-04-26,218926837.0,218540152.0,216011117.0,756307225.0,4,17,2,2020,0
394,Georgia,2020-05-03,232382556.0,218926837.0,248795257.0,234203406.0,5,18,2,2020,0
910,Georgia,2020-05-10,233306058.0,232382556.0,232566670.0,222103635.0,5,19,2,2020,0
4350,Georgia,2020-05-17,239786256.0,233306058.0,214214934.0,212086740.0,5,20,2,2020,0
6199,Georgia,2020-05-24,248894330.0,239786256.0,222801139.0,203641241.0,5,21,2,2020,0
7962,Georgia,2020-05-31,235973654.0,248894330.0,214020656.0,204848830.0,5,22,2,2020,0
695,Georgia,2020-06-07,235192873.0,235973654.0,218540152.0,202242823.0,6,23,2,2020,0
3619,Georgia,2020-06-14,234400321.0,235192873.0,218926837.0,201290193.0,6,24,2,2020,0
5468,Georgia,2020-06-21,239868511.0,234400321.0,232382556.0,208396414.0,6,25,2,2020,0
7317,Georgia,2020-06-28,244150500.0,239868511.0,233306058.0,198967927.0,6,26,2,2020,0
566,Georgia,2020-07-05,255137714.0,244150500.0,239786256.0,200151766.0,7,27,3,2020,0
1082,Georgia,2020-07-12,238917136.0,255137714.0,248894330.0,200972765.0,7,28,3,2020,0
4952,Georgia,2020-07-19,251597267.0,238917136.0,235973654.0,216037052.0,7,29,3,2020,0
6801,Georgia,2020-07-26,248674782.0,251597267.0,235192873.0,198566370.0,7,30,3,2020,0
351,Georgia,2020-08-02,248666926.0,248674782.0,234400321.0,193036456.0,8,31,3,2020,0
867,Georgia,2020-08-09,252157409.0,248666926.0,239868511.0,200613878.0,8,32,3,2020,0
4178,Georgia,2020-08-16,255956752.0,252157409.0,244150500.0,199106822.0,8,33,3,2020,0
6027,Georgia,2020-08-23,245783095.0,255956752.0,255137714.0,193934425.0,8,34,3,2020,0
7833,Georgia,2020-08-30,243810936.0,245783095.0,238917136.0,200642376.0,8,35,3,2020,0
609,Georgia,2020-09-06,249712778.0,243810936.0,251597267.0,201281095.0,9,36,3,2020,0
3361,Georgia,2020-09-13,244525536.0,249712778.0,248674782.0,196362471.0,9,37,3,2020,0
5210,Georgia,2020-09-20,235833613.0,244525536.0,248666926.0,194551782.0,9,38,3,2020,0
7059,Georgia,2020-09-27,235304027.0,235833613.0,252157409.0,210589115.0,9,39,3,2020,0
437,Georgia,2020-10-04,237617892.0,235304027.0,255956752.0,216011117.0,10,40,4,2020,0
953,Georgia,2020-10-11,228323938.0,237617892.0,245783095.0,248795257.0,10,41,4,2020,0
4651,Georgia,2020-10-18,223960846.0,228323938.0,243810936.0,232566670.0,10,42,4,2020,0
6500,Georgia,2020-10-25,224262383.0,223960846.0,249712778.0,214214934.0,10,43,4,2020,0
265,Georgia,2020-11-01,222344499.0,224262383.0,244525536.0,222801139.0,11,44,4,2020,0
781,Georgia,2020-11-08,220289341.0,222344499.0,235833613.0,214020656.0,11,45,4,2020,0
3920,Georgia,2020-11-15,219240355.0,220289341.0,235304027.0,218540152.0,11,46,4,2020,0
5769,Georgia,2020-11-22,229627656.0,219240355.0,237617892.0,218926837.0,11,47,4,2020,0
7618,Georgia,2020-11-29,216485518.0,229627656.0,228323938.0,232382556.0,11,48,4,2020,0
652,Georgia,2020-12-06,208040534.0,216485518.0,223960846.0,233306058.0,12,49,4,2020,0
3490,Georgia,2020-12-13,215266327.0,208040534.0,224262383.0,239786256.0,12,50,4,2020,0
5339,Georgia,2020-12-20,226573997.0,215266327.0,222344499.0,248894330.0,12,51,4,2020,0
7188,Georgia,2020-12-27,214648294.0,226573997.0,220289341.0,235973654.0,12,52,4,2020,0
1211,Georgia,2021-01-03,208934979.0,214648294.0,219240355.0,235192873.0,1,53,1,2021,0
1727,Georgia,2021-01-10,214363912.0,208934979.0,229627656.0,234400321.0,1,1,1,2021,0
4264,Georgia,2021-01-17,214238532.0,214363912.0,216485518.0,239868511.0,1,2,1,2021,0
6113,Georgia,2021-01-24,208876210.0,214238532.0,208040534.0,244150500.0,1,3,1,2021,0
7919,Georgia,2021-01-31,212596583.0,208876210.0,215266327.0,255137714.0,1,4,1,2021,0
1512,Georgia,2021-02-07,213638444.0,212596583.0,226573997.0,238917136.0,2,5,1,2021,0
3533,Georgia,2021-02-14,210672517.0,213638444.0,214648294.0,251597267.0,2,6,1,2021,0
5382,Georgia,2021-02-21,206944928.0,210672517.0,208934979.0,248674782.0,2,7,1,2021,0
7231,Georgia,2021-02-28,225430198.0,206944928.0,214363912.0,248666926.0,2,8,1,2021,0
1555,Georgia,2021-03-07,229526110.0,225430198.0,214238532.0,252157409.0,3,9,1,2021,0
3576,Georgia,2021-03-14,267795169.0,229526110.0,208876210.0,255956752.0,3,10,1,2021,0
5425,Georgia,2021-03-21,252912763.0,267795169.0,212596583.0,245783095.0,3,11,1,2021,0
7274,Georgia,2021-03-28,232747666.0,252912763.0,213638444.0,243810936.0,3,12,1,2021,0
1297,Georgia,2021-04-04,242501064.0,232747666.0,210672517.0,249712778.0,4,13,2,2021,0
1813,Georgia,2021-04-11,230404565.0,242501064.0,206944928.0,244525536.0,4,14,2,2021,0
4522,Georgia,2021-04-18,237770629.0,230404565.0,225430198.0,235833613.0,4,15,2,2021,0
6371,Georgia,2021-04-25,234825958.0,237770629.0,229526110.0,235304027.0,4,16,2,2021,0
1168,Georgia,2021-05-02,247764853.0,234825958.0,267795169.0,237617892.0,5,17,2,2021,0
1684,Georgia,2021-05-09,249585217.0,247764853.0,252912763.0,228323938.0,5,18,2,2021,0
4135,Georgia,2021-05-16,249325087.0,249585217.0,232747666.0,223960846.0,5,19,2,2021,0
5984,Georgia,2021-05-23,258169301.0,249325087.0,242501064.0,224262383.0,5,20,2,2021,0
7790,Georgia,2021-05-30,259966083.0,258169301.0,230404565.0,222344499.0,5,21,2,2021,0
1469,Georgia,2021-06-06,255134239.0,259966083.0,237770629.0,220289341.0,6,22,2,2021,0
3318,Georgia,2021-06-13,253894710.0,255134239.0,234825958.0,219240355.0,6,23,2,2021,0
5167,Georgia,2021-06-20,258893196.0,253894710.0,247764853.0,229627656.0,6,24,2,2021,0
7016,Georgia,2021-06-27,253975877.0,258893196.0,249585217.0,216485518.0,6,25,2,2021,0
1340,Georgia,2021-07-04,274063879.0,253975877.0,249325087.0,208040534.0,7,26,3,2021,0
1856,Georgia,2021-07-11,252953400.0,274063879.0,258169301.0,215266327.0,7,27,3,2021,0
4565,Georgia,2021-07-18,266538614.0,252953400.0,259966083.0,226573997.0,7,28,3,2021,0
6414,Georgia,2021-07-25,265685591.0,266538614.0,255134239.0,214648294.0,7,29,3,2021,0
1125,Georgia,2021-08-01,272363200.0,265685591.0,253894710.0,208934979.0,8,30,3,2021,0
1641,Georgia,2021-08-08,270212454.0,272363200.0,258893196.0,214363912.0,8,31,3,2021,0
3877,Georgia,2021-08-15,272436319.0,270212454.0,253975877.0,214238532.0,8,32,3,2021,0
5726,Georgia,2021-08-22,260774673.0,272436319.0,274063879.0,208876210.0,8,33,3,2021,0
7575,Georgia,2021-08-29,261886848.0,260774673.0,252953400.0,212596583.0,8,34,3,2021,0
1383,Georgia,2021-09-05,271945814.0,261886848.0,266538614.0,213638444.0,9,35,3,2021,0
1899,Georgia,2021-09-12,256028112.0,271945814.0,265685591.0,210672517.0,9,36,3,2021,0
4995,Georgia,2021-09-19,247987379.0,256028112.0,272363200.0,206944928.0,9,37,3,2021,0
6844,Georgia,2021-09-26,244814212.0,247987379.0,270212454.0,225430198.0,9,38,3,2021,0
1254,Georgia,2021-10-03,369777977.0,244814212.0,272436319.0,229526110.0,10,39,4,2021,0
1770,Georgia,2021-10-10,356385301.0,369777977.0,260774673.0,267795169.0,10,40,4,2021,0
4436,Georgia,2021-10-17,358048744.0,356385301.0,261886848.0,252912763.0,10,41,4,2021,0
6285,Georgia,2021-10-24,348127397.0,358048744.0,271945814.0,232747666.0,10,42,4,2021,0
8048,Georgia,2021-10-31,346260582.0,348127397.0,256028112.0,242501064.0,10,43,4,2021,0
1598,Georgia,2021-11-07,336660309.0,346260582.0,247987379.0,230404565.0,11,44,4,2021,0
3705,Georgia,2021-11-14,344501414.0,336660309.0,244814212.0,237770629.0,11,45,4,2021,0
5554,Georgia,2021-11-21,354222036.0,344501414.0,369777977.0,234825958.0,11,46,4,2021,0
7403,Georgia,2021-11-28,328540754.0,354222036.0,356385301.0,247764853.0,11,47,4,2021,0
1426,Georgia,2021-12-05,329236652.0,328540754.0,358048744.0,249585217.0,12,48,4,2021,0
1942,Georgia,2021-12-12,333122176.0,329236652.0,348127397.0,249325087.0,12,49,4,2021,0
5038,Georgia,2021-12-19,352359919.0,333122176.0,346260582.0,258169301.0,12,50,4,2021,0
6887,Georgia,2021-12-26,337901545.0,352359919.0,336660309.0,259966083.0,12,51,4,2021,0
2028,Georgia,2022-01-02,328585374.0,337901545.0,344501414.0,255134239.0,1,52,1,2022,0
2544,Georgia,2022-01-09,329252569.0,328585374.0,354222036.0,253894710.0,1,1,1,2022,0
4006,Georgia,2022-01-16,347151523.0,329252569.0,328540754.0,258893196.0,1,2,1,2022,0
5855,Georgia,2022-01-23,327200418.0,347151523.0,329236652.0,253975877.0,1,3,1,2022,0
7704,Georgia,2022-01-30,336182789.0,327200418.0,333122176.0,274063879.0,1,4,1,2022,0
2329,Georgia,2022-02-06,337213215.0,336182789.0,352359919.0,252953400.0,2,5,1,2022,0
3232,Georgia,2022-02-13,333802365.0,337213215.0,337901545.0,266538614.0,2,6,1,2022,0
5081,Georgia,2022-02-20,328715272.0,333802365.0,328585374.0,265685591.0,2,7,1,2022,0
6930,Georgia,2022-02-27,352766123.0,328715272.0,329252569.0,272363200.0,2,8,1,2022,0
2372,Georgia,2022-03-06,358685339.0,352766123.0,347151523.0,270212454.0,3,9,1,2022,0
3275,Georgia,2022-03-13,360956610.0,358685339.0,327200418.0,272436319.0,3,10,1,2022,0
5124,Georgia,2022-03-20,359985779.0,360956610.0,336182789.0,260774673.0,3,11,1,2022,0
6973,Georgia,2022-03-27,364039433.0,359985779.0,337213215.0,261886848.0,3,12,1,2022,0
2114,Georgia,2022-04-03,363376987.0,364039433.0,333802365.0,271945814.0,4,13,2,2022,0
2630,Georgia,2022-04-10,364285113.0,363376987.0,328715272.0,256028112.0,4,14,2,2022,0
4307,Georgia,2022-04-17,374126940.0,364285113.0,352766123.0,247987379.0,4,15,2,2022,0
6156,Georgia,2022-04-24,367838163.0,374126940.0,358685339.0,244814212.0,4,16,2,2022,0
1985,Georgia,2022-05-01,386374893.0,367838163.0,360956610.0,369777977.0,5,17,2,2022,0
2501,Georgia,2022-05-08,385078069.0,386374893.0,359985779.0,356385301.0,5,18,2,2022,0
3834,Georgia,2022-05-15,383504531.0,385078069.0,364039433.0,358048744.0,5,19,2,2022,0
5683,Georgia,2022-05-22,410982915.0,383504531.0,363376987.0,348127397.0,5,20,2,2022,0
7532,Georgia,2022-05-29,401053272.0,410982915.0,364285113.0,346260582.0,5,21,2,2022,0
2286,Georgia,2022-06-05,381414563.0,401053272.0,374126940.0,336660309.0,6,22,2,2022,0
2802,Georgia,2022-06-12,381382227.0,381414563.0,367838163.0,344501414.0,6,23,2,2022,0
4909,Georgia,2022-06-19,402468013.0,381382227.0,386374893.0,354222036.0,6,24,2,2022,0
6758,Georgia,2022-06-26,395036685.0,402468013.0,385078069.0,328540754.0,6,25,2,2022,0
2157,Georgia,2022-07-03,402606623.0,395036685.0,383504531.0,329236652.0,7,26,3,2022,0
2673,Georgia,2022-07-10,383730360.0,402606623.0,410982915.0,333122176.0,7,27,3,2022,0
4393,Georgia,2022-07-17,390307593.0,383730360.0,401053272.0,352359919.0,7,28,3,2022,0
6242,Georgia,2022-07-24,388923198.0,390307593.0,381414563.0,337901545.0,7,29,3,2022,0
8005,Georgia,2022-07-31,403928382.0,388923198.0,381382227.0,328585374.0,7,30,3,2022,0
2458,Georgia,2022-08-07,406489668.0,403928382.0,402468013.0,329252569.0,8,31,3,2022,0
3662,Georgia,2022-08-14,411516993.0,406489668.0,395036685.0,347151523.0,8,32,3,2022,0
5511,Georgia,2022-08-21,397965157.0,411516993.0,402606623.0,327200418.0,8,33,3,2022,0
7360,Georgia,2022-08-28,402234122.0,397965157.0,383730360.0,336182789.0,8,34,3,2022,0
2200,Georgia,2022-09-04,407907755.0,402234122.0,390307593.0,337213215.0,9,35,3,2022,0
2716,Georgia,2022-09-11,394161387.0,407907755.0,388923198.0,333802365.0,9,36,3,2022,0
4608,Georgia,2022-09-18,391431161.0,394161387.0,403928382.0,328715272.0,9,37,3,2022,0
6457,Georgia,2022-09-25,395074477.0,391431161.0,406489668.0,352766123.0,9,38,3,2022,0
2071,Georgia,2022-10-02,400501219.0,395074477.0,411516993.0,358685339.0,10,39,4,2022,0
2587,Georgia,2022-10-09,376048076.0,400501219.0,397965157.0,360956610.0,10,40,4,2022,0
4221,Georgia,2022-10-16,376757118.0,376048076.0,402234122.0,359985779.0,10,41,4,2022,0
6070,Georgia,2022-10-23,368951982.0,376757118.0,407907755.0,364039433.0,10,42,4,2022,0
7876,Georgia,2022-10-30,363390718.0,368951982.0,394161387.0,363376987.0,10,43,4,2022,0
2415,Georgia,2022-11-06,361574736.0,363390718.0,391431161.0,364285113.0,11,44,4,2022,0
3447,Georgia,2022-11-13,360856331.0,361574736.0,395074477.0,374126940.0,11,45,4,2022,0
5296,Georgia,2022-11-20,373185740.0,360856331.0,400501219.0,367838163.0,11,46,4,2022,0
7145,Georgia,2022-11-27,358143174.0,373185740.0,376048076.0,386374893.0,11,47,4,2022,0
2243,Georgia,2022-12-04,350833583.0,358143174.0,376757118.0,385078069.0,12,48,4,2022,0
2759,Georgia,2022-12-11,353241000.0,350833583.0,368951982.0,383504531.0,12,49,4,2022,0
4694,Georgia,2022-12-18,373390982.0,353241000.0,363390718.0,410982915.0,12,50,4,2022,0
6543,Georgia,2022-12-25,379725854.0,373390982.0,361574736.0,401053272.0,12,51,4,2022,0
2845,Georgia,2023-01-01,346758544.0,379725854.0,360856331.0,381414563.0,1,52,1,2023,0
3060,Georgia,2023-01-08,346855322.0,346758544.0,373185740.0,381382227.0,1,1,1,2023,0
3748,Georgia,2023-01-15,359865759.0,346855322.0,358143174.0,402468013.0,1,2,1,2023,0
5597,Georgia,2023-01-22,342184672.0,359865759.0,350833583.0,395036685.0,1,3,1,2023,0
7446,Georgia,2023-01-29,347824435.0,342184672.0,353241000.0,402606623.0,1,4,1,2023,0
2931,Georgia,2023-02-05,350918544.0,347824435.0,373390982.0,383730360.0,2,5,1,2023,0
3146,Georgia,2023-02-12,357158483.0,350918544.0,379725854.0,390307593.0,2,6,1,2023,0
4780,Georgia,2023-02-19,352448462.0,357158483.0,346758544.0,388923198.0,2,7,1,2023,0
6629,Georgia,2023-02-26,369505222.0,352448462.0,346855322.0,403928382.0,2,8,1,2023,0
2974,Georgia,2023-03-05,379897876.0,369505222.0,359865759.0,406489668.0,3,9,1,2023,0
3189,Georgia,2023-03-12,405494386.0,379897876.0,342184672.0,411516993.0,3,10,1,2023,0
4823,Georgia,2023-03-19,386918415.0,405494386.0,347824435.0,397965157.0,3,11,1,2023,0
6672,Georgia,2023-03-26,374538068.0,386918415.0,350918544.0,402234122.0,3,12,1,2023,0
2888,Georgia,2023-04-02,387840198.0,374538068.0,357158483.0,407907755.0,4,13,2,2023,0
3103,Georgia,2023-04-09,367936367.0,387840198.0,352448462.0,394161387.0,4,14,2,2023,0
4092,Georgia,2023-04-16,382272127.0,367936367.0,369505222.0,391431161.0,4,15,2,2023,0
5941,Georgia,2023-04-23,387642648.0,382272127.0,379897876.0,395074477.0,4,16,2,2023,0
7747,Georgia,2023-04-30,395601559.0,387642648.0,405494386.0,400501219.0,4,17,2,2023,0
3017,Georgia,2023-05-07,404105159.0,395601559.0,386918415.0,376048076.0,5,18,2,2023,0
94,Illinois,2019-10-06,181091999.0,404105159.0,374538068.0,376757118.0,10,40,4,2019,0
3405,Illinois,2019-10-13,179473339.0,181091999.0,387840198.0,368951982.0,10,41,4,2019,0
5254,Illinois,2019-10-20,171747245.0,179473339.0,367936367.0,363390718.0,10,42,4,2019,0
7103,Illinois,2019-10-27,169394537.0,171747245.0,382272127.0,361574736.0,10,43,4,2019,0
51,Illinois,2019-11-03,169707087.0,169394537.0,387642648.0,360856331.0,11,44,4,2019,0
180,Illinois,2019-11-10,172375681.0,169707087.0,395601559.0,373185740.0,11,45,4,2019,0
4480,Illinois,2019-11-17,175223243.0,172375681.0,404105159.0,358143174.0,11,46,4,2019,0
6329,Illinois,2019-11-24,177531816.0,175223243.0,181091999.0,350833583.0,11,47,4,2019,0
8,Illinois,2019-12-01,167913697.0,177531816.0,179473339.0,353241000.0,12,48,4,2019,0
137,Illinois,2019-12-08,173166397.0,167913697.0,171747245.0,373390982.0,12,49,4,2019,0
3964,Illinois,2019-12-15,177846809.0,173166397.0,169394537.0,379725854.0,12,50,4,2019,0
5813,Illinois,2019-12-22,191928058.0,177846809.0,169707087.0,346758544.0,12,51,4,2019,0
7662,Illinois,2019-12-29,171748546.0,191928058.0,172375681.0,346855322.0,12,52,4,2019,0
481,Illinois,2020-01-05,167140897.0,171748546.0,175223243.0,359865759.0,1,1,1,2020,0
997,Illinois,2020-01-12,172692449.0,167140897.0,177531816.0,342184672.0,1,2,1,2020,0
4738,Illinois,2020-01-19,169757178.0,172692449.0,167913697.0,347824435.0,1,3,1,2020,0
6587,Illinois,2020-01-26,165295901.0,169757178.0,173166397.0,350918544.0,1,4,1,2020,0
309,Illinois,2020-02-02,171263875.0,165295901.0,177846809.0,357158483.0,2,5,1,2020,0
825,Illinois,2020-02-09,169341636.0,171263875.0,191928058.0,352448462.0,2,6,1,2020,0
4050,Illinois,2020-02-16,166798755.0,169341636.0,171748546.0,369505222.0,2,7,1,2020,0
5899,Illinois,2020-02-23,169047636.0,166798755.0,167140897.0,379897876.0,2,8,1,2020,0
223,Illinois,2020-03-01,177994077.0,169047636.0,172692449.0,405494386.0,3,9,1,2020,0
739,Illinois,2020-03-08,185463112.0,177994077.0,169757178.0,386918415.0,3,10,1,2020,0
3792,Illinois,2020-03-15,219442899.0,185463112.0,165295901.0,374538068.0,3,11,1,2020,0
5641,Illinois,2020-03-22,199431898.0,219442899.0,171263875.0,387840198.0,3,12,1,2020,0
7490,Illinois,2020-03-29,165303611.0,199431898.0,169341636.0,367936367.0,3,13,1,2020,0
524,Illinois,2020-04-05,181787541.0,165303611.0,166798755.0,382272127.0,4,14,2,2020,0
1040,Illinois,2020-04-12,190544086.0,181787541.0,169047636.0,387642648.0,4,15,2,2020,0
4867,Illinois,2020-04-19,187133889.0,190544086.0,177994077.0,395601559.0,4,16,2,2020,0
6716,Illinois,2020-04-26,182357648.0,187133889.0,185463112.0,404105159.0,4,17,2,2020,0
395,Illinois,2020-05-03,189455076.0,182357648.0,219442899.0,181091999.0,5,18,2,2020,0
911,Illinois,2020-05-10,191978797.0,189455076.0,199431898.0,179473339.0,5,19,2,2020,0
4351,Illinois,2020-05-17,192199668.0,191978797.0,165303611.0,171747245.0,5,20,2,2020,0
6200,Illinois,2020-05-24,200253495.0,192199668.0,181787541.0,169394537.0,5,21,2,2020,0
7963,Illinois,2020-05-31,194605742.0,200253495.0,190544086.0,169707087.0,5,22,2,2020,0
696,Illinois,2020-06-07,204592725.0,194605742.0,187133889.0,172375681.0,6,23,2,2020,0
3620,Illinois,2020-06-14,203480045.0,204592725.0,182357648.0,175223243.0,6,24,2,2020,0
5469,Illinois,2020-06-21,202414363.0,203480045.0,189455076.0,177531816.0,6,25,2,2020,0
7318,Illinois,2020-06-28,206700072.0,202414363.0,191978797.0,167913697.0,6,26,2,2020,0
567,Illinois,2020-07-05,225472693.0,206700072.0,192199668.0,173166397.0,7,27,3,2020,0
1083,Illinois,2020-07-12,209603298.0,225472693.0,200253495.0,177846809.0,7,28,3,2020,0
4953,Illinois,2020-07-19,206801535.0,209603298.0,194605742.0,191928058.0,7,29,3,2020,0
6802,Illinois,2020-07-26,198012496.0,206801535.0,204592725.0,171748546.0,7,30,3,2020,0
352,Illinois,2020-08-02,201691236.0,198012496.0,203480045.0,167140897.0,8,31,3,2020,0
868,Illinois,2020-08-09,205098054.0,201691236.0,202414363.0,172692449.0,8,32,3,2020,0
4179,Illinois,2020-08-16,201018393.0,205098054.0,206700072.0,169757178.0,8,33,3,2020,0
6028,Illinois,2020-08-23,198010028.0,201018393.0,225472693.0,165295901.0,8,34,3,2020,0
7834,Illinois,2020-08-30,202292392.0,198010028.0,209603298.0,171263875.0,8,35,3,2020,0
610,Illinois,2020-09-06,197631548.0,202292392.0,206801535.0,169341636.0,9,36,3,2020,0
3362,Illinois,2020-09-13,188541211.0,197631548.0,198012496.0,166798755.0,9,37,3,2020,0
5211,Illinois,2020-09-20,187393954.0,188541211.0,201691236.0,169047636.0,9,38,3,2020,0
7060,Illinois,2020-09-27,184003042.0,187393954.0,205098054.0,177994077.0,9,39,3,2020,0
438,Illinois,2020-10-04,186846618.0,184003042.0,201018393.0,185463112.0,10,40,4,2020,0
954,Illinois,2020-10-11,189641773.0,186846618.0,198010028.0,219442899.0,10,41,4,2020,0
4652,Illinois,2020-10-18,182486649.0,189641773.0,202292392.0,199431898.0,10,42,4,2020,0
6501,Illinois,2020-10-25,176608690.0,182486649.0,197631548.0,165303611.0,10,43,4,2020,0
266,Illinois,2020-11-01,179673232.0,176608690.0,188541211.0,181787541.0,11,44,4,2020,0
782,Illinois,2020-11-08,183691948.0,179673232.0,187393954.0,190544086.0,11,45,4,2020,0
3921,Illinois,2020-11-15,184675766.0,183691948.0,184003042.0,187133889.0,11,46,4,2020,0
5770,Illinois,2020-11-22,190376093.0,184675766.0,186846618.0,182357648.0,11,47,4,2020,0
7619,Illinois,2020-11-29,176420194.0,190376093.0,189641773.0,189455076.0,11,48,4,2020,0
653,Illinois,2020-12-06,177749653.0,176420194.0,182486649.0,191978797.0,12,49,4,2020,0
3491,Illinois,2020-12-13,185424146.0,177749653.0,176608690.0,192199668.0,12,50,4,2020,0
5340,Illinois,2020-12-20,191245120.0,185424146.0,179673232.0,200253495.0,12,51,4,2020,0
7189,Illinois,2020-12-27,182005351.0,191245120.0,183691948.0,194605742.0,12,52,4,2020,0
1212,Illinois,2021-01-03,175411414.0,182005351.0,184675766.0,204592725.0,1,53,1,2021,0
1728,Illinois,2021-01-10,179843016.0,175411414.0,190376093.0,203480045.0,1,1,1,2021,0
4265,Illinois,2021-01-17,176009848.0,179843016.0,176420194.0,202414363.0,1,2,1,2021,0
6114,Illinois,2021-01-24,173498389.0,176009848.0,177749653.0,206700072.0,1,3,1,2021,0
7920,Illinois,2021-01-31,178906160.0,173498389.0,185424146.0,225472693.0,1,4,1,2021,0
1513,Illinois,2021-02-07,180591262.0,178906160.0,191245120.0,209603298.0,2,5,1,2021,0
3534,Illinois,2021-02-14,173567181.0,180591262.0,182005351.0,206801535.0,2,6,1,2021,0
5383,Illinois,2021-02-21,174743017.0,173567181.0,175411414.0,198012496.0,2,7,1,2021,0
7232,Illinois,2021-02-28,182399001.0,174743017.0,179843016.0,201691236.0,2,8,1,2021,0
1556,Illinois,2021-03-07,194041117.0,182399001.0,176009848.0,205098054.0,3,9,1,2021,0
3577,Illinois,2021-03-14,227953426.0,194041117.0,173498389.0,201018393.0,3,10,1,2021,0
5426,Illinois,2021-03-21,207344506.0,227953426.0,178906160.0,198010028.0,3,11,1,2021,0
7275,Illinois,2021-03-28,174024961.0,207344506.0,180591262.0,202292392.0,3,12,1,2021,0
1298,Illinois,2021-04-04,196802111.0,174024961.0,173567181.0,197631548.0,4,13,2,2021,0
1814,Illinois,2021-04-11,197492725.0,196802111.0,174743017.0,188541211.0,4,14,2,2021,0
4523,Illinois,2021-04-18,191078036.0,197492725.0,182399001.0,187393954.0,4,15,2,2021,0
6372,Illinois,2021-04-25,196608506.0,191078036.0,194041117.0,184003042.0,4,16,2,2021,0
1169,Illinois,2021-05-02,205547366.0,196608506.0,227953426.0,186846618.0,5,17,2,2021,0
1685,Illinois,2021-05-09,203636305.0,205547366.0,207344506.0,189641773.0,5,18,2,2021,0
4136,Illinois,2021-05-16,199445722.0,203636305.0,174024961.0,182486649.0,5,19,2,2021,0
5985,Illinois,2021-05-23,211622439.0,199445722.0,196802111.0,176608690.0,5,20,2,2021,0
7791,Illinois,2021-05-30,215845234.0,211622439.0,197492725.0,179673232.0,5,21,2,2021,0
1470,Illinois,2021-06-06,215831841.0,215845234.0,191078036.0,183691948.0,6,22,2,2021,0
3319,Illinois,2021-06-13,223371607.0,215831841.0,196608506.0,184675766.0,6,23,2,2021,0
5168,Illinois,2021-06-20,224377051.0,223371607.0,205547366.0,190376093.0,6,24,2,2021,0
7017,Illinois,2021-06-27,206643417.0,224377051.0,203636305.0,176420194.0,6,25,2,2021,0
1341,Illinois,2021-07-04,235170642.0,206643417.0,199445722.0,177749653.0,7,26,3,2021,0
1857,Illinois,2021-07-11,215153860.0,235170642.0,211622439.0,185424146.0,7,27,3,2021,0
4566,Illinois,2021-07-18,211555287.0,215153860.0,215845234.0,191245120.0,7,28,3,2021,0
6415,Illinois,2021-07-25,216729520.0,211555287.0,215831841.0,182005351.0,7,29,3,2021,0
1126,Illinois,2021-08-01,215890758.0,216729520.0,223371607.0,175411414.0,8,30,3,2021,0
1642,Illinois,2021-08-08,215452540.0,215890758.0,224377051.0,179843016.0,8,31,3,2021,0
3878,Illinois,2021-08-15,218662234.0,215452540.0,206643417.0,176009848.0,8,32,3,2021,0
5727,Illinois,2021-08-22,220926048.0,218662234.0,235170642.0,173498389.0,8,33,3,2021,0
7576,Illinois,2021-08-29,227183378.0,220926048.0,215153860.0,178906160.0,8,34,3,2021,0
1384,Illinois,2021-09-05,221934070.0,227183378.0,211555287.0,180591262.0,9,35,3,2021,0
1900,Illinois,2021-09-12,203910158.0,221934070.0,216729520.0,173567181.0,9,36,3,2021,0
4996,Illinois,2021-09-19,205718170.0,203910158.0,215890758.0,174743017.0,9,37,3,2021,0
6845,Illinois,2021-09-26,202708357.0,205718170.0,215452540.0,182399001.0,9,38,3,2021,0
1255,Illinois,2021-10-03,296380378.0,202708357.0,218662234.0,194041117.0,10,39,4,2021,0
1771,Illinois,2021-10-10,295098248.0,296380378.0,220926048.0,227953426.0,10,40,4,2021,0
4437,Illinois,2021-10-17,282872885.0,295098248.0,227183378.0,207344506.0,10,41,4,2021,0
6286,Illinois,2021-10-24,278433539.0,282872885.0,221934070.0,174024961.0,10,42,4,2021,0
8049,Illinois,2021-10-31,280869616.0,278433539.0,203910158.0,196802111.0,10,43,4,2021,0
1599,Illinois,2021-11-07,281852380.0,280869616.0,205718170.0,197492725.0,11,44,4,2021,0
3706,Illinois,2021-11-14,290798411.0,281852380.0,202708357.0,191078036.0,11,45,4,2021,0
5555,Illinois,2021-11-21,288337807.0,290798411.0,296380378.0,196608506.0,11,46,4,2021,0
7404,Illinois,2021-11-28,269485168.0,288337807.0,295098248.0,205547366.0,11,47,4,2021,0
1427,Illinois,2021-12-05,276496520.0,269485168.0,282872885.0,203636305.0,12,48,4,2021,0
1943,Illinois,2021-12-12,287001795.0,276496520.0,278433539.0,199445722.0,12,49,4,2021,0
5039,Illinois,2021-12-19,296964594.0,287001795.0,280869616.0,211622439.0,12,50,4,2021,0
6888,Illinois,2021-12-26,285742748.0,296964594.0,281852380.0,215845234.0,12,51,4,2021,0
2029,Illinois,2022-01-02,274788693.0,285742748.0,290798411.0,215831841.0,1,52,1,2022,0
2545,Illinois,2022-01-09,272958611.0,274788693.0,288337807.0,223371607.0,1,1,1,2022,0
4007,Illinois,2022-01-16,282114331.0,272958611.0,269485168.0,224377051.0,1,2,1,2022,0
5856,Illinois,2022-01-23,270482373.0,282114331.0,276496520.0,206643417.0,1,3,1,2022,0
7705,Illinois,2022-01-30,278716822.0,270482373.0,287001795.0,235170642.0,1,4,1,2022,0
2330,Illinois,2022-02-06,275702914.0,278716822.0,296964594.0,215153860.0,2,5,1,2022,0
3233,Illinois,2022-02-13,276682043.0,275702914.0,285742748.0,211555287.0,2,6,1,2022,0
5082,Illinois,2022-02-20,268026848.0,276682043.0,274788693.0,216729520.0,2,7,1,2022,0
6931,Illinois,2022-02-27,283594386.0,268026848.0,272958611.0,215890758.0,2,8,1,2022,0
2373,Illinois,2022-03-06,291370429.0,283594386.0,282114331.0,215452540.0,3,9,1,2022,0
3276,Illinois,2022-03-13,292041460.0,291370429.0,270482373.0,218662234.0,3,10,1,2022,0
5125,Illinois,2022-03-20,285403066.0,292041460.0,278716822.0,220926048.0,3,11,1,2022,0
6974,Illinois,2022-03-27,284209193.0,285403066.0,275702914.0,227183378.0,3,12,1,2022,0
2115,Illinois,2022-04-03,298511323.0,284209193.0,276682043.0,221934070.0,4,13,2,2022,0
2631,Illinois,2022-04-10,300737051.0,298511323.0,268026848.0,203910158.0,4,14,2,2022,0
4308,Illinois,2022-04-17,306965125.0,300737051.0,283594386.0,205718170.0,4,15,2,2022,0
6157,Illinois,2022-04-24,289583066.0,306965125.0,291370429.0,202708357.0,4,16,2,2022,0
1986,Illinois,2022-05-01,304066449.0,289583066.0,292041460.0,296380378.0,5,17,2,2022,0
2502,Illinois,2022-05-08,307796462.0,304066449.0,285403066.0,295098248.0,5,18,2,2022,0
3835,Illinois,2022-05-15,323031481.0,307796462.0,284209193.0,282872885.0,5,19,2,2022,0
5684,Illinois,2022-05-22,320361780.0,323031481.0,298511323.0,278433539.0,5,20,2,2022,0
7533,Illinois,2022-05-29,323720624.0,320361780.0,300737051.0,280869616.0,5,21,2,2022,0
2287,Illinois,2022-06-05,326723707.0,323720624.0,306965125.0,281852380.0,6,22,2,2022,0
2803,Illinois,2022-06-12,329303480.0,326723707.0,289583066.0,290798411.0,6,23,2,2022,0
4910,Illinois,2022-06-19,332607271.0,329303480.0,304066449.0,288337807.0,6,24,2,2022,0
6759,Illinois,2022-06-26,329321501.0,332607271.0,307796462.0,269485168.0,6,25,2,2022,0
2158,Illinois,2022-07-03,351403843.0,329321501.0,323031481.0,276496520.0,7,26,3,2022,0
2674,Illinois,2022-07-10,325136997.0,351403843.0,320361780.0,287001795.0,7,27,3,2022,0
4394,Illinois,2022-07-17,322944142.0,325136997.0,323720624.0,296964594.0,7,28,3,2022,0
6243,Illinois,2022-07-24,326426322.0,322944142.0,326723707.0,285742748.0,7,29,3,2022,0
8006,Illinois,2022-07-31,330043855.0,326426322.0,329303480.0,274788693.0,7,30,3,2022,0
2459,Illinois,2022-08-07,331640631.0,330043855.0,332607271.0,272958611.0,8,31,3,2022,0
3663,Illinois,2022-08-14,326737720.0,331640631.0,329321501.0,282114331.0,8,32,3,2022,0
5512,Illinois,2022-08-21,329101262.0,326737720.0,351403843.0,270482373.0,8,33,3,2022,0
7361,Illinois,2022-08-28,331581767.0,329101262.0,325136997.0,278716822.0,8,34,3,2022,0
2201,Illinois,2022-09-04,329332330.0,331581767.0,322944142.0,275702914.0,9,35,3,2022,0
2717,Illinois,2022-09-11,320151749.0,329332330.0,326426322.0,276682043.0,9,36,3,2022,0
4609,Illinois,2022-09-18,315605854.0,320151749.0,330043855.0,268026848.0,9,37,3,2022,0
6458,Illinois,2022-09-25,307020258.0,315605854.0,331640631.0,283594386.0,9,38,3,2022,0
2072,Illinois,2022-10-02,312342154.0,307020258.0,326737720.0,291370429.0,10,39,4,2022,0
2588,Illinois,2022-10-09,311670696.0,312342154.0,329101262.0,292041460.0,10,40,4,2022,0
4222,Illinois,2022-10-16,300046468.0,311670696.0,331581767.0,285403066.0,10,41,4,2022,0
6071,Illinois,2022-10-23,296777577.0,300046468.0,329332330.0,284209193.0,10,42,4,2022,0
7877,Illinois,2022-10-30,299171322.0,296777577.0,320151749.0,298511323.0,10,43,4,2022,0
2416,Illinois,2022-11-06,297530775.0,299171322.0,315605854.0,300737051.0,11,44,4,2022,0
3448,Illinois,2022-11-13,301720764.0,297530775.0,307020258.0,306965125.0,11,45,4,2022,0
5297,Illinois,2022-11-20,304754900.0,301720764.0,312342154.0,289583066.0,11,46,4,2022,0
7146,Illinois,2022-11-27,297964400.0,304754900.0,311670696.0,304066449.0,11,47,4,2022,0
2244,Illinois,2022-12-04,292748360.0,297964400.0,300046468.0,307796462.0,12,48,4,2022,0
2760,Illinois,2022-12-11,303436767.0,292748360.0,296777577.0,323031481.0,12,49,4,2022,0
4695,Illinois,2022-12-18,314639056.0,303436767.0,299171322.0,320361780.0,12,50,4,2022,0
6544,Illinois,2022-12-25,315346157.0,314639056.0,297530775.0,323720624.0,12,51,4,2022,0
2846,Illinois,2023-01-01,288821985.0,315346157.0,301720764.0,326723707.0,1,52,1,2023,0
3061,Illinois,2023-01-08,282394916.0,288821985.0,304754900.0,329303480.0,1,1,1,2023,0
3749,Illinois,2023-01-15,288290274.0,282394916.0,297964400.0,332607271.0,1,2,1,2023,0
5598,Illinois,2023-01-22,280675073.0,288290274.0,292748360.0,329321501.0,1,3,1,2023,0
7447,Illinois,2023-01-29,289687954.0,280675073.0,303436767.0,351403843.0,1,4,1,2023,0
2932,Illinois,2023-02-05,291522543.0,289687954.0,314639056.0,325136997.0,2,5,1,2023,0
3147,Illinois,2023-02-12,304521956.0,291522543.0,315346157.0,322944142.0,2,6,1,2023,0
4781,Illinois,2023-02-19,287407472.0,304521956.0,288821985.0,326426322.0,2,7,1,2023,0
6630,Illinois,2023-02-26,296223461.0,287407472.0,282394916.0,330043855.0,2,8,1,2023,0
2975,Illinois,2023-03-05,315399969.0,296223461.0,288290274.0,331640631.0,3,9,1,2023,0
3190,Illinois,2023-03-12,345355526.0,315399969.0,280675073.0,326737720.0,3,10,1,2023,0
4824,Illinois,2023-03-19,324581348.0,345355526.0,289687954.0,329101262.0,3,11,1,2023,0
6673,Illinois,2023-03-26,286576558.0,324581348.0,291522543.0,331581767.0,3,12,1,2023,0
2889,Illinois,2023-04-02,300303597.0,286576558.0,304521956.0,329332330.0,4,13,2,2023,0
3104,Illinois,2023-04-09,324769883.0,300303597.0,287407472.0,320151749.0,4,14,2,2023,0
4093,Illinois,2023-04-16,320376885.0,324769883.0,296223461.0,315605854.0,4,15,2,2023,0
5942,Illinois,2023-04-23,309761429.0,320376885.0,315399969.0,307020258.0,4,16,2,2023,0
7748,Illinois,2023-04-30,317674936.0,309761429.0,345355526.0,312342154.0,4,17,2,2023,0
3018,Illinois,2023-05-07,327722103.0,317674936.0,324581348.0,311670696.0,5,18,2,2023,0
95,Indiana,2019-10-06,127850725.0,327722103.0,286576558.0,300046468.0,10,40,4,2019,0
3406,Indiana,2019-10-13,124695383.0,127850725.0,300303597.0,296777577.0,10,41,4,2019,0
5255,Indiana,2019-10-20,119459991.0,124695383.0,324769883.0,299171322.0,10,42,4,2019,0
7104,Indiana,2019-10-27,117871951.0,119459991.0,320376885.0,297530775.0,10,43,4,2019,0
52,Indiana,2019-11-03,117416242.0,117871951.0,309761429.0,301720764.0,11,44,4,2019,0
181,Indiana,2019-11-10,116620226.0,117416242.0,317674936.0,304754900.0,11,45,4,2019,0
4481,Indiana,2019-11-17,118206970.0,116620226.0,327722103.0,297964400.0,11,46,4,2019,0
6330,Indiana,2019-11-24,122410437.0,118206970.0,127850725.0,292748360.0,11,47,4,2019,0
9,Indiana,2019-12-01,117489219.0,122410437.0,124695383.0,303436767.0,12,48,4,2019,0
138,Indiana,2019-12-08,116356931.0,117489219.0,119459991.0,314639056.0,12,49,4,2019,0
3965,Indiana,2019-12-15,120252021.0,116356931.0,117871951.0,315346157.0,12,50,4,2019,0
5814,Indiana,2019-12-22,128150634.0,120252021.0,117416242.0,288821985.0,12,51,4,2019,0
7663,Indiana,2019-12-29,119937601.0,128150634.0,116620226.0,282394916.0,12,52,4,2019,0
482,Indiana,2020-01-05,115775164.0,119937601.0,118206970.0,288290274.0,1,1,1,2020,0
998,Indiana,2020-01-12,116809953.0,115775164.0,122410437.0,280675073.0,1,2,1,2020,0
4739,Indiana,2020-01-19,118935094.0,116809953.0,117489219.0,289687954.0,1,3,1,2020,0
6588,Indiana,2020-01-26,111034723.0,118935094.0,116356931.0,291522543.0,1,4,1,2020,0
310,Indiana,2020-02-02,116658532.0,111034723.0,120252021.0,304521956.0,2,5,1,2020,0
826,Indiana,2020-02-09,115649156.0,116658532.0,128150634.0,287407472.0,2,6,1,2020,0
4051,Indiana,2020-02-16,115526771.0,115649156.0,119937601.0,296223461.0,2,7,1,2020,0
5900,Indiana,2020-02-23,117564245.0,115526771.0,115775164.0,315399969.0,2,8,1,2020,0
224,Indiana,2020-03-01,122128860.0,117564245.0,116809953.0,345355526.0,3,9,1,2020,0
740,Indiana,2020-03-08,124331397.0,122128860.0,118935094.0,324581348.0,3,10,1,2020,0
3793,Indiana,2020-03-15,139416011.0,124331397.0,111034723.0,286576558.0,3,11,1,2020,0
5642,Indiana,2020-03-22,138751371.0,139416011.0,116658532.0,300303597.0,3,12,1,2020,0
7491,Indiana,2020-03-29,117694236.0,138751371.0,115649156.0,324769883.0,3,13,1,2020,0
525,Indiana,2020-04-05,121100727.0,117694236.0,115526771.0,320376885.0,4,14,2,2020,0
1041,Indiana,2020-04-12,127886318.0,121100727.0,117564245.0,309761429.0,4,15,2,2020,0
4868,Indiana,2020-04-19,127241009.0,127886318.0,122128860.0,317674936.0,4,16,2,2020,0
6717,Indiana,2020-04-26,126769643.0,127241009.0,124331397.0,327722103.0,4,17,2,2020,0
396,Indiana,2020-05-03,131456101.0,126769643.0,139416011.0,127850725.0,5,18,2,2020,0
912,Indiana,2020-05-10,134548294.0,131456101.0,138751371.0,124695383.0,5,19,2,2020,0
4352,Indiana,2020-05-17,134296408.0,134548294.0,117694236.0,119459991.0,5,20,2,2020,0
6201,Indiana,2020-05-24,143051261.0,134296408.0,121100727.0,117871951.0,5,21,2,2020,0
7964,Indiana,2020-05-31,138437086.0,143051261.0,127886318.0,117416242.0,5,22,2,2020,0
697,Indiana,2020-06-07,144255565.0,138437086.0,127241009.0,116620226.0,6,23,2,2020,0
3621,Indiana,2020-06-14,143814236.0,144255565.0,126769643.0,118206970.0,6,24,2,2020,0
5470,Indiana,2020-06-21,143264040.0,143814236.0,131456101.0,122410437.0,6,25,2,2020,0
7319,Indiana,2020-06-28,146009547.0,143264040.0,134548294.0,117489219.0,6,26,2,2020,0
568,Indiana,2020-07-05,157947108.0,146009547.0,134296408.0,116356931.0,7,27,3,2020,0
1084,Indiana,2020-07-12,143800891.0,157947108.0,143051261.0,120252021.0,7,28,3,2020,0
4954,Indiana,2020-07-19,146675199.0,143800891.0,138437086.0,128150634.0,7,29,3,2020,0
6803,Indiana,2020-07-26,140947398.0,146675199.0,144255565.0,119937601.0,7,30,3,2020,0
353,Indiana,2020-08-02,140146752.0,140947398.0,143814236.0,115775164.0,8,31,3,2020,0
869,Indiana,2020-08-09,141463339.0,140146752.0,143264040.0,116809953.0,8,32,3,2020,0
4180,Indiana,2020-08-16,142549613.0,141463339.0,146009547.0,118935094.0,8,33,3,2020,0
6029,Indiana,2020-08-23,140948983.0,142549613.0,157947108.0,111034723.0,8,34,3,2020,0
7835,Indiana,2020-08-30,141686411.0,140948983.0,143800891.0,116658532.0,8,35,3,2020,0
611,Indiana,2020-09-06,138670536.0,141686411.0,146675199.0,115649156.0,9,36,3,2020,0
3363,Indiana,2020-09-13,136944933.0,138670536.0,140947398.0,115526771.0,9,37,3,2020,0
5212,Indiana,2020-09-20,136103330.0,136944933.0,140146752.0,117564245.0,9,38,3,2020,0
7061,Indiana,2020-09-27,134674309.0,136103330.0,141463339.0,122128860.0,9,39,3,2020,0
439,Indiana,2020-10-04,132507588.0,134674309.0,142549613.0,124331397.0,10,40,4,2020,0
955,Indiana,2020-10-11,131283884.0,132507588.0,140948983.0,139416011.0,10,41,4,2020,0
4653,Indiana,2020-10-18,129107106.0,131283884.0,141686411.0,138751371.0,10,42,4,2020,0
6502,Indiana,2020-10-25,127075613.0,129107106.0,138670536.0,117694236.0,10,43,4,2020,0
267,Indiana,2020-11-01,126201511.0,127075613.0,136944933.0,121100727.0,11,44,4,2020,0
783,Indiana,2020-11-08,128086368.0,126201511.0,136103330.0,127886318.0,11,45,4,2020,0
3922,Indiana,2020-11-15,130455323.0,128086368.0,134674309.0,127241009.0,11,46,4,2020,0
5771,Indiana,2020-11-22,133432690.0,130455323.0,132507588.0,126769643.0,11,47,4,2020,0
7620,Indiana,2020-11-29,128159889.0,133432690.0,131283884.0,131456101.0,11,48,4,2020,0
654,Indiana,2020-12-06,122077377.0,128159889.0,129107106.0,134548294.0,12,49,4,2020,0
3492,Indiana,2020-12-13,128019493.0,122077377.0,127075613.0,134296408.0,12,50,4,2020,0
5341,Indiana,2020-12-20,133118911.0,128019493.0,126201511.0,143051261.0,12,51,4,2020,0
7190,Indiana,2020-12-27,130197786.0,133118911.0,128086368.0,138437086.0,12,52,4,2020,0
1213,Indiana,2021-01-03,124091850.0,130197786.0,130455323.0,144255565.0,1,53,1,2021,0
1729,Indiana,2021-01-10,123636113.0,124091850.0,133432690.0,143814236.0,1,1,1,2021,0
4266,Indiana,2021-01-17,128577177.0,123636113.0,128159889.0,143264040.0,1,2,1,2021,0
6115,Indiana,2021-01-24,124676972.0,128577177.0,122077377.0,146009547.0,1,3,1,2021,0
7921,Indiana,2021-01-31,127354831.0,124676972.0,128019493.0,157947108.0,1,4,1,2021,0
1514,Indiana,2021-02-07,125502845.0,127354831.0,133118911.0,143800891.0,2,5,1,2021,0
3535,Indiana,2021-02-14,125762667.0,125502845.0,130197786.0,146675199.0,2,6,1,2021,0
5384,Indiana,2021-02-21,124536407.0,125762667.0,124091850.0,140947398.0,2,7,1,2021,0
7233,Indiana,2021-02-28,129668750.0,124536407.0,123636113.0,140146752.0,2,8,1,2021,0
1557,Indiana,2021-03-07,134629998.0,129668750.0,128577177.0,141463339.0,3,9,1,2021,0
3578,Indiana,2021-03-14,150372215.0,134629998.0,124676972.0,142549613.0,3,10,1,2021,0
5427,Indiana,2021-03-21,150386321.0,150372215.0,127354831.0,140948983.0,3,11,1,2021,0
7276,Indiana,2021-03-28,130329188.0,150386321.0,125502845.0,141686411.0,3,12,1,2021,0
1299,Indiana,2021-04-04,135173535.0,130329188.0,125762667.0,138670536.0,4,13,2,2021,0
1815,Indiana,2021-04-11,136162877.0,135173535.0,124536407.0,136944933.0,4,14,2,2021,0
4524,Indiana,2021-04-18,135305521.0,136162877.0,129668750.0,136103330.0,4,15,2,2021,0
6373,Indiana,2021-04-25,138778033.0,135305521.0,134629998.0,134674309.0,4,16,2,2021,0
1170,Indiana,2021-05-02,143657224.0,138778033.0,150372215.0,132507588.0,5,17,2,2021,0
1686,Indiana,2021-05-09,143864880.0,143657224.0,150386321.0,131283884.0,5,18,2,2021,0
4137,Indiana,2021-05-16,143572669.0,143864880.0,130329188.0,129107106.0,5,19,2,2021,0
5986,Indiana,2021-05-23,152381777.0,143572669.0,135173535.0,127075613.0,5,20,2,2021,0
7792,Indiana,2021-05-30,156489210.0,152381777.0,136162877.0,126201511.0,5,21,2,2021,0
1471,Indiana,2021-06-06,152115833.0,156489210.0,135305521.0,128086368.0,6,22,2,2021,0
3320,Indiana,2021-06-13,157382641.0,152115833.0,138778033.0,130455323.0,6,23,2,2021,0
5169,Indiana,2021-06-20,160605817.0,157382641.0,143657224.0,133432690.0,6,24,2,2021,0
7018,Indiana,2021-06-27,151626564.0,160605817.0,143864880.0,128159889.0,6,25,2,2021,0
1342,Indiana,2021-07-04,166676546.0,151626564.0,143572669.0,122077377.0,7,26,3,2021,0
1858,Indiana,2021-07-11,153095084.0,166676546.0,152381777.0,128019493.0,7,27,3,2021,0
4567,Indiana,2021-07-18,152121652.0,153095084.0,156489210.0,133118911.0,7,28,3,2021,0
6416,Indiana,2021-07-25,154413738.0,152121652.0,152115833.0,130197786.0,7,29,3,2021,0
1127,Indiana,2021-08-01,151862964.0,154413738.0,157382641.0,124091850.0,8,30,3,2021,0
1643,Indiana,2021-08-08,150564393.0,151862964.0,160605817.0,123636113.0,8,31,3,2021,0
3879,Indiana,2021-08-15,155768675.0,150564393.0,151626564.0,128577177.0,8,32,3,2021,0
5728,Indiana,2021-08-22,155327368.0,155768675.0,166676546.0,124676972.0,8,33,3,2021,0
7577,Indiana,2021-08-29,157342317.0,155327368.0,153095084.0,127354831.0,8,34,3,2021,0
1385,Indiana,2021-09-05,153501543.0,157342317.0,152121652.0,125502845.0,9,35,3,2021,0
1901,Indiana,2021-09-12,146855493.0,153501543.0,154413738.0,125762667.0,9,36,3,2021,0
4997,Indiana,2021-09-19,148392708.0,146855493.0,151862964.0,124536407.0,9,37,3,2021,0
6846,Indiana,2021-09-26,144973769.0,148392708.0,150564393.0,129668750.0,9,38,3,2021,0
1256,Indiana,2021-10-03,205571442.0,144973769.0,155768675.0,134629998.0,10,39,4,2021,0
1772,Indiana,2021-10-10,204222463.0,205571442.0,155327368.0,150372215.0,10,40,4,2021,0
4438,Indiana,2021-10-17,201261578.0,204222463.0,157342317.0,150386321.0,10,41,4,2021,0
6287,Indiana,2021-10-24,198294087.0,201261578.0,153501543.0,130329188.0,10,42,4,2021,0
8050,Indiana,2021-10-31,194870633.0,198294087.0,146855493.0,135173535.0,10,43,4,2021,0
1600,Indiana,2021-11-07,195899422.0,194870633.0,148392708.0,136162877.0,11,44,4,2021,0
3707,Indiana,2021-11-14,201623508.0,195899422.0,144973769.0,135305521.0,11,45,4,2021,0
5556,Indiana,2021-11-21,205513525.0,201623508.0,205571442.0,138778033.0,11,46,4,2021,0
7405,Indiana,2021-11-28,192477586.0,205513525.0,204222463.0,143657224.0,11,47,4,2021,0
1428,Indiana,2021-12-05,189111354.0,192477586.0,201261578.0,143864880.0,12,48,4,2021,0
1944,Indiana,2021-12-12,198276752.0,189111354.0,198294087.0,143572669.0,12,49,4,2021,0
5040,Indiana,2021-12-19,208021927.0,198276752.0,194870633.0,152381777.0,12,50,4,2021,0
6889,Indiana,2021-12-26,202810432.0,208021927.0,195899422.0,156489210.0,12,51,4,2021,0
2030,Indiana,2022-01-02,190740274.0,202810432.0,201623508.0,152115833.0,1,52,1,2022,0
2546,Indiana,2022-01-09,190489567.0,190740274.0,205513525.0,157382641.0,1,1,1,2022,0
4008,Indiana,2022-01-16,200986654.0,190489567.0,192477586.0,160605817.0,1,2,1,2022,0
5857,Indiana,2022-01-23,190665257.0,200986654.0,189111354.0,151626564.0,1,3,1,2022,0
7706,Indiana,2022-01-30,194169760.0,190665257.0,198276752.0,166676546.0,1,4,1,2022,0
2331,Indiana,2022-02-06,194929081.0,194169760.0,208021927.0,153095084.0,2,5,1,2022,0
3234,Indiana,2022-02-13,195285776.0,194929081.0,202810432.0,152121652.0,2,6,1,2022,0
5083,Indiana,2022-02-20,191968142.0,195285776.0,190740274.0,154413738.0,2,7,1,2022,0
6932,Indiana,2022-02-27,200298365.0,191968142.0,190489567.0,151862964.0,2,8,1,2022,0
2374,Indiana,2022-03-06,202181303.0,200298365.0,200986654.0,150564393.0,3,9,1,2022,0
3277,Indiana,2022-03-13,205372538.0,202181303.0,190665257.0,155768675.0,3,10,1,2022,0
5126,Indiana,2022-03-20,205327214.0,205372538.0,194169760.0,155327368.0,3,11,1,2022,0
6975,Indiana,2022-03-27,201956399.0,205327214.0,194929081.0,157342317.0,3,12,1,2022,0
2116,Indiana,2022-04-03,206089832.0,201956399.0,195285776.0,153501543.0,4,13,2,2022,0
2632,Indiana,2022-04-10,208023752.0,206089832.0,191968142.0,146855493.0,4,14,2,2022,0
4309,Indiana,2022-04-17,215450721.0,208023752.0,200298365.0,148392708.0,4,15,2,2022,0
6158,Indiana,2022-04-24,205818236.0,215450721.0,202181303.0,144973769.0,4,16,2,2022,0
1987,Indiana,2022-05-01,212444441.0,205818236.0,205372538.0,205571442.0,5,17,2,2022,0
2503,Indiana,2022-05-08,213902089.0,212444441.0,205327214.0,204222463.0,5,18,2,2022,0
3836,Indiana,2022-05-15,222954021.0,213902089.0,201956399.0,201261578.0,5,19,2,2022,0
5685,Indiana,2022-05-22,231422188.0,222954021.0,206089832.0,198294087.0,5,20,2,2022,0
7534,Indiana,2022-05-29,231492773.0,231422188.0,208023752.0,194870633.0,5,21,2,2022,0
2288,Indiana,2022-06-05,223844828.0,231492773.0,215450721.0,195899422.0,6,22,2,2022,0
2804,Indiana,2022-06-12,224741381.0,223844828.0,205818236.0,201623508.0,6,23,2,2022,0
4911,Indiana,2022-06-19,232822647.0,224741381.0,212444441.0,205513525.0,6,24,2,2022,0
6760,Indiana,2022-06-26,231333341.0,232822647.0,213902089.0,192477586.0,6,25,2,2022,0
2159,Indiana,2022-07-03,245802193.0,231333341.0,222954021.0,189111354.0,7,26,3,2022,0
2675,Indiana,2022-07-10,225822175.0,245802193.0,231422188.0,198276752.0,7,27,3,2022,0
4395,Indiana,2022-07-17,226763655.0,225822175.0,231492773.0,208021927.0,7,28,3,2022,0
6244,Indiana,2022-07-24,230490077.0,226763655.0,223844828.0,202810432.0,7,29,3,2022,0
8007,Indiana,2022-07-31,228600502.0,230490077.0,224741381.0,190740274.0,7,30,3,2022,0
2460,Indiana,2022-08-07,233222693.0,228600502.0,232822647.0,190489567.0,8,31,3,2022,0
3664,Indiana,2022-08-14,231687005.0,233222693.0,231333341.0,200986654.0,8,32,3,2022,0
5513,Indiana,2022-08-21,232468230.0,231687005.0,245802193.0,190665257.0,8,33,3,2022,0
7362,Indiana,2022-08-28,233265352.0,232468230.0,225822175.0,194169760.0,8,34,3,2022,0
2202,Indiana,2022-09-04,231355927.0,233265352.0,226763655.0,194929081.0,9,35,3,2022,0
2718,Indiana,2022-09-11,225562302.0,231355927.0,230490077.0,195285776.0,9,36,3,2022,0
4610,Indiana,2022-09-18,226801841.0,225562302.0,228600502.0,191968142.0,9,37,3,2022,0
6459,Indiana,2022-09-25,220893361.0,226801841.0,233222693.0,200298365.0,9,38,3,2022,0
2073,Indiana,2022-10-02,219252982.0,220893361.0,231687005.0,202181303.0,10,39,4,2022,0
2589,Indiana,2022-10-09,216869531.0,219252982.0,232468230.0,205372538.0,10,40,4,2022,0
4223,Indiana,2022-10-16,213503257.0,216869531.0,233265352.0,205327214.0,10,41,4,2022,0
6072,Indiana,2022-10-23,209982292.0,213503257.0,231355927.0,201956399.0,10,42,4,2022,0
7878,Indiana,2022-10-30,208293556.0,209982292.0,225562302.0,206089832.0,10,43,4,2022,0
2417,Indiana,2022-11-06,207047247.0,208293556.0,226801841.0,208023752.0,11,44,4,2022,0
3449,Indiana,2022-11-13,212211042.0,207047247.0,220893361.0,215450721.0,11,45,4,2022,0
5298,Indiana,2022-11-20,214986854.0,212211042.0,219252982.0,205818236.0,11,46,4,2022,0
7147,Indiana,2022-11-27,213289682.0,214986854.0,216869531.0,212444441.0,11,47,4,2022,0
2245,Indiana,2022-12-04,200675535.0,213289682.0,213503257.0,213902089.0,12,48,4,2022,0
2761,Indiana,2022-12-11,209083531.0,200675535.0,209982292.0,222954021.0,12,49,4,2022,0
4696,Indiana,2022-12-18,218718280.0,209083531.0,208293556.0,231422188.0,12,50,4,2022,0
6545,Indiana,2022-12-25,229211987.0,218718280.0,207047247.0,231492773.0,12,51,4,2022,0
2847,Indiana,2023-01-01,198002149.0,229211987.0,212211042.0,223844828.0,1,52,1,2023,0
3062,Indiana,2023-01-08,196394618.0,198002149.0,214986854.0,224741381.0,1,1,1,2023,0
3750,Indiana,2023-01-15,204160488.0,196394618.0,213289682.0,232822647.0,1,2,1,2023,0
5599,Indiana,2023-01-22,202091664.0,204160488.0,200675535.0,231333341.0,1,3,1,2023,0
7448,Indiana,2023-01-29,201375177.0,202091664.0,209083531.0,245802193.0,1,4,1,2023,0
2933,Indiana,2023-02-05,206145477.0,201375177.0,218718280.0,225822175.0,2,5,1,2023,0
3148,Indiana,2023-02-12,210189134.0,206145477.0,229211987.0,226763655.0,2,6,1,2023,0
4782,Indiana,2023-02-19,207748355.0,210189134.0,198002149.0,230490077.0,2,7,1,2023,0
6631,Indiana,2023-02-26,210958999.0,207748355.0,196394618.0,228600502.0,2,8,1,2023,0
2976,Indiana,2023-03-05,218242635.0,210958999.0,204160488.0,233222693.0,3,9,1,2023,0
3191,Indiana,2023-03-12,233961027.0,218242635.0,202091664.0,231687005.0,3,10,1,2023,0
4825,Indiana,2023-03-19,231016339.0,233961027.0,201375177.0,232468230.0,3,11,1,2023,0
6674,Indiana,2023-03-26,207930971.0,231016339.0,206145477.0,233265352.0,3,12,1,2023,0
2890,Indiana,2023-04-02,209455408.0,207930971.0,210189134.0,231355927.0,4,13,2,2023,0
3105,Indiana,2023-04-09,223116175.0,209455408.0,207748355.0,225562302.0,4,14,2,2023,0
4094,Indiana,2023-04-16,225317024.0,223116175.0,210958999.0,226801841.0,4,15,2,2023,0
5943,Indiana,2023-04-23,224558086.0,225317024.0,218242635.0,220893361.0,4,16,2,2023,0
7749,Indiana,2023-04-30,227926725.0,224558086.0,233961027.0,219252982.0,4,17,2,2023,0
3019,Indiana,2023-05-07,232091906.0,227926725.0,231016339.0,216869531.0,5,18,2,2023,0
96,Iowa,2019-10-06,63444415.0,232091906.0,207930971.0,213503257.0,10,40,4,2019,0
3407,Iowa,2019-10-13,63034590.0,63444415.0,209455408.0,209982292.0,10,41,4,2019,0
5256,Iowa,2019-10-20,62527284.0,63034590.0,223116175.0,208293556.0,10,42,4,2019,0
7105,Iowa,2019-10-27,63267657.0,62527284.0,225317024.0,207047247.0,10,43,4,2019,0
53,Iowa,2019-11-03,62361904.0,63267657.0,224558086.0,212211042.0,11,44,4,2019,0
182,Iowa,2019-11-10,62117990.0,62361904.0,227926725.0,214986854.0,11,45,4,2019,0
4482,Iowa,2019-11-17,64211461.0,62117990.0,232091906.0,213289682.0,11,46,4,2019,0
6331,Iowa,2019-11-24,62835744.0,64211461.0,63444415.0,200675535.0,11,47,4,2019,0
10,Iowa,2019-12-01,60702758.0,62835744.0,63034590.0,209083531.0,12,48,4,2019,0
139,Iowa,2019-12-08,63074140.0,60702758.0,62527284.0,218718280.0,12,49,4,2019,0
3966,Iowa,2019-12-15,63146272.0,63074140.0,63267657.0,229211987.0,12,50,4,2019,0
5815,Iowa,2019-12-22,67258273.0,63146272.0,62361904.0,198002149.0,12,51,4,2019,0
7664,Iowa,2019-12-29,59575156.0,67258273.0,62117990.0,196394618.0,12,52,4,2019,0
483,Iowa,2020-01-05,59067696.0,59575156.0,64211461.0,204160488.0,1,1,1,2020,0
999,Iowa,2020-01-12,60918899.0,59067696.0,62835744.0,202091664.0,1,2,1,2020,0
4740,Iowa,2020-01-19,59727420.0,60918899.0,60702758.0,201375177.0,1,3,1,2020,0
6589,Iowa,2020-01-26,58551029.0,59727420.0,63074140.0,206145477.0,1,4,1,2020,0
311,Iowa,2020-02-02,60863495.0,58551029.0,63146272.0,210189134.0,2,5,1,2020,0
827,Iowa,2020-02-09,59036831.0,60863495.0,67258273.0,207748355.0,2,6,1,2020,0
4052,Iowa,2020-02-16,60434569.0,59036831.0,59575156.0,210958999.0,2,7,1,2020,0
5901,Iowa,2020-02-23,60677984.0,60434569.0,59067696.0,218242635.0,2,8,1,2020,0
225,Iowa,2020-03-01,64202566.0,60677984.0,60918899.0,233961027.0,3,9,1,2020,0
741,Iowa,2020-03-08,65961485.0,64202566.0,59727420.0,231016339.0,3,10,1,2020,0
3794,Iowa,2020-03-15,72534465.0,65961485.0,58551029.0,207930971.0,3,11,1,2020,0
5643,Iowa,2020-03-22,69277942.0,72534465.0,60863495.0,209455408.0,3,12,1,2020,0
7492,Iowa,2020-03-29,62548451.0,69277942.0,59036831.0,223116175.0,3,13,1,2020,0
526,Iowa,2020-04-05,66389957.0,62548451.0,60434569.0,225317024.0,4,14,2,2020,0
1042,Iowa,2020-04-12,66163154.0,66389957.0,60677984.0,224558086.0,4,15,2,2020,0
4869,Iowa,2020-04-19,67003318.0,66163154.0,64202566.0,227926725.0,4,16,2,2020,0
6718,Iowa,2020-04-26,67021799.0,67003318.0,65961485.0,232091906.0,4,17,2,2020,0
397,Iowa,2020-05-03,71602720.0,67021799.0,72534465.0,63444415.0,5,18,2,2020,0
913,Iowa,2020-05-10,70346550.0,71602720.0,69277942.0,63034590.0,5,19,2,2020,0
4353,Iowa,2020-05-17,70218530.0,70346550.0,62548451.0,62527284.0,5,20,2,2020,0
6202,Iowa,2020-05-24,72411482.0,70218530.0,66389957.0,63267657.0,5,21,2,2020,0
7965,Iowa,2020-05-31,69696599.0,72411482.0,66163154.0,62361904.0,5,22,2,2020,0
698,Iowa,2020-06-07,79630034.0,69696599.0,67003318.0,62117990.0,6,23,2,2020,0
3622,Iowa,2020-06-14,75197006.0,79630034.0,67021799.0,64211461.0,6,24,2,2020,0
5471,Iowa,2020-06-21,72152021.0,75197006.0,71602720.0,62835744.0,6,25,2,2020,0
7320,Iowa,2020-06-28,77381431.0,72152021.0,70346550.0,60702758.0,6,26,2,2020,0
569,Iowa,2020-07-05,80322689.0,77381431.0,70218530.0,63074140.0,7,27,3,2020,0
1085,Iowa,2020-07-12,76363182.0,80322689.0,72411482.0,63146272.0,7,28,3,2020,0
4955,Iowa,2020-07-19,76522154.0,76363182.0,69696599.0,67258273.0,7,29,3,2020,0
6804,Iowa,2020-07-26,72772273.0,76522154.0,79630034.0,59575156.0,7,30,3,2020,0
354,Iowa,2020-08-02,75647606.0,72772273.0,75197006.0,59067696.0,8,31,3,2020,0
870,Iowa,2020-08-09,74943873.0,75647606.0,72152021.0,60918899.0,8,32,3,2020,0
4181,Iowa,2020-08-16,73974142.0,74943873.0,77381431.0,59727420.0,8,33,3,2020,0
6030,Iowa,2020-08-23,73771597.0,73974142.0,80322689.0,58551029.0,8,34,3,2020,0
7836,Iowa,2020-08-30,73745120.0,73771597.0,76363182.0,60863495.0,8,35,3,2020,0
612,Iowa,2020-09-06,72476738.0,73745120.0,76522154.0,59036831.0,9,36,3,2020,0
3364,Iowa,2020-09-13,67693988.0,72476738.0,72772273.0,60434569.0,9,37,3,2020,0
5213,Iowa,2020-09-20,68574622.0,67693988.0,75647606.0,60677984.0,9,38,3,2020,0
7062,Iowa,2020-09-27,67464351.0,68574622.0,74943873.0,64202566.0,9,39,3,2020,0
440,Iowa,2020-10-04,67069562.0,67464351.0,73974142.0,65961485.0,10,40,4,2020,0
956,Iowa,2020-10-11,68954557.0,67069562.0,73771597.0,72534465.0,10,41,4,2020,0
4654,Iowa,2020-10-18,66751333.0,68954557.0,73745120.0,69277942.0,10,42,4,2020,0
6503,Iowa,2020-10-25,64181269.0,66751333.0,72476738.0,62548451.0,10,43,4,2020,0
268,Iowa,2020-11-01,65694281.0,64181269.0,67693988.0,66389957.0,11,44,4,2020,0
784,Iowa,2020-11-08,67146619.0,65694281.0,68574622.0,66163154.0,11,45,4,2020,0
3923,Iowa,2020-11-15,65557144.0,67146619.0,67464351.0,67003318.0,11,46,4,2020,0
5772,Iowa,2020-11-22,67064477.0,65557144.0,67069562.0,67021799.0,11,47,4,2020,0
7621,Iowa,2020-11-29,61554063.0,67064477.0,68954557.0,71602720.0,11,48,4,2020,0
655,Iowa,2020-12-06,65202298.0,61554063.0,66751333.0,70346550.0,12,49,4,2020,0
3493,Iowa,2020-12-13,64664951.0,65202298.0,64181269.0,70218530.0,12,50,4,2020,0
5342,Iowa,2020-12-20,67615055.0,64664951.0,65694281.0,72411482.0,12,51,4,2020,0
7191,Iowa,2020-12-27,62352024.0,67615055.0,67146619.0,69696599.0,12,52,4,2020,0
1214,Iowa,2021-01-03,61085596.0,62352024.0,65557144.0,79630034.0,1,53,1,2021,0
1730,Iowa,2021-01-10,63759010.0,61085596.0,67064477.0,75197006.0,1,1,1,2021,0
4267,Iowa,2021-01-17,61756295.0,63759010.0,61554063.0,72152021.0,1,2,1,2021,0
6116,Iowa,2021-01-24,63355696.0,61756295.0,65202298.0,77381431.0,1,3,1,2021,0
7922,Iowa,2021-01-31,64409990.0,63355696.0,64664951.0,80322689.0,1,4,1,2021,0
1515,Iowa,2021-02-07,64829760.0,64409990.0,67615055.0,76363182.0,2,5,1,2021,0
3536,Iowa,2021-02-14,63001780.0,64829760.0,62352024.0,76522154.0,2,6,1,2021,0
5385,Iowa,2021-02-21,64439883.0,63001780.0,61085596.0,72772273.0,2,7,1,2021,0
7234,Iowa,2021-02-28,67613100.0,64439883.0,63759010.0,75647606.0,2,8,1,2021,0
1558,Iowa,2021-03-07,70225990.0,67613100.0,61756295.0,74943873.0,3,9,1,2021,0
3579,Iowa,2021-03-14,76630967.0,70225990.0,63355696.0,73974142.0,3,10,1,2021,0
5428,Iowa,2021-03-21,73557244.0,76630967.0,64409990.0,73771597.0,3,11,1,2021,0
7277,Iowa,2021-03-28,65324667.0,73557244.0,64829760.0,73745120.0,3,12,1,2021,0
1300,Iowa,2021-04-04,73011510.0,65324667.0,63001780.0,72476738.0,4,13,2,2021,0
1816,Iowa,2021-04-11,70719000.0,73011510.0,64439883.0,67693988.0,4,14,2,2021,0
4525,Iowa,2021-04-18,70207099.0,70719000.0,67613100.0,68574622.0,4,15,2,2021,0
6374,Iowa,2021-04-25,73279235.0,70207099.0,70225990.0,67464351.0,4,16,2,2021,0
1171,Iowa,2021-05-02,79067028.0,73279235.0,76630967.0,67069562.0,5,17,2,2021,0
1687,Iowa,2021-05-09,76275585.0,79067028.0,73557244.0,68954557.0,5,18,2,2021,0
4138,Iowa,2021-05-16,75215701.0,76275585.0,65324667.0,66751333.0,5,19,2,2021,0
5987,Iowa,2021-05-23,76143300.0,75215701.0,73011510.0,64181269.0,5,20,2,2021,0
7793,Iowa,2021-05-30,77550280.0,76143300.0,70719000.0,65694281.0,5,21,2,2021,0
1472,Iowa,2021-06-06,84625327.0,77550280.0,70207099.0,67146619.0,6,22,2,2021,0
3321,Iowa,2021-06-13,84954704.0,84625327.0,73279235.0,65557144.0,6,23,2,2021,0
5170,Iowa,2021-06-20,81627169.0,84954704.0,79067028.0,67064477.0,6,24,2,2021,0
7019,Iowa,2021-06-27,78577608.0,81627169.0,76275585.0,61554063.0,6,25,2,2021,0
1343,Iowa,2021-07-04,86352759.0,78577608.0,75215701.0,65202298.0,7,26,3,2021,0
1859,Iowa,2021-07-11,79246251.0,86352759.0,76143300.0,64664951.0,7,27,3,2021,0
4568,Iowa,2021-07-18,79597243.0,79246251.0,77550280.0,67615055.0,7,28,3,2021,0
6417,Iowa,2021-07-25,81060402.0,79597243.0,84625327.0,62352024.0,7,29,3,2021,0
1128,Iowa,2021-08-01,79648389.0,81060402.0,84954704.0,61085596.0,8,30,3,2021,0
1644,Iowa,2021-08-08,80043512.0,79648389.0,81627169.0,63759010.0,8,31,3,2021,0
3880,Iowa,2021-08-15,82384685.0,80043512.0,78577608.0,61756295.0,8,32,3,2021,0
5729,Iowa,2021-08-22,81136830.0,82384685.0,86352759.0,63355696.0,8,33,3,2021,0
7578,Iowa,2021-08-29,79453066.0,81136830.0,79246251.0,64409990.0,8,34,3,2021,0
1386,Iowa,2021-09-05,79767883.0,79453066.0,79597243.0,64829760.0,9,35,3,2021,0
1902,Iowa,2021-09-12,73285694.0,79767883.0,81060402.0,63001780.0,9,36,3,2021,0
4998,Iowa,2021-09-19,75359497.0,73285694.0,79648389.0,64439883.0,9,37,3,2021,0
6847,Iowa,2021-09-26,74902560.0,75359497.0,80043512.0,67613100.0,9,38,3,2021,0
1257,Iowa,2021-10-03,107123241.0,74902560.0,82384685.0,70225990.0,10,39,4,2021,0
1773,Iowa,2021-10-10,106932039.0,107123241.0,81136830.0,76630967.0,10,40,4,2021,0
4439,Iowa,2021-10-17,103822589.0,106932039.0,79453066.0,73557244.0,10,41,4,2021,0
6288,Iowa,2021-10-24,101866411.0,103822589.0,79767883.0,65324667.0,10,42,4,2021,0
8051,Iowa,2021-10-31,100572084.0,101866411.0,73285694.0,73011510.0,10,43,4,2021,0
1601,Iowa,2021-11-07,103094970.0,100572084.0,75359497.0,70719000.0,11,44,4,2021,0
3708,Iowa,2021-11-14,103832897.0,103094970.0,74902560.0,70207099.0,11,45,4,2021,0
5557,Iowa,2021-11-21,102844373.0,103832897.0,107123241.0,73279235.0,11,46,4,2021,0
7406,Iowa,2021-11-28,96761843.0,102844373.0,106932039.0,79067028.0,11,47,4,2021,0
1429,Iowa,2021-12-05,102169961.0,96761843.0,103822589.0,76275585.0,12,48,4,2021,0
1945,Iowa,2021-12-12,102182784.0,102169961.0,101866411.0,75215701.0,12,49,4,2021,0
5041,Iowa,2021-12-19,105762342.0,102182784.0,100572084.0,76143300.0,12,50,4,2021,0
6890,Iowa,2021-12-26,100465037.0,105762342.0,103094970.0,77550280.0,12,51,4,2021,0
2031,Iowa,2022-01-02,95784306.0,100465037.0,103832897.0,84625327.0,1,52,1,2022,0
2547,Iowa,2022-01-09,97403752.0,95784306.0,102844373.0,84954704.0,1,1,1,2022,0
4009,Iowa,2022-01-16,99577445.0,97403752.0,96761843.0,81627169.0,1,2,1,2022,0
5858,Iowa,2022-01-23,97405833.0,99577445.0,102169961.0,78577608.0,1,3,1,2022,0
7707,Iowa,2022-01-30,98044270.0,97405833.0,102182784.0,86352759.0,1,4,1,2022,0
2332,Iowa,2022-02-06,98650651.0,98044270.0,105762342.0,79246251.0,2,5,1,2022,0
3235,Iowa,2022-02-13,99808344.0,98650651.0,100465037.0,79597243.0,2,6,1,2022,0
5084,Iowa,2022-02-20,99853709.0,99808344.0,95784306.0,81060402.0,2,7,1,2022,0
6933,Iowa,2022-02-27,102026030.0,99853709.0,97403752.0,79648389.0,2,8,1,2022,0
2375,Iowa,2022-03-06,106337264.0,102026030.0,99577445.0,80043512.0,3,9,1,2022,0
3278,Iowa,2022-03-13,106060560.0,106337264.0,97405833.0,82384685.0,3,10,1,2022,0
5127,Iowa,2022-03-20,107590345.0,106060560.0,98044270.0,81136830.0,3,11,1,2022,0
6976,Iowa,2022-03-27,105383641.0,107590345.0,98650651.0,79453066.0,3,12,1,2022,0
2117,Iowa,2022-04-03,111445944.0,105383641.0,99808344.0,79767883.0,4,13,2,2022,0
2633,Iowa,2022-04-10,111233416.0,111445944.0,99853709.0,73285694.0,4,14,2,2022,0
4310,Iowa,2022-04-17,114022027.0,111233416.0,102026030.0,75359497.0,4,15,2,2022,0
6159,Iowa,2022-04-24,107798902.0,114022027.0,106337264.0,74902560.0,4,16,2,2022,0
1988,Iowa,2022-05-01,114451834.0,107798902.0,106060560.0,107123241.0,5,17,2,2022,0
2504,Iowa,2022-05-08,113497323.0,114451834.0,107590345.0,106932039.0,5,18,2,2022,0
3837,Iowa,2022-05-15,120045447.0,113497323.0,105383641.0,103822589.0,5,19,2,2022,0
5686,Iowa,2022-05-22,116091521.0,120045447.0,111445944.0,101866411.0,5,20,2,2022,0
7535,Iowa,2022-05-29,116918119.0,116091521.0,111233416.0,100572084.0,5,21,2,2022,0
2289,Iowa,2022-06-05,122942227.0,116918119.0,114022027.0,103094970.0,6,22,2,2022,0
2805,Iowa,2022-06-12,123855971.0,122942227.0,107798902.0,103832897.0,6,23,2,2022,0
4912,Iowa,2022-06-19,121225511.0,123855971.0,114451834.0,102844373.0,6,24,2,2022,0
6761,Iowa,2022-06-26,123142814.0,121225511.0,113497323.0,96761843.0,6,25,2,2022,0
2160,Iowa,2022-07-03,127666471.0,123142814.0,120045447.0,102169961.0,7,26,3,2022,0
2676,Iowa,2022-07-10,118292839.0,127666471.0,116091521.0,102182784.0,7,27,3,2022,0
4396,Iowa,2022-07-17,120250571.0,118292839.0,116918119.0,105762342.0,7,28,3,2022,0
6245,Iowa,2022-07-24,121581654.0,120250571.0,122942227.0,100465037.0,7,29,3,2022,0
8008,Iowa,2022-07-31,118833542.0,121581654.0,123855971.0,95784306.0,7,30,3,2022,0
2461,Iowa,2022-08-07,121017679.0,118833542.0,121225511.0,97403752.0,8,31,3,2022,0
3665,Iowa,2022-08-14,118799397.0,121017679.0,123142814.0,99577445.0,8,32,3,2022,0
5514,Iowa,2022-08-21,117909148.0,118799397.0,127666471.0,97405833.0,8,33,3,2022,0
7363,Iowa,2022-08-28,116479097.0,117909148.0,118292839.0,98044270.0,8,34,3,2022,0
2203,Iowa,2022-09-04,118474984.0,116479097.0,120250571.0,98650651.0,9,35,3,2022,0
2719,Iowa,2022-09-11,114040881.0,118474984.0,121581654.0,99808344.0,9,36,3,2022,0
4611,Iowa,2022-09-18,114396176.0,114040881.0,118833542.0,99853709.0,9,37,3,2022,0
6460,Iowa,2022-09-25,111609040.0,114396176.0,121017679.0,102026030.0,9,38,3,2022,0
2074,Iowa,2022-10-02,112398449.0,111609040.0,118799397.0,106337264.0,10,39,4,2022,0
2590,Iowa,2022-10-09,113810898.0,112398449.0,117909148.0,106060560.0,10,40,4,2022,0
4224,Iowa,2022-10-16,110027794.0,113810898.0,116479097.0,107590345.0,10,41,4,2022,0
6073,Iowa,2022-10-23,109087987.0,110027794.0,118474984.0,105383641.0,10,42,4,2022,0
7879,Iowa,2022-10-30,107437128.0,109087987.0,114040881.0,111445944.0,10,43,4,2022,0
2418,Iowa,2022-11-06,108982306.0,107437128.0,114396176.0,111233416.0,11,44,4,2022,0
3450,Iowa,2022-11-13,108897484.0,108982306.0,111609040.0,114022027.0,11,45,4,2022,0
5299,Iowa,2022-11-20,111104860.0,108897484.0,112398449.0,107798902.0,11,46,4,2022,0
7148,Iowa,2022-11-27,106727485.0,111104860.0,113810898.0,114451834.0,11,47,4,2022,0
2246,Iowa,2022-12-04,107410636.0,106727485.0,110027794.0,113497323.0,12,48,4,2022,0
2762,Iowa,2022-12-11,109326075.0,107410636.0,109087987.0,120045447.0,12,49,4,2022,0
4697,Iowa,2022-12-18,113552627.0,109326075.0,107437128.0,116091521.0,12,50,4,2022,0
6546,Iowa,2022-12-25,109408805.0,113552627.0,108982306.0,116918119.0,12,51,4,2022,0
2848,Iowa,2023-01-01,103388682.0,109408805.0,108897484.0,122942227.0,1,52,1,2023,0
3063,Iowa,2023-01-08,102855771.0,103388682.0,111104860.0,123855971.0,1,1,1,2023,0
3751,Iowa,2023-01-15,104857393.0,102855771.0,106727485.0,121225511.0,1,2,1,2023,0
5600,Iowa,2023-01-22,102454897.0,104857393.0,107410636.0,123142814.0,1,3,1,2023,0
7449,Iowa,2023-01-29,103796979.0,102454897.0,109326075.0,127666471.0,1,4,1,2023,0
2934,Iowa,2023-02-05,107185445.0,103796979.0,113552627.0,118292839.0,2,5,1,2023,0
3149,Iowa,2023-02-12,111245455.0,107185445.0,109408805.0,120250571.0,2,6,1,2023,0
4783,Iowa,2023-02-19,105959999.0,111245455.0,103388682.0,121581654.0,2,7,1,2023,0
6632,Iowa,2023-02-26,106334891.0,105959999.0,102855771.0,118833542.0,2,8,1,2023,0
2977,Iowa,2023-03-05,114188857.0,106334891.0,104857393.0,121017679.0,3,9,1,2023,0
3192,Iowa,2023-03-12,118082890.0,114188857.0,102454897.0,118799397.0,3,10,1,2023,0
4826,Iowa,2023-03-19,115425746.0,118082890.0,103796979.0,117909148.0,3,11,1,2023,0
6675,Iowa,2023-03-26,107398798.0,115425746.0,107185445.0,116479097.0,3,12,1,2023,0
2891,Iowa,2023-04-02,114064233.0,107398798.0,111245455.0,118474984.0,4,13,2,2023,0
3106,Iowa,2023-04-09,118362929.0,114064233.0,105959999.0,114040881.0,4,14,2,2023,0
4095,Iowa,2023-04-16,117667202.0,118362929.0,106334891.0,114396176.0,4,15,2,2023,0
5944,Iowa,2023-04-23,116093179.0,117667202.0,114188857.0,111609040.0,4,16,2,2023,0
7750,Iowa,2023-04-30,120826306.0,116093179.0,118082890.0,112398449.0,4,17,2,2023,0
3020,Iowa,2023-05-07,123791461.0,120826306.0,115425746.0,113810898.0,5,18,2,2023,0
97,Kansas,2019-10-06,50331959.0,123791461.0,107398798.0,110027794.0,10,40,4,2019,0
3408,Kansas,2019-10-13,48317065.0,50331959.0,114064233.0,109087987.0,10,41,4,2019,0
5257,Kansas,2019-10-20,48601948.0,48317065.0,118362929.0,107437128.0,10,42,4,2019,0
7106,Kansas,2019-10-27,48102110.0,48601948.0,117667202.0,108982306.0,10,43,4,2019,0
54,Kansas,2019-11-03,47489199.0,48102110.0,116093179.0,108897484.0,11,44,4,2019,0
183,Kansas,2019-11-10,48524050.0,47489199.0,120826306.0,111104860.0,11,45,4,2019,0
4483,Kansas,2019-11-17,48710294.0,48524050.0,123791461.0,106727485.0,11,46,4,2019,0
6332,Kansas,2019-11-24,50469567.0,48710294.0,50331959.0,107410636.0,11,47,4,2019,0
11,Kansas,2019-12-01,48255943.0,50469567.0,48317065.0,109326075.0,12,48,4,2019,0
140,Kansas,2019-12-08,48371114.0,48255943.0,48601948.0,113552627.0,12,49,4,2019,0
3967,Kansas,2019-12-15,49474512.0,48371114.0,48102110.0,109408805.0,12,50,4,2019,0
5816,Kansas,2019-12-22,52416567.0,49474512.0,47489199.0,103388682.0,12,51,4,2019,0
7665,Kansas,2019-12-29,48921431.0,52416567.0,48524050.0,102855771.0,12,52,4,2019,0
484,Kansas,2020-01-05,47926649.0,48921431.0,48710294.0,104857393.0,1,1,1,2020,0
1000,Kansas,2020-01-12,47874480.0,47926649.0,50469567.0,102454897.0,1,2,1,2020,0
4741,Kansas,2020-01-19,45970258.0,47874480.0,48255943.0,103796979.0,1,3,1,2020,0
6590,Kansas,2020-01-26,45578142.0,45970258.0,48371114.0,107185445.0,1,4,1,2020,0
312,Kansas,2020-02-02,48454430.0,45578142.0,49474512.0,111245455.0,2,5,1,2020,0
828,Kansas,2020-02-09,46767766.0,48454430.0,52416567.0,105959999.0,2,6,1,2020,0
4053,Kansas,2020-02-16,46986707.0,46767766.0,48921431.0,106334891.0,2,7,1,2020,0
5902,Kansas,2020-02-23,47027994.0,46986707.0,47926649.0,114188857.0,2,8,1,2020,0
226,Kansas,2020-03-01,49739279.0,47027994.0,47874480.0,118082890.0,3,9,1,2020,0
742,Kansas,2020-03-08,50679734.0,49739279.0,45970258.0,115425746.0,3,10,1,2020,0
3795,Kansas,2020-03-15,56199276.0,50679734.0,45578142.0,107398798.0,3,11,1,2020,0
5644,Kansas,2020-03-22,56741186.0,56199276.0,48454430.0,114064233.0,3,12,1,2020,0
7493,Kansas,2020-03-29,49573935.0,56741186.0,46767766.0,118362929.0,3,13,1,2020,0
527,Kansas,2020-04-05,51139583.0,49573935.0,46986707.0,117667202.0,4,14,2,2020,0
1043,Kansas,2020-04-12,53992655.0,51139583.0,47027994.0,116093179.0,4,15,2,2020,0
4870,Kansas,2020-04-19,53915809.0,53992655.0,49739279.0,120826306.0,4,16,2,2020,0
6719,Kansas,2020-04-26,53151527.0,53915809.0,50679734.0,123791461.0,4,17,2,2020,0
398,Kansas,2020-05-03,55107460.0,53151527.0,56199276.0,50331959.0,5,18,2,2020,0
914,Kansas,2020-05-10,54867045.0,55107460.0,56741186.0,48317065.0,5,19,2,2020,0
4354,Kansas,2020-05-17,55211390.0,54867045.0,49573935.0,48601948.0,5,20,2,2020,0
6203,Kansas,2020-05-24,55036532.0,55211390.0,51139583.0,48102110.0,5,21,2,2020,0
7966,Kansas,2020-05-31,54431344.0,55036532.0,53992655.0,47489199.0,5,22,2,2020,0
699,Kansas,2020-06-07,60420222.0,54431344.0,53915809.0,48524050.0,6,23,2,2020,0
3623,Kansas,2020-06-14,58714696.0,60420222.0,53151527.0,48710294.0,6,24,2,2020,0
5472,Kansas,2020-06-21,57777801.0,58714696.0,55107460.0,50469567.0,6,25,2,2020,0
7321,Kansas,2020-06-28,59540738.0,57777801.0,54867045.0,48255943.0,6,26,2,2020,0
570,Kansas,2020-07-05,62341967.0,59540738.0,55211390.0,48371114.0,7,27,3,2020,0
1086,Kansas,2020-07-12,57070126.0,62341967.0,55036532.0,49474512.0,7,28,3,2020,0
4956,Kansas,2020-07-19,57934642.0,57070126.0,54431344.0,52416567.0,7,29,3,2020,0
6805,Kansas,2020-07-26,55812175.0,57934642.0,60420222.0,48921431.0,7,30,3,2020,0
355,Kansas,2020-08-02,55336553.0,55812175.0,58714696.0,47926649.0,8,31,3,2020,0
871,Kansas,2020-08-09,56686281.0,55336553.0,57777801.0,47874480.0,8,32,3,2020,0
4182,Kansas,2020-08-16,56533008.0,56686281.0,59540738.0,45970258.0,8,33,3,2020,0
6031,Kansas,2020-08-23,54631653.0,56533008.0,62341967.0,45578142.0,8,34,3,2020,0
7837,Kansas,2020-08-30,54662599.0,54631653.0,57070126.0,48454430.0,8,35,3,2020,0
613,Kansas,2020-09-06,56449771.0,54662599.0,57934642.0,46767766.0,9,36,3,2020,0
3365,Kansas,2020-09-13,53396659.0,56449771.0,55812175.0,46986707.0,9,37,3,2020,0
5214,Kansas,2020-09-20,53610089.0,53396659.0,55336553.0,47027994.0,9,38,3,2020,0
7063,Kansas,2020-09-27,52805521.0,53610089.0,56686281.0,49739279.0,9,39,3,2020,0
441,Kansas,2020-10-04,52679711.0,52805521.0,56533008.0,50679734.0,10,40,4,2020,0
957,Kansas,2020-10-11,53467896.0,52679711.0,54631653.0,56199276.0,10,41,4,2020,0
4655,Kansas,2020-10-18,52216444.0,53467896.0,54662599.0,56741186.0,10,42,4,2020,0
6504,Kansas,2020-10-25,50123548.0,52216444.0,56449771.0,49573935.0,10,43,4,2020,0
269,Kansas,2020-11-01,49731547.0,50123548.0,53396659.0,51139583.0,11,44,4,2020,0
785,Kansas,2020-11-08,52059074.0,49731547.0,53610089.0,53992655.0,11,45,4,2020,0
3924,Kansas,2020-11-15,50940709.0,52059074.0,52805521.0,53915809.0,11,46,4,2020,0
5773,Kansas,2020-11-22,52763618.0,50940709.0,52679711.0,53151527.0,11,47,4,2020,0
7622,Kansas,2020-11-29,51187350.0,52763618.0,53467896.0,55107460.0,11,48,4,2020,0
656,Kansas,2020-12-06,50030283.0,51187350.0,52216444.0,54867045.0,12,49,4,2020,0
3494,Kansas,2020-12-13,51776970.0,50030283.0,50123548.0,55211390.0,12,50,4,2020,0
5343,Kansas,2020-12-20,52936446.0,51776970.0,49731547.0,55036532.0,12,51,4,2020,0
7192,Kansas,2020-12-27,52101711.0,52936446.0,52059074.0,54431344.0,12,52,4,2020,0
1215,Kansas,2021-01-03,50868820.0,52101711.0,50940709.0,60420222.0,1,53,1,2021,0
1731,Kansas,2021-01-10,50589576.0,50868820.0,52763618.0,58714696.0,1,1,1,2021,0
4268,Kansas,2021-01-17,49405363.0,50589576.0,51187350.0,57777801.0,1,2,1,2021,0
6117,Kansas,2021-01-24,49264081.0,49405363.0,50030283.0,59540738.0,1,3,1,2021,0
7923,Kansas,2021-01-31,50249197.0,49264081.0,51776970.0,62341967.0,1,4,1,2021,0
1516,Kansas,2021-02-07,51903922.0,50249197.0,52936446.0,57070126.0,2,5,1,2021,0
3537,Kansas,2021-02-14,49473049.0,51903922.0,52101711.0,57934642.0,2,6,1,2021,0
5386,Kansas,2021-02-21,48029085.0,49473049.0,50868820.0,55812175.0,2,7,1,2021,0
7235,Kansas,2021-02-28,52003516.0,48029085.0,50589576.0,55336553.0,2,8,1,2021,0
1559,Kansas,2021-03-07,54781179.0,52003516.0,49405363.0,56686281.0,3,9,1,2021,0
3580,Kansas,2021-03-14,59343851.0,54781179.0,49264081.0,56533008.0,3,10,1,2021,0
5429,Kansas,2021-03-21,59205729.0,59343851.0,50249197.0,54631653.0,3,11,1,2021,0
7278,Kansas,2021-03-28,52129782.0,59205729.0,51903922.0,54662599.0,3,12,1,2021,0
1301,Kansas,2021-04-04,55653199.0,52129782.0,49473049.0,56449771.0,4,13,2,2021,0
1817,Kansas,2021-04-11,56348860.0,55653199.0,48029085.0,53396659.0,4,14,2,2021,0
4526,Kansas,2021-04-18,54961229.0,56348860.0,52003516.0,53610089.0,4,15,2,2021,0
6375,Kansas,2021-04-25,56106391.0,54961229.0,54781179.0,52805521.0,4,16,2,2021,0
1172,Kansas,2021-05-02,59355868.0,56106391.0,59343851.0,52679711.0,5,17,2,2021,0
1688,Kansas,2021-05-09,58628492.0,59355868.0,59205729.0,53467896.0,5,18,2,2021,0
4139,Kansas,2021-05-16,56506821.0,58628492.0,52129782.0,52216444.0,5,19,2,2021,0
5988,Kansas,2021-05-23,58120185.0,56506821.0,55653199.0,50123548.0,5,20,2,2021,0
7794,Kansas,2021-05-30,58608591.0,58120185.0,56348860.0,49731547.0,5,21,2,2021,0
1473,Kansas,2021-06-06,62516133.0,58608591.0,54961229.0,52059074.0,6,22,2,2021,0
3322,Kansas,2021-06-13,63747306.0,62516133.0,56106391.0,50940709.0,6,23,2,2021,0
5171,Kansas,2021-06-20,64694666.0,63747306.0,59355868.0,52763618.0,6,24,2,2021,0
7020,Kansas,2021-06-27,61546477.0,64694666.0,58628492.0,51187350.0,6,25,2,2021,0
1344,Kansas,2021-07-04,65793576.0,61546477.0,56506821.0,50030283.0,7,26,3,2021,0
1860,Kansas,2021-07-11,61453800.0,65793576.0,58120185.0,51776970.0,7,27,3,2021,0
4569,Kansas,2021-07-18,60484849.0,61453800.0,58608591.0,52936446.0,7,28,3,2021,0
6418,Kansas,2021-07-25,61028084.0,60484849.0,62516133.0,52101711.0,7,29,3,2021,0
1129,Kansas,2021-08-01,60808014.0,61028084.0,63747306.0,50868820.0,8,30,3,2021,0
1645,Kansas,2021-08-08,61015142.0,60808014.0,64694666.0,50589576.0,8,31,3,2021,0
3881,Kansas,2021-08-15,61587649.0,61015142.0,61546477.0,49405363.0,8,32,3,2021,0
5730,Kansas,2021-08-22,60003063.0,61587649.0,65793576.0,49264081.0,8,33,3,2021,0
7579,Kansas,2021-08-29,60315652.0,60003063.0,61453800.0,50249197.0,8,34,3,2021,0
1387,Kansas,2021-09-05,61220164.0,60315652.0,60484849.0,51903922.0,9,35,3,2021,0
1903,Kansas,2021-09-12,58019746.0,61220164.0,61028084.0,49473049.0,9,36,3,2021,0
4999,Kansas,2021-09-19,58620693.0,58019746.0,60808014.0,48029085.0,9,37,3,2021,0
6848,Kansas,2021-09-26,57965250.0,58620693.0,61015142.0,52003516.0,9,38,3,2021,0
1258,Kansas,2021-10-03,82900044.0,57965250.0,61587649.0,54781179.0,10,39,4,2021,0
1774,Kansas,2021-10-10,84206741.0,82900044.0,60003063.0,59343851.0,10,40,4,2021,0
4440,Kansas,2021-10-17,81123034.0,84206741.0,60315652.0,59205729.0,10,41,4,2021,0
6289,Kansas,2021-10-24,79347468.0,81123034.0,61220164.0,52129782.0,10,42,4,2021,0
8052,Kansas,2021-10-31,78863272.0,79347468.0,58019746.0,55653199.0,10,43,4,2021,0
1602,Kansas,2021-11-07,79954985.0,78863272.0,58620693.0,56348860.0,11,44,4,2021,0
3709,Kansas,2021-11-14,80314797.0,79954985.0,57965250.0,54961229.0,11,45,4,2021,0
5558,Kansas,2021-11-21,82999329.0,80314797.0,82900044.0,56106391.0,11,46,4,2021,0
7407,Kansas,2021-11-28,78440980.0,82999329.0,84206741.0,59355868.0,11,47,4,2021,0
1430,Kansas,2021-12-05,78480381.0,78440980.0,81123034.0,58628492.0,12,48,4,2021,0
1946,Kansas,2021-12-12,80608216.0,78480381.0,79347468.0,56506821.0,12,49,4,2021,0
5042,Kansas,2021-12-19,84460876.0,80608216.0,78863272.0,58120185.0,12,50,4,2021,0
6891,Kansas,2021-12-26,83443647.0,84460876.0,79954985.0,58608591.0,12,51,4,2021,0
2032,Kansas,2022-01-02,79504173.0,83443647.0,80314797.0,62516133.0,1,52,1,2022,0
2548,Kansas,2022-01-09,76822109.0,79504173.0,82999329.0,63747306.0,1,1,1,2022,0
4010,Kansas,2022-01-16,78883181.0,76822109.0,78440980.0,64694666.0,1,2,1,2022,0
5859,Kansas,2022-01-23,75806888.0,78883181.0,78480381.0,61546477.0,1,3,1,2022,0
7708,Kansas,2022-01-30,78220590.0,75806888.0,80608216.0,65793576.0,1,4,1,2022,0
2333,Kansas,2022-02-06,78785428.0,78220590.0,84460876.0,61453800.0,2,5,1,2022,0
3236,Kansas,2022-02-13,79062421.0,78785428.0,83443647.0,60484849.0,2,6,1,2022,0
5085,Kansas,2022-02-20,75767595.0,79062421.0,79504173.0,61028084.0,2,7,1,2022,0
6934,Kansas,2022-02-27,80457892.0,75767595.0,76822109.0,60808014.0,2,8,1,2022,0
2376,Kansas,2022-03-06,83339037.0,80457892.0,78883181.0,61015142.0,3,9,1,2022,0
3279,Kansas,2022-03-13,81663312.0,83339037.0,75806888.0,61587649.0,3,10,1,2022,0
5128,Kansas,2022-03-20,83082913.0,81663312.0,78220590.0,60003063.0,3,11,1,2022,0
6977,Kansas,2022-03-27,82019286.0,83082913.0,78785428.0,60315652.0,3,12,1,2022,0
2118,Kansas,2022-04-03,86725019.0,82019286.0,79062421.0,61220164.0,4,13,2,2022,0
2634,Kansas,2022-04-10,86064766.0,86725019.0,75767595.0,58019746.0,4,14,2,2022,0
4311,Kansas,2022-04-17,87097621.0,86064766.0,80457892.0,58620693.0,4,15,2,2022,0
6160,Kansas,2022-04-24,83057568.0,87097621.0,83339037.0,57965250.0,4,16,2,2022,0
1989,Kansas,2022-05-01,86997853.0,83057568.0,81663312.0,82900044.0,5,17,2,2022,0
2505,Kansas,2022-05-08,86153843.0,86997853.0,83082913.0,84206741.0,5,18,2,2022,0
3838,Kansas,2022-05-15,90747539.0,86153843.0,82019286.0,81123034.0,5,19,2,2022,0
5687,Kansas,2022-05-22,87205384.0,90747539.0,86725019.0,79347468.0,5,20,2,2022,0
7536,Kansas,2022-05-29,88373730.0,87205384.0,86064766.0,78863272.0,5,21,2,2022,0
2290,Kansas,2022-06-05,90128642.0,88373730.0,87097621.0,79954985.0,6,22,2,2022,0
2806,Kansas,2022-06-12,92872869.0,90128642.0,83057568.0,80314797.0,6,23,2,2022,0
4913,Kansas,2022-06-19,95907245.0,92872869.0,86997853.0,82999329.0,6,24,2,2022,0
6762,Kansas,2022-06-26,92862803.0,95907245.0,86153843.0,78440980.0,6,25,2,2022,0
2161,Kansas,2022-07-03,97005014.0,92862803.0,90747539.0,78480381.0,7,26,3,2022,0
2677,Kansas,2022-07-10,92985889.0,97005014.0,87205384.0,80608216.0,7,27,3,2022,0
4397,Kansas,2022-07-17,92242837.0,92985889.0,88373730.0,84460876.0,7,28,3,2022,0
6246,Kansas,2022-07-24,91465019.0,92242837.0,90128642.0,83443647.0,7,29,3,2022,0
8009,Kansas,2022-07-31,90742378.0,91465019.0,92872869.0,79504173.0,7,30,3,2022,0
2462,Kansas,2022-08-07,93112554.0,90742378.0,95907245.0,76822109.0,8,31,3,2022,0
3666,Kansas,2022-08-14,92208149.0,93112554.0,92862803.0,78883181.0,8,32,3,2022,0
5515,Kansas,2022-08-21,88534643.0,92208149.0,97005014.0,75806888.0,8,33,3,2022,0
7364,Kansas,2022-08-28,89760228.0,88534643.0,92985889.0,78220590.0,8,34,3,2022,0
2204,Kansas,2022-09-04,93015446.0,89760228.0,92242837.0,78785428.0,9,35,3,2022,0
2720,Kansas,2022-09-11,90032274.0,93015446.0,91465019.0,79062421.0,9,36,3,2022,0
4612,Kansas,2022-09-18,89581306.0,90032274.0,90742378.0,75767595.0,9,37,3,2022,0
6461,Kansas,2022-09-25,87433217.0,89581306.0,93112554.0,80457892.0,9,38,3,2022,0
2075,Kansas,2022-10-02,87253392.0,87433217.0,92208149.0,83339037.0,10,39,4,2022,0
2591,Kansas,2022-10-09,88764637.0,87253392.0,88534643.0,81663312.0,10,40,4,2022,0
4225,Kansas,2022-10-16,85774103.0,88764637.0,89760228.0,83082913.0,10,41,4,2022,0
6074,Kansas,2022-10-23,84007160.0,85774103.0,93015446.0,82019286.0,10,42,4,2022,0
7880,Kansas,2022-10-30,83002733.0,84007160.0,90032274.0,86725019.0,10,43,4,2022,0
2419,Kansas,2022-11-06,84389780.0,83002733.0,89581306.0,86064766.0,11,44,4,2022,0
3451,Kansas,2022-11-13,83975554.0,84389780.0,87433217.0,87097621.0,11,45,4,2022,0
5300,Kansas,2022-11-20,85163591.0,83975554.0,87253392.0,83057568.0,11,46,4,2022,0
7149,Kansas,2022-11-27,86453163.0,85163591.0,88764637.0,86997853.0,11,47,4,2022,0
2247,Kansas,2022-12-04,82078819.0,86453163.0,85774103.0,86153843.0,12,48,4,2022,0
2763,Kansas,2022-12-11,84610185.0,82078819.0,84007160.0,90747539.0,12,49,4,2022,0
4698,Kansas,2022-12-18,87682837.0,84610185.0,83002733.0,87205384.0,12,50,4,2022,0
6547,Kansas,2022-12-25,91741790.0,87682837.0,84389780.0,88373730.0,12,51,4,2022,0
2849,Kansas,2023-01-01,82286821.0,91741790.0,83975554.0,90128642.0,1,52,1,2023,0
3064,Kansas,2023-01-08,80180821.0,82286821.0,85163591.0,92872869.0,1,1,1,2023,0
3752,Kansas,2023-01-15,81402484.0,80180821.0,86453163.0,95907245.0,1,2,1,2023,0
5601,Kansas,2023-01-22,79711319.0,81402484.0,82078819.0,92862803.0,1,3,1,2023,0
7450,Kansas,2023-01-29,82211005.0,79711319.0,84610185.0,97005014.0,1,4,1,2023,0
2935,Kansas,2023-02-05,82693189.0,82211005.0,87682837.0,92985889.0,2,5,1,2023,0
3150,Kansas,2023-02-12,85796601.0,82693189.0,91741790.0,92242837.0,2,6,1,2023,0
4784,Kansas,2023-02-19,82138038.0,85796601.0,82286821.0,91465019.0,2,7,1,2023,0
6633,Kansas,2023-02-26,84463677.0,82138038.0,80180821.0,90742378.0,2,8,1,2023,0
2978,Kansas,2023-03-05,90385105.0,84463677.0,81402484.0,93112554.0,3,9,1,2023,0
3193,Kansas,2023-03-12,93010721.0,90385105.0,79711319.0,92208149.0,3,10,1,2023,0
4827,Kansas,2023-03-19,92039959.0,93010721.0,82211005.0,88534643.0,3,11,1,2023,0
6676,Kansas,2023-03-26,84923537.0,92039959.0,82693189.0,89760228.0,3,12,1,2023,0
2892,Kansas,2023-04-02,88919304.0,84923537.0,85796601.0,93015446.0,4,13,2,2023,0
3107,Kansas,2023-04-09,94272251.0,88919304.0,82138038.0,90032274.0,4,14,2,2023,0
4096,Kansas,2023-04-16,92228322.0,94272251.0,84463677.0,89581306.0,4,15,2,2023,0
5945,Kansas,2023-04-23,91618567.0,92228322.0,90385105.0,87433217.0,4,16,2,2023,0
7751,Kansas,2023-04-30,93432681.0,91618567.0,93010721.0,87253392.0,4,17,2,2023,0
3021,Kansas,2023-05-07,94692553.0,93432681.0,92039959.0,88764637.0,5,18,2,2023,0
98,Kentucky,2019-10-06,106008269.0,94692553.0,84923537.0,85774103.0,10,40,4,2019,0
3409,Kentucky,2019-10-13,98289687.0,106008269.0,88919304.0,84007160.0,10,41,4,2019,0
5258,Kentucky,2019-10-20,94431653.0,98289687.0,94272251.0,83002733.0,10,42,4,2019,0
7107,Kentucky,2019-10-27,91910509.0,94431653.0,92228322.0,84389780.0,10,43,4,2019,0
55,Kentucky,2019-11-03,92866945.0,91910509.0,91618567.0,83975554.0,11,44,4,2019,0
184,Kentucky,2019-11-10,92808301.0,92866945.0,93432681.0,85163591.0,11,45,4,2019,0
4484,Kentucky,2019-11-17,92285214.0,92808301.0,94692553.0,86453163.0,11,46,4,2019,0
6333,Kentucky,2019-11-24,95351247.0,92285214.0,106008269.0,82078819.0,11,47,4,2019,0
12,Kentucky,2019-12-01,91340443.0,95351247.0,98289687.0,84610185.0,12,48,4,2019,0
141,Kentucky,2019-12-08,92458439.0,91340443.0,94431653.0,87682837.0,12,49,4,2019,0
3968,Kentucky,2019-12-15,92535178.0,92458439.0,91910509.0,91741790.0,12,50,4,2019,0
5817,Kentucky,2019-12-22,97877583.0,92535178.0,92866945.0,82286821.0,12,51,4,2019,0
7666,Kentucky,2019-12-29,92581515.0,97877583.0,92808301.0,80180821.0,12,52,4,2019,0
485,Kentucky,2020-01-05,91668507.0,92581515.0,92285214.0,81402484.0,1,1,1,2020,0
1001,Kentucky,2020-01-12,91660185.0,91668507.0,95351247.0,79711319.0,1,2,1,2020,0
4742,Kentucky,2020-01-19,89904459.0,91660185.0,91340443.0,82211005.0,1,3,1,2020,0
6591,Kentucky,2020-01-26,87337779.0,89904459.0,92458439.0,82693189.0,1,4,1,2020,0
313,Kentucky,2020-02-02,90383282.0,87337779.0,92535178.0,85796601.0,2,5,1,2020,0
829,Kentucky,2020-02-09,90103077.0,90383282.0,97877583.0,82138038.0,2,6,1,2020,0
4054,Kentucky,2020-02-16,88680140.0,90103077.0,92581515.0,84463677.0,2,7,1,2020,0
5903,Kentucky,2020-02-23,89359545.0,88680140.0,91668507.0,90385105.0,2,8,1,2020,0
227,Kentucky,2020-03-01,96896523.0,89359545.0,91660185.0,93010721.0,3,9,1,2020,0
743,Kentucky,2020-03-08,98146652.0,96896523.0,89904459.0,92039959.0,3,10,1,2020,0
3796,Kentucky,2020-03-15,108537873.0,98146652.0,87337779.0,84923537.0,3,11,1,2020,0
5645,Kentucky,2020-03-22,106471733.0,108537873.0,90383282.0,88919304.0,3,12,1,2020,0
7494,Kentucky,2020-03-29,93433676.0,106471733.0,90103077.0,94272251.0,3,13,1,2020,0
528,Kentucky,2020-04-05,98418689.0,93433676.0,88680140.0,92228322.0,4,14,2,2020,0
1044,Kentucky,2020-04-12,101853088.0,98418689.0,89359545.0,91618567.0,4,15,2,2020,0
4871,Kentucky,2020-04-19,99475279.0,101853088.0,96896523.0,93432681.0,4,16,2,2020,0
6720,Kentucky,2020-04-26,98793976.0,99475279.0,98146652.0,94692553.0,4,17,2,2020,0
399,Kentucky,2020-05-03,105113498.0,98793976.0,108537873.0,106008269.0,5,18,2,2020,0
915,Kentucky,2020-05-10,105641997.0,105113498.0,106471733.0,98289687.0,5,19,2,2020,0
4355,Kentucky,2020-05-17,105373534.0,105641997.0,93433676.0,94431653.0,5,20,2,2020,0
6204,Kentucky,2020-05-24,111736558.0,105373534.0,98418689.0,91910509.0,5,21,2,2020,0
7967,Kentucky,2020-05-31,108405879.0,111736558.0,101853088.0,92866945.0,5,22,2,2020,0
700,Kentucky,2020-06-07,112052844.0,108405879.0,99475279.0,92808301.0,6,23,2,2020,0
3624,Kentucky,2020-06-14,110489789.0,112052844.0,98793976.0,92285214.0,6,24,2,2020,0
5473,Kentucky,2020-06-21,108919624.0,110489789.0,105113498.0,95351247.0,6,25,2,2020,0
7322,Kentucky,2020-06-28,109608395.0,108919624.0,105641997.0,91340443.0,6,26,2,2020,0
571,Kentucky,2020-07-05,118344909.0,109608395.0,105373534.0,92458439.0,7,27,3,2020,0
1087,Kentucky,2020-07-12,111351523.0,118344909.0,111736558.0,92535178.0,7,28,3,2020,0
4957,Kentucky,2020-07-19,110998494.0,111351523.0,108405879.0,97877583.0,7,29,3,2020,0
6806,Kentucky,2020-07-26,107452067.0,110998494.0,112052844.0,92581515.0,7,30,3,2020,0
356,Kentucky,2020-08-02,108364954.0,107452067.0,110489789.0,91668507.0,8,31,3,2020,0
872,Kentucky,2020-08-09,110548963.0,108364954.0,108919624.0,91660185.0,8,32,3,2020,0
4183,Kentucky,2020-08-16,110780991.0,110548963.0,109608395.0,89904459.0,8,33,3,2020,0
6032,Kentucky,2020-08-23,107156718.0,110780991.0,118344909.0,87337779.0,8,34,3,2020,0
7838,Kentucky,2020-08-30,106359011.0,107156718.0,111351523.0,90383282.0,8,35,3,2020,0
614,Kentucky,2020-09-06,108898997.0,106359011.0,110998494.0,90103077.0,9,36,3,2020,0
3366,Kentucky,2020-09-13,108814338.0,108898997.0,107452067.0,88680140.0,9,37,3,2020,0
5215,Kentucky,2020-09-20,106393444.0,108814338.0,108364954.0,89359545.0,9,38,3,2020,0
7064,Kentucky,2020-09-27,102811444.0,106393444.0,110548963.0,96896523.0,9,39,3,2020,0
442,Kentucky,2020-10-04,105812853.0,102811444.0,110780991.0,98146652.0,10,40,4,2020,0
958,Kentucky,2020-10-11,101261775.0,105812853.0,107156718.0,108537873.0,10,41,4,2020,0
4656,Kentucky,2020-10-18,100459116.0,101261775.0,106359011.0,106471733.0,10,42,4,2020,0
6505,Kentucky,2020-10-25,99021954.0,100459116.0,108898997.0,93433676.0,10,43,4,2020,0
270,Kentucky,2020-11-01,97721872.0,99021954.0,108814338.0,98418689.0,11,44,4,2020,0
786,Kentucky,2020-11-08,99884015.0,97721872.0,106393444.0,101853088.0,11,45,4,2020,0
3925,Kentucky,2020-11-15,101550362.0,99884015.0,102811444.0,99475279.0,11,46,4,2020,0
5774,Kentucky,2020-11-22,103523877.0,101550362.0,105812853.0,98793976.0,11,47,4,2020,0
7623,Kentucky,2020-11-29,98671875.0,103523877.0,101261775.0,105113498.0,11,48,4,2020,0
657,Kentucky,2020-12-06,96239479.0,98671875.0,100459116.0,105641997.0,12,49,4,2020,0
3495,Kentucky,2020-12-13,98495215.0,96239479.0,99021954.0,105373534.0,12,50,4,2020,0
5344,Kentucky,2020-12-20,100865902.0,98495215.0,97721872.0,111736558.0,12,51,4,2020,0
7193,Kentucky,2020-12-27,99073802.0,100865902.0,99884015.0,108405879.0,12,52,4,2020,0
1216,Kentucky,2021-01-03,97850319.0,99073802.0,101550362.0,112052844.0,1,53,1,2021,0
1732,Kentucky,2021-01-10,97469454.0,97850319.0,103523877.0,110489789.0,1,1,1,2021,0
4269,Kentucky,2021-01-17,99316228.0,97469454.0,98671875.0,108919624.0,1,2,1,2021,0
6118,Kentucky,2021-01-24,95310488.0,99316228.0,96239479.0,109608395.0,1,3,1,2021,0
7924,Kentucky,2021-01-31,96229501.0,95310488.0,98495215.0,118344909.0,1,4,1,2021,0
1517,Kentucky,2021-02-07,98295922.0,96229501.0,100865902.0,111351523.0,2,5,1,2021,0
3538,Kentucky,2021-02-14,97978469.0,98295922.0,99073802.0,110998494.0,2,6,1,2021,0
5387,Kentucky,2021-02-21,92934125.0,97978469.0,97850319.0,107452067.0,2,7,1,2021,0
7236,Kentucky,2021-02-28,99976449.0,92934125.0,97469454.0,108364954.0,2,8,1,2021,0
1560,Kentucky,2021-03-07,105832542.0,99976449.0,99316228.0,110548963.0,3,9,1,2021,0
3581,Kentucky,2021-03-14,116409590.0,105832542.0,95310488.0,110780991.0,3,10,1,2021,0
5430,Kentucky,2021-03-21,115326865.0,116409590.0,96229501.0,107156718.0,3,11,1,2021,0
7279,Kentucky,2021-03-28,103167420.0,115326865.0,98295922.0,106359011.0,3,12,1,2021,0
1302,Kentucky,2021-04-04,108849186.0,103167420.0,97978469.0,108898997.0,4,13,2,2021,0
1818,Kentucky,2021-04-11,110300930.0,108849186.0,92934125.0,108814338.0,4,14,2,2021,0
4527,Kentucky,2021-04-18,107204172.0,110300930.0,99976449.0,106393444.0,4,15,2,2021,0
6376,Kentucky,2021-04-25,107620403.0,107204172.0,105832542.0,102811444.0,4,16,2,2021,0
1173,Kentucky,2021-05-02,112421502.0,107620403.0,116409590.0,105812853.0,5,17,2,2021,0
1689,Kentucky,2021-05-09,112626698.0,112421502.0,115326865.0,101261775.0,5,18,2,2021,0
4140,Kentucky,2021-05-16,111966687.0,112626698.0,103167420.0,100459116.0,5,19,2,2021,0
5989,Kentucky,2021-05-23,118306199.0,111966687.0,108849186.0,99021954.0,5,20,2,2021,0
7795,Kentucky,2021-05-30,119293343.0,118306199.0,110300930.0,97721872.0,5,21,2,2021,0
1474,Kentucky,2021-06-06,118342925.0,119293343.0,107204172.0,99884015.0,6,22,2,2021,0
3323,Kentucky,2021-06-13,120608753.0,118342925.0,107620403.0,101550362.0,6,23,2,2021,0
5172,Kentucky,2021-06-20,123091896.0,120608753.0,112421502.0,103523877.0,6,24,2,2021,0
7021,Kentucky,2021-06-27,117190358.0,123091896.0,112626698.0,98671875.0,6,25,2,2021,0
1345,Kentucky,2021-07-04,125646304.0,117190358.0,111966687.0,96239479.0,7,26,3,2021,0
1861,Kentucky,2021-07-11,118579601.0,125646304.0,118306199.0,98495215.0,7,27,3,2021,0
4570,Kentucky,2021-07-18,117990161.0,118579601.0,119293343.0,100865902.0,7,28,3,2021,0
6419,Kentucky,2021-07-25,118148968.0,117990161.0,118342925.0,99073802.0,7,29,3,2021,0
1130,Kentucky,2021-08-01,117300344.0,118148968.0,120608753.0,97850319.0,8,30,3,2021,0
1646,Kentucky,2021-08-08,119557385.0,117300344.0,123091896.0,97469454.0,8,31,3,2021,0
3882,Kentucky,2021-08-15,120277717.0,119557385.0,117190358.0,99316228.0,8,32,3,2021,0
5731,Kentucky,2021-08-22,117423059.0,120277717.0,125646304.0,95310488.0,8,33,3,2021,0
7580,Kentucky,2021-08-29,120550385.0,117423059.0,118579601.0,96229501.0,8,34,3,2021,0
1388,Kentucky,2021-09-05,119446257.0,120550385.0,117990161.0,98295922.0,9,35,3,2021,0
1904,Kentucky,2021-09-12,115777033.0,119446257.0,118148968.0,97978469.0,9,36,3,2021,0
5000,Kentucky,2021-09-19,115075277.0,115777033.0,117300344.0,92934125.0,9,37,3,2021,0
6849,Kentucky,2021-09-26,109298752.0,115075277.0,119557385.0,99976449.0,9,38,3,2021,0
1259,Kentucky,2021-10-03,163410999.0,109298752.0,120277717.0,105832542.0,10,39,4,2021,0
1775,Kentucky,2021-10-10,160624310.0,163410999.0,117423059.0,116409590.0,10,40,4,2021,0
4441,Kentucky,2021-10-17,158469038.0,160624310.0,120550385.0,115326865.0,10,41,4,2021,0
6290,Kentucky,2021-10-24,154857048.0,158469038.0,119446257.0,103167420.0,10,42,4,2021,0
8053,Kentucky,2021-10-31,152099528.0,154857048.0,115777033.0,108849186.0,10,43,4,2021,0
1603,Kentucky,2021-11-07,154353903.0,152099528.0,115075277.0,110300930.0,11,44,4,2021,0
3710,Kentucky,2021-11-14,157931326.0,154353903.0,109298752.0,107204172.0,11,45,4,2021,0
5559,Kentucky,2021-11-21,162353803.0,157931326.0,163410999.0,107620403.0,11,46,4,2021,0
7408,Kentucky,2021-11-28,149030290.0,162353803.0,160624310.0,112421502.0,11,47,4,2021,0
1431,Kentucky,2021-12-05,150843600.0,149030290.0,158469038.0,112626698.0,12,48,4,2021,0
1947,Kentucky,2021-12-12,153606722.0,150843600.0,154857048.0,111966687.0,12,49,4,2021,0
5043,Kentucky,2021-12-19,160380710.0,153606722.0,152099528.0,118306199.0,12,50,4,2021,0
6892,Kentucky,2021-12-26,154868195.0,160380710.0,154353903.0,119293343.0,12,51,4,2021,0
2033,Kentucky,2022-01-02,150002540.0,154868195.0,157931326.0,118342925.0,1,52,1,2022,0
2549,Kentucky,2022-01-09,150103193.0,150002540.0,162353803.0,120608753.0,1,1,1,2022,0
4011,Kentucky,2022-01-16,156262856.0,150103193.0,149030290.0,123091896.0,1,2,1,2022,0
5860,Kentucky,2022-01-23,144556709.0,156262856.0,150843600.0,117190358.0,1,3,1,2022,0
7709,Kentucky,2022-01-30,147313253.0,144556709.0,153606722.0,125646304.0,1,4,1,2022,0
2334,Kentucky,2022-02-06,153560694.0,147313253.0,160380710.0,118579601.0,2,5,1,2022,0
3237,Kentucky,2022-02-13,152843859.0,153560694.0,154868195.0,117990161.0,2,6,1,2022,0
5086,Kentucky,2022-02-20,145625624.0,152843859.0,150002540.0,118148968.0,2,7,1,2022,0
6935,Kentucky,2022-02-27,156479216.0,145625624.0,150103193.0,117300344.0,2,8,1,2022,0
2377,Kentucky,2022-03-06,160721353.0,156479216.0,156262856.0,119557385.0,3,9,1,2022,0
3280,Kentucky,2022-03-13,161981216.0,160721353.0,144556709.0,120277717.0,3,10,1,2022,0
5129,Kentucky,2022-03-20,163477369.0,161981216.0,147313253.0,117423059.0,3,11,1,2022,0
6978,Kentucky,2022-03-27,164099533.0,163477369.0,153560694.0,120550385.0,3,12,1,2022,0
2119,Kentucky,2022-04-03,166881514.0,164099533.0,152843859.0,119446257.0,4,13,2,2022,0
2635,Kentucky,2022-04-10,167126414.0,166881514.0,145625624.0,115777033.0,4,14,2,2022,0
4312,Kentucky,2022-04-17,169953128.0,167126414.0,156479216.0,115075277.0,4,15,2,2022,0
6161,Kentucky,2022-04-24,164162639.0,169953128.0,160721353.0,109298752.0,4,16,2,2022,0
1990,Kentucky,2022-05-01,171664151.0,164162639.0,161981216.0,163410999.0,5,17,2,2022,0
2506,Kentucky,2022-05-08,170241063.0,171664151.0,163477369.0,160624310.0,5,18,2,2022,0
3839,Kentucky,2022-05-15,172918709.0,170241063.0,164099533.0,158469038.0,5,19,2,2022,0
5688,Kentucky,2022-05-22,180195378.0,172918709.0,166881514.0,154857048.0,5,20,2,2022,0
7537,Kentucky,2022-05-29,175426519.0,180195378.0,167126414.0,152099528.0,5,21,2,2022,0
2291,Kentucky,2022-06-05,175125576.0,175426519.0,169953128.0,154353903.0,6,22,2,2022,0
2807,Kentucky,2022-06-12,173551981.0,175125576.0,164162639.0,157931326.0,6,23,2,2022,0
4914,Kentucky,2022-06-19,181679225.0,173551981.0,171664151.0,162353803.0,6,24,2,2022,0
6763,Kentucky,2022-06-26,178023500.0,181679225.0,170241063.0,149030290.0,6,25,2,2022,0
2162,Kentucky,2022-07-03,188779241.0,178023500.0,172918709.0,150843600.0,7,26,3,2022,0
2678,Kentucky,2022-07-10,177231551.0,188779241.0,180195378.0,153606722.0,7,27,3,2022,0
4398,Kentucky,2022-07-17,176803762.0,177231551.0,175426519.0,160380710.0,7,28,3,2022,0
6247,Kentucky,2022-07-24,175521543.0,176803762.0,175125576.0,154868195.0,7,29,3,2022,0
8010,Kentucky,2022-07-31,176939927.0,175521543.0,173551981.0,150002540.0,7,30,3,2022,0
2463,Kentucky,2022-08-07,182657159.0,176939927.0,181679225.0,150103193.0,8,31,3,2022,0
3667,Kentucky,2022-08-14,182433637.0,182657159.0,178023500.0,156262856.0,8,32,3,2022,0
5516,Kentucky,2022-08-21,178715627.0,182433637.0,188779241.0,144556709.0,8,33,3,2022,0
7365,Kentucky,2022-08-28,180785746.0,178715627.0,177231551.0,147313253.0,8,34,3,2022,0
2205,Kentucky,2022-09-04,183658226.0,180785746.0,176803762.0,153560694.0,9,35,3,2022,0
2721,Kentucky,2022-09-11,177213325.0,183658226.0,175521543.0,152843859.0,9,36,3,2022,0
4613,Kentucky,2022-09-18,176248303.0,177213325.0,176939927.0,145625624.0,9,37,3,2022,0
6462,Kentucky,2022-09-25,175430228.0,176248303.0,182657159.0,156479216.0,9,38,3,2022,0
2076,Kentucky,2022-10-02,176005999.0,175430228.0,182433637.0,160721353.0,10,39,4,2022,0
2592,Kentucky,2022-10-09,169675964.0,176005999.0,178715627.0,161981216.0,10,40,4,2022,0
4226,Kentucky,2022-10-16,169028833.0,169675964.0,180785746.0,163477369.0,10,41,4,2022,0
6075,Kentucky,2022-10-23,164783227.0,169028833.0,183658226.0,164099533.0,10,42,4,2022,0
7881,Kentucky,2022-10-30,161908388.0,164783227.0,177213325.0,166881514.0,10,43,4,2022,0
2420,Kentucky,2022-11-06,163543172.0,161908388.0,176248303.0,167126414.0,11,44,4,2022,0
3452,Kentucky,2022-11-13,164839821.0,163543172.0,175430228.0,169953128.0,11,45,4,2022,0
5301,Kentucky,2022-11-20,165319823.0,164839821.0,176005999.0,164162639.0,11,46,4,2022,0
7150,Kentucky,2022-11-27,163202264.0,165319823.0,169675964.0,171664151.0,11,47,4,2022,0
2248,Kentucky,2022-12-04,156960935.0,163202264.0,169028833.0,170241063.0,12,48,4,2022,0
2764,Kentucky,2022-12-11,159951955.0,156960935.0,164783227.0,172918709.0,12,49,4,2022,0
4699,Kentucky,2022-12-18,167654027.0,159951955.0,161908388.0,180195378.0,12,50,4,2022,0
6548,Kentucky,2022-12-25,171908926.0,167654027.0,163543172.0,175426519.0,12,51,4,2022,0
2850,Kentucky,2023-01-01,154450235.0,171908926.0,164839821.0,175125576.0,1,52,1,2023,0
3065,Kentucky,2023-01-08,155431103.0,154450235.0,165319823.0,173551981.0,1,1,1,2023,0
3753,Kentucky,2023-01-15,159888962.0,155431103.0,163202264.0,181679225.0,1,2,1,2023,0
5602,Kentucky,2023-01-22,151381165.0,159888962.0,156960935.0,178023500.0,1,3,1,2023,0
7451,Kentucky,2023-01-29,152849459.0,151381165.0,159951955.0,188779241.0,1,4,1,2023,0
2936,Kentucky,2023-02-05,159539414.0,152849459.0,167654027.0,177231551.0,2,5,1,2023,0
3151,Kentucky,2023-02-12,161038287.0,159539414.0,171908926.0,176803762.0,2,6,1,2023,0
4785,Kentucky,2023-02-19,162073335.0,161038287.0,154450235.0,175521543.0,2,7,1,2023,0
6634,Kentucky,2023-02-26,163522695.0,162073335.0,155431103.0,176939927.0,2,8,1,2023,0
2979,Kentucky,2023-03-05,172605245.0,163522695.0,159888962.0,182657159.0,3,9,1,2023,0
3194,Kentucky,2023-03-12,182420654.0,172605245.0,151381165.0,182433637.0,3,10,1,2023,0
4828,Kentucky,2023-03-19,176332061.0,182420654.0,152849459.0,178715627.0,3,11,1,2023,0
6677,Kentucky,2023-03-26,163351236.0,176332061.0,159539414.0,180785746.0,3,12,1,2023,0
2893,Kentucky,2023-04-02,169379033.0,163351236.0,161038287.0,183658226.0,4,13,2,2023,0
3108,Kentucky,2023-04-09,173760111.0,169379033.0,162073335.0,177213325.0,4,14,2,2023,0
4097,Kentucky,2023-04-16,174619209.0,173760111.0,163522695.0,176248303.0,4,15,2,2023,0
5946,Kentucky,2023-04-23,175063639.0,174619209.0,172605245.0,175430228.0,4,16,2,2023,0
7752,Kentucky,2023-04-30,177480411.0,175063639.0,182420654.0,176005999.0,4,17,2,2023,0
3022,Kentucky,2023-05-07,182477460.0,177480411.0,176332061.0,169675964.0,5,18,2,2023,0
99,Louisiana,2019-10-06,110909955.0,182477460.0,163351236.0,169028833.0,10,40,4,2019,0
3410,Louisiana,2019-10-13,109354747.0,110909955.0,169379033.0,164783227.0,10,41,4,2019,0
5259,Louisiana,2019-10-20,100499699.0,109354747.0,173760111.0,161908388.0,10,42,4,2019,0
7108,Louisiana,2019-10-27,94643764.0,100499699.0,174619209.0,163543172.0,10,43,4,2019,0
56,Louisiana,2019-11-03,98130561.0,94643764.0,175063639.0,164839821.0,11,44,4,2019,0
185,Louisiana,2019-11-10,99092392.0,98130561.0,177480411.0,165319823.0,11,45,4,2019,0
4485,Louisiana,2019-11-17,97123839.0,99092392.0,182477460.0,163202264.0,11,46,4,2019,0
6334,Louisiana,2019-11-24,98028446.0,97123839.0,110909955.0,156960935.0,11,47,4,2019,0
13,Louisiana,2019-12-01,94697655.0,98028446.0,109354747.0,159951955.0,12,48,4,2019,0
142,Louisiana,2019-12-08,96719430.0,94697655.0,100499699.0,167654027.0,12,49,4,2019,0
3969,Louisiana,2019-12-15,96959218.0,96719430.0,94643764.0,171908926.0,12,50,4,2019,0
5818,Louisiana,2019-12-22,100853710.0,96959218.0,98130561.0,154450235.0,12,51,4,2019,0
7667,Louisiana,2019-12-29,90497589.0,100853710.0,99092392.0,155431103.0,12,52,4,2019,0
486,Louisiana,2020-01-05,89999954.0,90497589.0,97123839.0,159888962.0,1,1,1,2020,0
1002,Louisiana,2020-01-12,95317538.0,89999954.0,98028446.0,151381165.0,1,2,1,2020,0
4743,Louisiana,2020-01-19,93011764.0,95317538.0,94697655.0,152849459.0,1,3,1,2020,0
6592,Louisiana,2020-01-26,88883700.0,93011764.0,96719430.0,159539414.0,1,4,1,2020,0
314,Louisiana,2020-02-02,93133151.0,88883700.0,96959218.0,161038287.0,2,5,1,2020,0
830,Louisiana,2020-02-09,94376733.0,93133151.0,100853710.0,162073335.0,2,6,1,2020,0
4055,Louisiana,2020-02-16,94246834.0,94376733.0,90497589.0,163522695.0,2,7,1,2020,0
5904,Louisiana,2020-02-23,92767325.0,94246834.0,89999954.0,172605245.0,2,8,1,2020,0
228,Louisiana,2020-03-01,100284982.0,92767325.0,95317538.0,182420654.0,3,9,1,2020,0
744,Louisiana,2020-03-08,104279827.0,100284982.0,93011764.0,176332061.0,3,10,1,2020,0
3797,Louisiana,2020-03-15,121196145.0,104279827.0,88883700.0,163351236.0,3,11,1,2020,0
5646,Louisiana,2020-03-22,111529227.0,121196145.0,93133151.0,169379033.0,3,12,1,2020,0
7495,Louisiana,2020-03-29,97224312.0,111529227.0,94376733.0,173760111.0,3,13,1,2020,0
529,Louisiana,2020-04-05,102909681.0,97224312.0,94246834.0,174619209.0,4,14,2,2020,0
1045,Louisiana,2020-04-12,102756057.0,102909681.0,92767325.0,175063639.0,4,15,2,2020,0
4872,Louisiana,2020-04-19,102183591.0,102756057.0,100284982.0,177480411.0,4,16,2,2020,0
6721,Louisiana,2020-04-26,102360002.0,102183591.0,104279827.0,182477460.0,4,17,2,2020,0
400,Louisiana,2020-05-03,109850443.0,102360002.0,121196145.0,110909955.0,5,18,2,2020,0
916,Louisiana,2020-05-10,110854351.0,109850443.0,111529227.0,109354747.0,5,19,2,2020,0
4356,Louisiana,2020-05-17,109640846.0,110854351.0,97224312.0,100499699.0,5,20,2,2020,0
6205,Louisiana,2020-05-24,114631357.0,109640846.0,102909681.0,94643764.0,5,21,2,2020,0
7968,Louisiana,2020-05-31,109870801.0,114631357.0,102756057.0,98130561.0,5,22,2,2020,0
701,Louisiana,2020-06-07,117541818.0,109870801.0,102183591.0,99092392.0,6,23,2,2020,0
3625,Louisiana,2020-06-14,113522143.0,117541818.0,102360002.0,97123839.0,6,24,2,2020,0
5474,Louisiana,2020-06-21,115258588.0,113522143.0,109850443.0,98028446.0,6,25,2,2020,0
7323,Louisiana,2020-06-28,107808978.0,115258588.0,110854351.0,94697655.0,6,26,2,2020,0
572,Louisiana,2020-07-05,120137016.0,107808978.0,109640846.0,96719430.0,7,27,3,2020,0
1088,Louisiana,2020-07-12,120242882.0,120137016.0,114631357.0,96959218.0,7,28,3,2020,0
4958,Louisiana,2020-07-19,107757841.0,120242882.0,109870801.0,100853710.0,7,29,3,2020,0
6807,Louisiana,2020-07-26,105961502.0,107757841.0,117541818.0,90497589.0,7,30,3,2020,0
357,Louisiana,2020-08-02,109735019.0,105961502.0,113522143.0,89999954.0,8,31,3,2020,0
873,Louisiana,2020-08-09,119096376.0,109735019.0,115258588.0,95317538.0,8,32,3,2020,0
4184,Louisiana,2020-08-16,117135983.0,119096376.0,107808978.0,93011764.0,8,33,3,2020,0
6033,Louisiana,2020-08-23,117579801.0,117135983.0,120137016.0,88883700.0,8,34,3,2020,0
7839,Louisiana,2020-08-30,113353059.0,117579801.0,120242882.0,93133151.0,8,35,3,2020,0
615,Louisiana,2020-09-06,123030206.0,113353059.0,107757841.0,94376733.0,9,36,3,2020,0
3367,Louisiana,2020-09-13,116867036.0,123030206.0,105961502.0,94246834.0,9,37,3,2020,0
5216,Louisiana,2020-09-20,110526069.0,116867036.0,109735019.0,92767325.0,9,38,3,2020,0
7065,Louisiana,2020-09-27,106003069.0,110526069.0,119096376.0,100284982.0,9,39,3,2020,0
443,Louisiana,2020-10-04,117294523.0,106003069.0,117135983.0,104279827.0,10,40,4,2020,0
959,Louisiana,2020-10-11,113938298.0,117294523.0,117579801.0,121196145.0,10,41,4,2020,0
4657,Louisiana,2020-10-18,104986484.0,113938298.0,113353059.0,111529227.0,10,42,4,2020,0
6506,Louisiana,2020-10-25,103272852.0,104986484.0,123030206.0,97224312.0,10,43,4,2020,0
271,Louisiana,2020-11-01,104994962.0,103272852.0,116867036.0,102909681.0,11,44,4,2020,0
787,Louisiana,2020-11-08,107041449.0,104994962.0,110526069.0,102756057.0,11,45,4,2020,0
3926,Louisiana,2020-11-15,103533351.0,107041449.0,106003069.0,102183591.0,11,46,4,2020,0
5775,Louisiana,2020-11-22,107565398.0,103533351.0,117294523.0,102360002.0,11,47,4,2020,0
7624,Louisiana,2020-11-29,99539467.0,107565398.0,113938298.0,109850443.0,11,48,4,2020,0
658,Louisiana,2020-12-06,100212642.0,99539467.0,104986484.0,110854351.0,12,49,4,2020,0
3496,Louisiana,2020-12-13,103283351.0,100212642.0,103272852.0,109640846.0,12,50,4,2020,0
5345,Louisiana,2020-12-20,103692118.0,103283351.0,104994962.0,114631357.0,12,51,4,2020,0
7194,Louisiana,2020-12-27,96683773.0,103692118.0,107041449.0,109870801.0,12,52,4,2020,0
1217,Louisiana,2021-01-03,96612059.0,96683773.0,103533351.0,117541818.0,1,53,1,2021,0
1733,Louisiana,2021-01-10,103409390.0,96612059.0,107565398.0,113522143.0,1,1,1,2021,0
4270,Louisiana,2021-01-17,99444705.0,103409390.0,99539467.0,115258588.0,1,2,1,2021,0
6119,Louisiana,2021-01-24,95771377.0,99444705.0,100212642.0,107808978.0,1,3,1,2021,0
7925,Louisiana,2021-01-31,96830454.0,95771377.0,103283351.0,120137016.0,1,4,1,2021,0
1518,Louisiana,2021-02-07,103625081.0,96830454.0,103692118.0,120242882.0,2,5,1,2021,0
3539,Louisiana,2021-02-14,101323999.0,103625081.0,96683773.0,107757841.0,2,6,1,2021,0
5388,Louisiana,2021-02-21,93576882.0,101323999.0,96612059.0,105961502.0,2,7,1,2021,0
7237,Louisiana,2021-02-28,105990169.0,93576882.0,103409390.0,109735019.0,2,8,1,2021,0
1561,Louisiana,2021-03-07,110243755.0,105990169.0,99444705.0,119096376.0,3,9,1,2021,0
3582,Louisiana,2021-03-14,129302802.0,110243755.0,95771377.0,117135983.0,3,10,1,2021,0
5431,Louisiana,2021-03-21,119445818.0,129302802.0,96830454.0,117579801.0,3,11,1,2021,0
7280,Louisiana,2021-03-28,102299326.0,119445818.0,103625081.0,113353059.0,3,12,1,2021,0
1303,Louisiana,2021-04-04,111799498.0,102299326.0,101323999.0,123030206.0,4,13,2,2021,0
1819,Louisiana,2021-04-11,109647914.0,111799498.0,93576882.0,116867036.0,4,14,2,2021,0
4528,Louisiana,2021-04-18,106648614.0,109647914.0,105990169.0,110526069.0,4,15,2,2021,0
6377,Louisiana,2021-04-25,111133389.0,106648614.0,110243755.0,106003069.0,4,16,2,2021,0
1174,Louisiana,2021-05-02,115298735.0,111133389.0,129302802.0,117294523.0,5,17,2,2021,0
1690,Louisiana,2021-05-09,119514121.0,115298735.0,119445818.0,113938298.0,5,18,2,2021,0
4141,Louisiana,2021-05-16,115508714.0,119514121.0,102299326.0,104986484.0,5,19,2,2021,0
5990,Louisiana,2021-05-23,115983095.0,115508714.0,111799498.0,103272852.0,5,20,2,2021,0
7796,Louisiana,2021-05-30,117946581.0,115983095.0,109647914.0,104994962.0,5,21,2,2021,0
1475,Louisiana,2021-06-06,121498262.0,117946581.0,106648614.0,107041449.0,6,22,2,2021,0
3324,Louisiana,2021-06-13,121378724.0,121498262.0,111133389.0,103533351.0,6,23,2,2021,0
5173,Louisiana,2021-06-20,127441197.0,121378724.0,115298735.0,107565398.0,6,24,2,2021,0
7022,Louisiana,2021-06-27,113377115.0,127441197.0,119514121.0,99539467.0,6,25,2,2021,0
1346,Louisiana,2021-07-04,125522125.0,113377115.0,115508714.0,100212642.0,7,26,3,2021,0
1862,Louisiana,2021-07-11,117870621.0,125522125.0,115983095.0,103283351.0,7,27,3,2021,0
4571,Louisiana,2021-07-18,122116303.0,117870621.0,117946581.0,103692118.0,7,28,3,2021,0
6420,Louisiana,2021-07-25,118351246.0,122116303.0,121498262.0,96683773.0,7,29,3,2021,0
1131,Louisiana,2021-08-01,120506481.0,118351246.0,121378724.0,96612059.0,8,30,3,2021,0
1647,Louisiana,2021-08-08,128188335.0,120506481.0,127441197.0,103409390.0,8,31,3,2021,0
3883,Louisiana,2021-08-15,127627599.0,128188335.0,113377115.0,99444705.0,8,32,3,2021,0
5732,Louisiana,2021-08-22,130957347.0,127627599.0,125522125.0,95771377.0,8,33,3,2021,0
7581,Louisiana,2021-08-29,128868690.0,130957347.0,117870621.0,96830454.0,8,34,3,2021,0
1389,Louisiana,2021-09-05,120514382.0,128868690.0,122116303.0,103625081.0,9,35,3,2021,0
1905,Louisiana,2021-09-12,121134945.0,120514382.0,118351246.0,101323999.0,9,36,3,2021,0
5001,Louisiana,2021-09-19,115984166.0,121134945.0,120506481.0,93576882.0,9,37,3,2021,0
6850,Louisiana,2021-09-26,113668155.0,115984166.0,128188335.0,105990169.0,9,38,3,2021,0
1260,Louisiana,2021-10-03,173218605.0,113668155.0,127627599.0,110243755.0,10,39,4,2021,0
1776,Louisiana,2021-10-10,177059756.0,173218605.0,130957347.0,129302802.0,10,40,4,2021,0
4442,Louisiana,2021-10-17,168011334.0,177059756.0,128868690.0,119445818.0,10,41,4,2021,0
6291,Louisiana,2021-10-24,163730358.0,168011334.0,120514382.0,102299326.0,10,42,4,2021,0
8054,Louisiana,2021-10-31,164478871.0,163730358.0,121134945.0,111799498.0,10,43,4,2021,0
1604,Louisiana,2021-11-07,163231952.0,164478871.0,115984166.0,109647914.0,11,44,4,2021,0
3711,Louisiana,2021-11-14,162728719.0,163231952.0,113668155.0,106648614.0,11,45,4,2021,0
5560,Louisiana,2021-11-21,162507492.0,162728719.0,173218605.0,111133389.0,11,46,4,2021,0
7409,Louisiana,2021-11-28,149328484.0,162507492.0,177059756.0,115298735.0,11,47,4,2021,0
1432,Louisiana,2021-12-05,155559149.0,149328484.0,168011334.0,119514121.0,12,48,4,2021,0
1948,Louisiana,2021-12-12,159058610.0,155559149.0,163730358.0,115508714.0,12,49,4,2021,0
5044,Louisiana,2021-12-19,161572466.0,159058610.0,164478871.0,115983095.0,12,50,4,2021,0
6893,Louisiana,2021-12-26,152224240.0,161572466.0,163231952.0,117946581.0,12,51,4,2021,0
2034,Louisiana,2022-01-02,148960742.0,152224240.0,162728719.0,121498262.0,1,52,1,2022,0
2550,Louisiana,2022-01-09,155342817.0,148960742.0,162507492.0,121378724.0,1,1,1,2022,0
4012,Louisiana,2022-01-16,156687248.0,155342817.0,149328484.0,127441197.0,1,2,1,2022,0
5861,Louisiana,2022-01-23,149990486.0,156687248.0,155559149.0,113377115.0,1,3,1,2022,0
7710,Louisiana,2022-01-30,149359134.0,149990486.0,159058610.0,125522125.0,1,4,1,2022,0
2335,Louisiana,2022-02-06,157396925.0,149359134.0,161572466.0,117870621.0,2,5,1,2022,0
3238,Louisiana,2022-02-13,157276015.0,157396925.0,152224240.0,122116303.0,2,6,1,2022,0
5087,Louisiana,2022-02-20,148218415.0,157276015.0,148960742.0,118351246.0,2,7,1,2022,0
6936,Louisiana,2022-02-27,166316041.0,148218415.0,155342817.0,120506481.0,2,8,1,2022,0
2378,Louisiana,2022-03-06,167521896.0,166316041.0,156687248.0,128188335.0,3,9,1,2022,0
3281,Louisiana,2022-03-13,165907039.0,167521896.0,149990486.0,127627599.0,3,10,1,2022,0
5130,Louisiana,2022-03-20,167508573.0,165907039.0,149359134.0,130957347.0,3,11,1,2022,0
6979,Louisiana,2022-03-27,164240358.0,167508573.0,157396925.0,128868690.0,3,12,1,2022,0
2120,Louisiana,2022-04-03,171748523.0,164240358.0,157276015.0,120514382.0,4,13,2,2022,0
2636,Louisiana,2022-04-10,174670882.0,171748523.0,148218415.0,121134945.0,4,14,2,2022,0
4313,Louisiana,2022-04-17,169258764.0,174670882.0,166316041.0,115984166.0,4,15,2,2022,0
6162,Louisiana,2022-04-24,166594559.0,169258764.0,167521896.0,113668155.0,4,16,2,2022,0
1991,Louisiana,2022-05-01,174211278.0,166594559.0,165907039.0,173218605.0,5,17,2,2022,0
2507,Louisiana,2022-05-08,180020154.0,174211278.0,167508573.0,177059756.0,5,18,2,2022,0
3840,Louisiana,2022-05-15,181429033.0,180020154.0,164240358.0,168011334.0,5,19,2,2022,0
5689,Louisiana,2022-05-22,178706788.0,181429033.0,171748523.0,163730358.0,5,20,2,2022,0
7538,Louisiana,2022-05-29,179804432.0,178706788.0,174670882.0,164478871.0,5,21,2,2022,0
2292,Louisiana,2022-06-05,179757689.0,179804432.0,169258764.0,163231952.0,6,22,2,2022,0
2808,Louisiana,2022-06-12,186536877.0,179757689.0,166594559.0,162728719.0,6,23,2,2022,0
4915,Louisiana,2022-06-19,187019146.0,186536877.0,174211278.0,162507492.0,6,24,2,2022,0
6764,Louisiana,2022-06-26,179657907.0,187019146.0,180020154.0,149328484.0,6,25,2,2022,0
2163,Louisiana,2022-07-03,186831003.0,179657907.0,181429033.0,155559149.0,7,26,3,2022,0
2679,Louisiana,2022-07-10,185262751.0,186831003.0,178706788.0,159058610.0,7,27,3,2022,0
4399,Louisiana,2022-07-17,175186925.0,185262751.0,179804432.0,161572466.0,7,28,3,2022,0
6248,Louisiana,2022-07-24,179277668.0,175186925.0,179757689.0,152224240.0,7,29,3,2022,0
8011,Louisiana,2022-07-31,181707227.0,179277668.0,186536877.0,148960742.0,7,30,3,2022,0
2464,Louisiana,2022-08-07,190762050.0,181707227.0,187019146.0,155342817.0,8,31,3,2022,0
3668,Louisiana,2022-08-14,190112553.0,190762050.0,179657907.0,156687248.0,8,32,3,2022,0
5517,Louisiana,2022-08-21,183999611.0,190112553.0,186831003.0,149990486.0,8,33,3,2022,0
7366,Louisiana,2022-08-28,189354774.0,183999611.0,185262751.0,149359134.0,8,34,3,2022,0
2206,Louisiana,2022-09-04,184547199.0,189354774.0,175186925.0,157396925.0,9,35,3,2022,0
2722,Louisiana,2022-09-11,187018948.0,184547199.0,179277668.0,157276015.0,9,36,3,2022,0
4614,Louisiana,2022-09-18,179685597.0,187018948.0,181707227.0,148218415.0,9,37,3,2022,0
6463,Louisiana,2022-09-25,185329803.0,179685597.0,190762050.0,166316041.0,9,38,3,2022,0
2077,Louisiana,2022-10-02,186352065.0,185329803.0,190112553.0,167521896.0,10,39,4,2022,0
2593,Louisiana,2022-10-09,190158068.0,186352065.0,183999611.0,165907039.0,10,40,4,2022,0
4227,Louisiana,2022-10-16,183986892.0,190158068.0,189354774.0,167508573.0,10,41,4,2022,0
6076,Louisiana,2022-10-23,175022139.0,183986892.0,184547199.0,164240358.0,10,42,4,2022,0
7882,Louisiana,2022-10-30,171403891.0,175022139.0,187018948.0,171748523.0,10,43,4,2022,0
2421,Louisiana,2022-11-06,174802411.0,171403891.0,179685597.0,174670882.0,11,44,4,2022,0
3453,Louisiana,2022-11-13,172481938.0,174802411.0,185329803.0,169258764.0,11,45,4,2022,0
5302,Louisiana,2022-11-20,173115456.0,172481938.0,186352065.0,166594559.0,11,46,4,2022,0
7151,Louisiana,2022-11-27,162599691.0,173115456.0,190158068.0,174211278.0,11,47,4,2022,0
2249,Louisiana,2022-12-04,165763269.0,162599691.0,183986892.0,180020154.0,12,48,4,2022,0
2765,Louisiana,2022-12-11,171279354.0,165763269.0,175022139.0,181429033.0,12,49,4,2022,0
4700,Louisiana,2022-12-18,171487542.0,171279354.0,171403891.0,178706788.0,12,50,4,2022,0
6549,Louisiana,2022-12-25,168922814.0,171487542.0,174802411.0,179804432.0,12,51,4,2022,0
2851,Louisiana,2023-01-01,154640918.0,168922814.0,172481938.0,179757689.0,1,52,1,2023,0
3066,Louisiana,2023-01-08,161935636.0,154640918.0,173115456.0,186536877.0,1,1,1,2023,0
3754,Louisiana,2023-01-15,163716219.0,161935636.0,162599691.0,187019146.0,1,2,1,2023,0
5603,Louisiana,2023-01-22,156680224.0,163716219.0,165763269.0,179657907.0,1,3,1,2023,0
7452,Louisiana,2023-01-29,155106852.0,156680224.0,171279354.0,186831003.0,1,4,1,2023,0
2937,Louisiana,2023-02-05,164619111.0,155106852.0,171487542.0,185262751.0,2,5,1,2023,0
3152,Louisiana,2023-02-12,171534051.0,164619111.0,168922814.0,175186925.0,2,6,1,2023,0
4786,Louisiana,2023-02-19,165177666.0,171534051.0,154640918.0,179277668.0,2,7,1,2023,0
6635,Louisiana,2023-02-26,172155748.0,165177666.0,161935636.0,181707227.0,2,8,1,2023,0
2980,Louisiana,2023-03-05,180681856.0,172155748.0,163716219.0,190762050.0,3,9,1,2023,0
3195,Louisiana,2023-03-12,198036327.0,180681856.0,156680224.0,190112553.0,3,10,1,2023,0
4829,Louisiana,2023-03-19,184514764.0,198036327.0,155106852.0,183999611.0,3,11,1,2023,0
6678,Louisiana,2023-03-26,169522981.0,184514764.0,164619111.0,189354774.0,3,12,1,2023,0
2894,Louisiana,2023-04-02,176985211.0,169522981.0,171534051.0,184547199.0,4,13,2,2023,0
3109,Louisiana,2023-04-09,181956635.0,176985211.0,165177666.0,187018948.0,4,14,2,2023,0
4098,Louisiana,2023-04-16,173702708.0,181956635.0,172155748.0,179685597.0,4,15,2,2023,0
5947,Louisiana,2023-04-23,177272792.0,173702708.0,180681856.0,185329803.0,4,16,2,2023,0
7753,Louisiana,2023-04-30,181174167.0,177272792.0,198036327.0,186352065.0,4,17,2,2023,0
3023,Louisiana,2023-05-07,193168731.0,181174167.0,184514764.0,190158068.0,5,18,2,2023,0
100,Maine,2019-10-06,26536448.0,193168731.0,169522981.0,183986892.0,10,40,4,2019,0
3411,Maine,2019-10-13,26810547.0,26536448.0,176985211.0,175022139.0,10,41,4,2019,0
5260,Maine,2019-10-20,26272241.0,26810547.0,181956635.0,171403891.0,10,42,4,2019,0
7109,Maine,2019-10-27,24846763.0,26272241.0,173702708.0,174802411.0,10,43,4,2019,0
57,Maine,2019-11-03,24844075.0,24846763.0,177272792.0,172481938.0,11,44,4,2019,0
186,Maine,2019-11-10,24804826.0,24844075.0,181174167.0,173115456.0,11,45,4,2019,0
4486,Maine,2019-11-17,25124019.0,24804826.0,193168731.0,162599691.0,11,46,4,2019,0
6335,Maine,2019-11-24,25092646.0,25124019.0,26536448.0,165763269.0,11,47,4,2019,0
14,Maine,2019-12-01,25031693.0,25092646.0,26810547.0,171279354.0,12,48,4,2019,0
143,Maine,2019-12-08,24713978.0,25031693.0,26272241.0,171487542.0,12,49,4,2019,0
3970,Maine,2019-12-15,25869599.0,24713978.0,24846763.0,168922814.0,12,50,4,2019,0
5819,Maine,2019-12-22,26726615.0,25869599.0,24844075.0,154640918.0,12,51,4,2019,0
7668,Maine,2019-12-29,25243165.0,26726615.0,24804826.0,161935636.0,12,52,4,2019,0
487,Maine,2020-01-05,25024726.0,25243165.0,25124019.0,163716219.0,1,1,1,2020,0
1003,Maine,2020-01-12,24355262.0,25024726.0,25092646.0,156680224.0,1,2,1,2020,0
4744,Maine,2020-01-19,26100870.0,24355262.0,25031693.0,155106852.0,1,3,1,2020,0
6593,Maine,2020-01-26,23671917.0,26100870.0,24713978.0,164619111.0,1,4,1,2020,0
315,Maine,2020-02-02,24839107.0,23671917.0,25869599.0,171534051.0,2,5,1,2020,0
831,Maine,2020-02-09,24780924.0,24839107.0,26726615.0,165177666.0,2,6,1,2020,0
4056,Maine,2020-02-16,25099315.0,24780924.0,25243165.0,172155748.0,2,7,1,2020,0
5905,Maine,2020-02-23,25238852.0,25099315.0,25024726.0,180681856.0,2,8,1,2020,0
229,Maine,2020-03-01,25700047.0,25238852.0,24355262.0,198036327.0,3,9,1,2020,0
745,Maine,2020-03-08,26842940.0,25700047.0,26100870.0,184514764.0,3,10,1,2020,0
3798,Maine,2020-03-15,28773986.0,26842940.0,23671917.0,169522981.0,3,11,1,2020,0
5647,Maine,2020-03-22,28465733.0,28773986.0,24839107.0,176985211.0,3,12,1,2020,0
7496,Maine,2020-03-29,25032203.0,28465733.0,24780924.0,181956635.0,3,13,1,2020,0
530,Maine,2020-04-05,26134163.0,25032203.0,25099315.0,173702708.0,4,14,2,2020,0
1046,Maine,2020-04-12,25833008.0,26134163.0,25238852.0,177272792.0,4,15,2,2020,0
4873,Maine,2020-04-19,27337985.0,25833008.0,25700047.0,181174167.0,4,16,2,2020,0
6722,Maine,2020-04-26,25890806.0,27337985.0,26842940.0,193168731.0,4,17,2,2020,0
401,Maine,2020-05-03,27783408.0,25890806.0,28773986.0,26536448.0,5,18,2,2020,0
917,Maine,2020-05-10,28044139.0,27783408.0,28465733.0,26810547.0,5,19,2,2020,0
4357,Maine,2020-05-17,29233513.0,28044139.0,25032203.0,26272241.0,5,20,2,2020,0
6206,Maine,2020-05-24,31587575.0,29233513.0,26134163.0,24846763.0,5,21,2,2020,0
7969,Maine,2020-05-31,30695406.0,31587575.0,25833008.0,24844075.0,5,22,2,2020,0
702,Maine,2020-06-07,31030852.0,30695406.0,27337985.0,24804826.0,6,23,2,2020,0
3626,Maine,2020-06-14,31735652.0,31030852.0,25890806.0,25124019.0,6,24,2,2020,0
5475,Maine,2020-06-21,33461790.0,31735652.0,27783408.0,25092646.0,6,25,2,2020,0
7324,Maine,2020-06-28,32666217.0,33461790.0,28044139.0,25031693.0,6,26,2,2020,0
573,Maine,2020-07-05,35955266.0,32666217.0,29233513.0,24713978.0,7,27,3,2020,0
1089,Maine,2020-07-12,32885624.0,35955266.0,31587575.0,25869599.0,7,28,3,2020,0
4959,Maine,2020-07-19,34398251.0,32885624.0,30695406.0,26726615.0,7,29,3,2020,0
6808,Maine,2020-07-26,34256704.0,34398251.0,31030852.0,25243165.0,7,30,3,2020,0
358,Maine,2020-08-02,35887496.0,34256704.0,31735652.0,25024726.0,8,31,3,2020,0
874,Maine,2020-08-09,34201022.0,35887496.0,33461790.0,24355262.0,8,32,3,2020,0
4185,Maine,2020-08-16,34846874.0,34201022.0,32666217.0,26100870.0,8,33,3,2020,0
6034,Maine,2020-08-23,32438671.0,34846874.0,35955266.0,23671917.0,8,34,3,2020,0
7840,Maine,2020-08-30,31354861.0,32438671.0,32885624.0,24839107.0,8,35,3,2020,0
616,Maine,2020-09-06,30068749.0,31354861.0,34398251.0,24780924.0,9,36,3,2020,0
3368,Maine,2020-09-13,29549898.0,30068749.0,34256704.0,25099315.0,9,37,3,2020,0
5217,Maine,2020-09-20,29477979.0,29549898.0,35887496.0,25238852.0,9,38,3,2020,0
7066,Maine,2020-09-27,28839967.0,29477979.0,34201022.0,25700047.0,9,39,3,2020,0
444,Maine,2020-10-04,28196622.0,28839967.0,34846874.0,26842940.0,10,40,4,2020,0
960,Maine,2020-10-11,28329169.0,28196622.0,32438671.0,28773986.0,10,41,4,2020,0
4658,Maine,2020-10-18,28172232.0,28329169.0,31354861.0,28465733.0,10,42,4,2020,0
6507,Maine,2020-10-25,26759991.0,28172232.0,30068749.0,25032203.0,10,43,4,2020,0
272,Maine,2020-11-01,26208036.0,26759991.0,29549898.0,26134163.0,11,44,4,2020,0
788,Maine,2020-11-08,26444945.0,26208036.0,29477979.0,25833008.0,11,45,4,2020,0
3927,Maine,2020-11-15,27075404.0,26444945.0,28839967.0,27337985.0,11,46,4,2020,0
5776,Maine,2020-11-22,26885825.0,27075404.0,28196622.0,25890806.0,11,47,4,2020,0
7625,Maine,2020-11-29,26273516.0,26885825.0,28329169.0,27783408.0,11,48,4,2020,0
659,Maine,2020-12-06,25819043.0,26273516.0,28172232.0,28044139.0,12,49,4,2020,0
3497,Maine,2020-12-13,26552093.0,25819043.0,26759991.0,29233513.0,12,50,4,2020,0
5346,Maine,2020-12-20,27075289.0,26552093.0,26208036.0,31587575.0,12,51,4,2020,0
7195,Maine,2020-12-27,27093729.0,27075289.0,26444945.0,30695406.0,12,52,4,2020,0
1218,Maine,2021-01-03,26270827.0,27093729.0,27075404.0,31030852.0,1,53,1,2021,0
1734,Maine,2021-01-10,26118467.0,26270827.0,26885825.0,31735652.0,1,1,1,2021,0
4271,Maine,2021-01-17,27089363.0,26118467.0,26273516.0,33461790.0,1,2,1,2021,0
6120,Maine,2021-01-24,26264301.0,27089363.0,25819043.0,32666217.0,1,3,1,2021,0
7926,Maine,2021-01-31,26116338.0,26264301.0,26552093.0,35955266.0,1,4,1,2021,0
1519,Maine,2021-02-07,26379036.0,26116338.0,27075289.0,32885624.0,2,5,1,2021,0
3540,Maine,2021-02-14,27211331.0,26379036.0,27093729.0,34398251.0,2,6,1,2021,0
5389,Maine,2021-02-21,26945072.0,27211331.0,26270827.0,34256704.0,2,7,1,2021,0
7238,Maine,2021-02-28,27028028.0,26945072.0,26118467.0,35887496.0,2,8,1,2021,0
1562,Maine,2021-03-07,27970334.0,27028028.0,27089363.0,34201022.0,3,9,1,2021,0
3583,Maine,2021-03-14,30657060.0,27970334.0,26264301.0,34846874.0,3,10,1,2021,0
5432,Maine,2021-03-21,30670986.0,30657060.0,26116338.0,32438671.0,3,11,1,2021,0
7281,Maine,2021-03-28,26865895.0,30670986.0,26379036.0,31354861.0,3,12,1,2021,0
1304,Maine,2021-04-04,28185004.0,26865895.0,27211331.0,30068749.0,4,13,2,2021,0
1820,Maine,2021-04-11,27250032.0,28185004.0,26945072.0,29549898.0,4,14,2,2021,0
4529,Maine,2021-04-18,28809628.0,27250032.0,27028028.0,29477979.0,4,15,2,2021,0
6378,Maine,2021-04-25,28539333.0,28809628.0,27970334.0,28839967.0,4,16,2,2021,0
1175,Maine,2021-05-02,29137324.0,28539333.0,30657060.0,28196622.0,5,17,2,2021,0
1691,Maine,2021-05-09,29339259.0,29137324.0,30670986.0,28329169.0,5,18,2,2021,0
4142,Maine,2021-05-16,31277692.0,29339259.0,26865895.0,28172232.0,5,19,2,2021,0
5991,Maine,2021-05-23,33579851.0,31277692.0,28185004.0,26759991.0,5,20,2,2021,0
7797,Maine,2021-05-30,33587975.0,33579851.0,27250032.0,26208036.0,5,21,2,2021,0
1476,Maine,2021-06-06,32751826.0,33587975.0,28809628.0,26444945.0,6,22,2,2021,0
3325,Maine,2021-06-13,34354336.0,32751826.0,28539333.0,27075404.0,6,23,2,2021,0
5174,Maine,2021-06-20,35928123.0,34354336.0,29137324.0,26885825.0,6,24,2,2021,0
7023,Maine,2021-06-27,34567762.0,35928123.0,29339259.0,26273516.0,6,25,2,2021,0
1347,Maine,2021-07-04,36680245.0,34567762.0,31277692.0,25819043.0,7,26,3,2021,0
1863,Maine,2021-07-11,33697577.0,36680245.0,33579851.0,26552093.0,7,27,3,2021,0
4572,Maine,2021-07-18,35155857.0,33697577.0,33587975.0,27075289.0,7,28,3,2021,0
6421,Maine,2021-07-25,35574007.0,35155857.0,32751826.0,27093729.0,7,29,3,2021,0
1132,Maine,2021-08-01,36198814.0,35574007.0,34354336.0,26270827.0,8,30,3,2021,0
1648,Maine,2021-08-08,36088447.0,36198814.0,35928123.0,26118467.0,8,31,3,2021,0
3884,Maine,2021-08-15,37660012.0,36088447.0,34567762.0,27089363.0,8,32,3,2021,0
5733,Maine,2021-08-22,35352231.0,37660012.0,36680245.0,26264301.0,8,33,3,2021,0
7582,Maine,2021-08-29,33851395.0,35352231.0,33697577.0,26116338.0,8,34,3,2021,0
1390,Maine,2021-09-05,33063174.0,33851395.0,35155857.0,26379036.0,9,35,3,2021,0
1906,Maine,2021-09-12,31746175.0,33063174.0,35574007.0,27211331.0,9,36,3,2021,0
5002,Maine,2021-09-19,31713373.0,31746175.0,36198814.0,26945072.0,9,37,3,2021,0
6851,Maine,2021-09-26,31024787.0,31713373.0,36088447.0,27028028.0,9,38,3,2021,0
1261,Maine,2021-10-03,43463387.0,31024787.0,37660012.0,27970334.0,10,39,4,2021,0
1777,Maine,2021-10-10,43838076.0,43463387.0,35352231.0,30657060.0,10,40,4,2021,0
4443,Maine,2021-10-17,43846988.0,43838076.0,33851395.0,30670986.0,10,41,4,2021,0
6292,Maine,2021-10-24,41226743.0,43846988.0,33063174.0,26865895.0,10,42,4,2021,0
8055,Maine,2021-10-31,40259829.0,41226743.0,31746175.0,28185004.0,10,43,4,2021,0
1605,Maine,2021-11-07,41105433.0,40259829.0,31713373.0,27250032.0,11,44,4,2021,0
3712,Maine,2021-11-14,42309515.0,41105433.0,31024787.0,28809628.0,11,45,4,2021,0
5561,Maine,2021-11-21,41755769.0,42309515.0,43463387.0,28539333.0,11,46,4,2021,0
7410,Maine,2021-11-28,39584633.0,41755769.0,43838076.0,29137324.0,11,47,4,2021,0
1433,Maine,2021-12-05,40174636.0,39584633.0,43846988.0,29339259.0,12,48,4,2021,0
1949,Maine,2021-12-12,41096061.0,40174636.0,41226743.0,31277692.0,12,49,4,2021,0
5045,Maine,2021-12-19,43594914.0,41096061.0,40259829.0,33579851.0,12,50,4,2021,0
6894,Maine,2021-12-26,41576613.0,43594914.0,41105433.0,33587975.0,12,51,4,2021,0
2035,Maine,2022-01-02,40280283.0,41576613.0,42309515.0,32751826.0,1,52,1,2022,0
2551,Maine,2022-01-09,39650663.0,40280283.0,41755769.0,34354336.0,1,1,1,2022,0
4013,Maine,2022-01-16,43350787.0,39650663.0,39584633.0,35928123.0,1,2,1,2022,0
5862,Maine,2022-01-23,39822332.0,43350787.0,40174636.0,34567762.0,1,3,1,2022,0
7711,Maine,2022-01-30,41230769.0,39822332.0,41096061.0,36680245.0,1,4,1,2022,0
2336,Maine,2022-02-06,40438798.0,41230769.0,43594914.0,33697577.0,2,5,1,2022,0
3239,Maine,2022-02-13,41681664.0,40438798.0,41576613.0,35155857.0,2,6,1,2022,0
5088,Maine,2022-02-20,41618979.0,41681664.0,40280283.0,35574007.0,2,7,1,2022,0
6937,Maine,2022-02-27,41625884.0,41618979.0,39650663.0,36198814.0,2,8,1,2022,0
2379,Maine,2022-03-06,42524511.0,41625884.0,43350787.0,36088447.0,3,9,1,2022,0
3282,Maine,2022-03-13,42707838.0,42524511.0,39822332.0,37660012.0,3,10,1,2022,0
5131,Maine,2022-03-20,42695172.0,42707838.0,41230769.0,35352231.0,3,11,1,2022,0
6980,Maine,2022-03-27,42142863.0,42695172.0,40438798.0,33851395.0,3,12,1,2022,0
2121,Maine,2022-04-03,42883243.0,42142863.0,41681664.0,33063174.0,4,13,2,2022,0
2637,Maine,2022-04-10,42469419.0,42883243.0,41618979.0,31746175.0,4,14,2,2022,0
4314,Maine,2022-04-17,45834936.0,42469419.0,41625884.0,31713373.0,4,15,2,2022,0
6163,Maine,2022-04-24,41993771.0,45834936.0,42524511.0,31024787.0,4,16,2,2022,0
1992,Maine,2022-05-01,44706505.0,41993771.0,42707838.0,43463387.0,5,17,2,2022,0
2508,Maine,2022-05-08,46270969.0,44706505.0,42695172.0,43838076.0,5,18,2,2022,0
3841,Maine,2022-05-15,49489860.0,46270969.0,42142863.0,43846988.0,5,19,2,2022,0
5690,Maine,2022-05-22,49955615.0,49489860.0,42883243.0,41226743.0,5,20,2,2022,0
7539,Maine,2022-05-29,50620252.0,49955615.0,42469419.0,40259829.0,5,21,2,2022,0
2293,Maine,2022-06-05,50254515.0,50620252.0,45834936.0,41105433.0,6,22,2,2022,0
2809,Maine,2022-06-12,52791108.0,50254515.0,41993771.0,42309515.0,6,23,2,2022,0
4916,Maine,2022-06-19,53278673.0,52791108.0,44706505.0,41755769.0,6,24,2,2022,0
6765,Maine,2022-06-26,53405147.0,53278673.0,46270969.0,39584633.0,6,25,2,2022,0
2164,Maine,2022-07-03,60165439.0,53405147.0,49489860.0,40174636.0,7,26,3,2022,0
2680,Maine,2022-07-10,54669440.0,60165439.0,49955615.0,41096061.0,7,27,3,2022,0
4400,Maine,2022-07-17,57223096.0,54669440.0,50620252.0,43594914.0,7,28,3,2022,0
6249,Maine,2022-07-24,56848076.0,57223096.0,50254515.0,41576613.0,7,29,3,2022,0
8012,Maine,2022-07-31,56910943.0,56848076.0,52791108.0,40280283.0,7,30,3,2022,0
2465,Maine,2022-08-07,56130667.0,56910943.0,53278673.0,39650663.0,8,31,3,2022,0
3669,Maine,2022-08-14,55607960.0,56130667.0,53405147.0,43350787.0,8,32,3,2022,0
5518,Maine,2022-08-21,54262439.0,55607960.0,60165439.0,39822332.0,8,33,3,2022,0
7367,Maine,2022-08-28,52309755.0,54262439.0,54669440.0,41230769.0,8,34,3,2022,0
2207,Maine,2022-09-04,50340572.0,52309755.0,57223096.0,40438798.0,9,35,3,2022,0
2723,Maine,2022-09-11,48100551.0,50340572.0,56848076.0,41681664.0,9,36,3,2022,0
4615,Maine,2022-09-18,49097846.0,48100551.0,56910943.0,41618979.0,9,37,3,2022,0
6464,Maine,2022-09-25,46571182.0,49097846.0,56130667.0,41625884.0,9,38,3,2022,0
2078,Maine,2022-10-02,45716879.0,46571182.0,55607960.0,42524511.0,10,39,4,2022,0
2594,Maine,2022-10-09,46496664.0,45716879.0,54262439.0,42707838.0,10,40,4,2022,0
4228,Maine,2022-10-16,46908089.0,46496664.0,52309755.0,42695172.0,10,41,4,2022,0
6077,Maine,2022-10-23,44300277.0,46908089.0,50340572.0,42142863.0,10,42,4,2022,0
7883,Maine,2022-10-30,43331366.0,44300277.0,48100551.0,42883243.0,10,43,4,2022,0
2422,Maine,2022-11-06,43840591.0,43331366.0,49097846.0,42469419.0,11,44,4,2022,0
3454,Maine,2022-11-13,44716273.0,43840591.0,46571182.0,45834936.0,11,45,4,2022,0
5303,Maine,2022-11-20,44409591.0,44716273.0,45716879.0,41993771.0,11,46,4,2022,0
7152,Maine,2022-11-27,43874865.0,44409591.0,46496664.0,44706505.0,11,47,4,2022,0
2250,Maine,2022-12-04,42473739.0,43874865.0,46908089.0,46270969.0,12,48,4,2022,0
2766,Maine,2022-12-11,44077650.0,42473739.0,44300277.0,49489860.0,12,49,4,2022,0
4701,Maine,2022-12-18,46588231.0,44077650.0,43331366.0,49955615.0,12,50,4,2022,0
6550,Maine,2022-12-25,47018806.0,46588231.0,43840591.0,50620252.0,12,51,4,2022,0
2852,Maine,2023-01-01,42599536.0,47018806.0,44716273.0,50254515.0,1,52,1,2023,0
3067,Maine,2023-01-08,42122441.0,42599536.0,44409591.0,52791108.0,1,1,1,2023,0
3755,Maine,2023-01-15,44353321.0,42122441.0,43874865.0,53278673.0,1,2,1,2023,0
5604,Maine,2023-01-22,43405432.0,44353321.0,42473739.0,53405147.0,1,3,1,2023,0
7453,Maine,2023-01-29,43975211.0,43405432.0,44077650.0,60165439.0,1,4,1,2023,0
2938,Maine,2023-02-05,42648132.0,43975211.0,46588231.0,54669440.0,2,5,1,2023,0
3153,Maine,2023-02-12,46050376.0,42648132.0,47018806.0,57223096.0,2,6,1,2023,0
4787,Maine,2023-02-19,45523131.0,46050376.0,42599536.0,56848076.0,2,7,1,2023,0
6636,Maine,2023-02-26,44869121.0,45523131.0,42122441.0,56910943.0,2,8,1,2023,0
2981,Maine,2023-03-05,46290151.0,44869121.0,44353321.0,56130667.0,3,9,1,2023,0
3196,Maine,2023-03-12,48906544.0,46290151.0,43405432.0,55607960.0,3,10,1,2023,0
4830,Maine,2023-03-19,48532857.0,48906544.0,43975211.0,54262439.0,3,11,1,2023,0
6679,Maine,2023-03-26,44174255.0,48532857.0,42648132.0,52309755.0,3,12,1,2023,0
2895,Maine,2023-04-02,44473895.0,44174255.0,46050376.0,50340572.0,4,13,2,2023,0
3110,Maine,2023-04-09,45983215.0,44473895.0,45523131.0,48100551.0,4,14,2,2023,0
4099,Maine,2023-04-16,48286698.0,45983215.0,44869121.0,49097846.0,4,15,2,2023,0
5948,Maine,2023-04-23,45977852.0,48286698.0,46290151.0,46571182.0,4,16,2,2023,0
7754,Maine,2023-04-30,47178282.0,45977852.0,48906544.0,45716879.0,4,17,2,2023,0
3024,Maine,2023-05-07,49205689.0,47178282.0,48532857.0,46496664.0,5,18,2,2023,0
101,Maryland,2019-10-06,97008034.0,49205689.0,44174255.0,46908089.0,10,40,4,2019,0
3412,Maryland,2019-10-13,93758115.0,97008034.0,44473895.0,44300277.0,10,41,4,2019,0
5261,Maryland,2019-10-20,90181316.0,93758115.0,45983215.0,43331366.0,10,42,4,2019,0
7110,Maryland,2019-10-27,88416679.0,90181316.0,48286698.0,43840591.0,10,43,4,2019,0
58,Maryland,2019-11-03,88673878.0,88416679.0,45977852.0,44716273.0,11,44,4,2019,0
187,Maryland,2019-11-10,88525553.0,88673878.0,47178282.0,44409591.0,11,45,4,2019,0
4487,Maryland,2019-11-17,90307205.0,88525553.0,49205689.0,43874865.0,11,46,4,2019,0
6336,Maryland,2019-11-24,93588028.0,90307205.0,97008034.0,42473739.0,11,47,4,2019,0
15,Maryland,2019-12-01,89261853.0,93588028.0,93758115.0,44077650.0,12,48,4,2019,0
144,Maryland,2019-12-08,87415041.0,89261853.0,90181316.0,46588231.0,12,49,4,2019,0
3971,Maryland,2019-12-15,90575816.0,87415041.0,88416679.0,47018806.0,12,50,4,2019,0
5820,Maryland,2019-12-22,97500112.0,90575816.0,88673878.0,42599536.0,12,51,4,2019,0
7669,Maryland,2019-12-29,92797310.0,97500112.0,88525553.0,42122441.0,12,52,4,2019,0
488,Maryland,2020-01-05,88313854.0,92797310.0,90307205.0,44353321.0,1,1,1,2020,0
1004,Maryland,2020-01-12,89531136.0,88313854.0,93588028.0,43405432.0,1,2,1,2020,0
4745,Maryland,2020-01-19,88445894.0,89531136.0,89261853.0,43975211.0,1,3,1,2020,0
6594,Maryland,2020-01-26,85581663.0,88445894.0,87415041.0,42648132.0,1,4,1,2020,0
316,Maryland,2020-02-02,87410693.0,85581663.0,90575816.0,46050376.0,2,5,1,2020,0
832,Maryland,2020-02-09,88660395.0,87410693.0,97500112.0,45523131.0,2,6,1,2020,0
4057,Maryland,2020-02-16,87373770.0,88660395.0,92797310.0,44869121.0,2,7,1,2020,0
5906,Maryland,2020-02-23,88053306.0,87373770.0,88313854.0,46290151.0,2,8,1,2020,0
230,Maryland,2020-03-01,90814110.0,88053306.0,89531136.0,48906544.0,3,9,1,2020,0
746,Maryland,2020-03-08,95686987.0,90814110.0,88445894.0,48532857.0,3,10,1,2020,0
3799,Maryland,2020-03-15,111894147.0,95686987.0,85581663.0,44174255.0,3,11,1,2020,0
5648,Maryland,2020-03-22,106607340.0,111894147.0,87410693.0,44473895.0,3,12,1,2020,0
7497,Maryland,2020-03-29,92700910.0,106607340.0,88660395.0,45983215.0,3,13,1,2020,0
531,Maryland,2020-04-05,94743296.0,92700910.0,87373770.0,48286698.0,4,14,2,2020,0
1047,Maryland,2020-04-12,95539930.0,94743296.0,88053306.0,45977852.0,4,15,2,2020,0
4874,Maryland,2020-04-19,96380381.0,95539930.0,90814110.0,47178282.0,4,16,2,2020,0
6723,Maryland,2020-04-26,93906193.0,96380381.0,95686987.0,49205689.0,4,17,2,2020,0
402,Maryland,2020-05-03,95277517.0,93906193.0,111894147.0,97008034.0,5,18,2,2020,0
918,Maryland,2020-05-10,96078169.0,95277517.0,106607340.0,93758115.0,5,19,2,2020,0
4358,Maryland,2020-05-17,98558237.0,96078169.0,92700910.0,90181316.0,5,20,2,2020,0
6207,Maryland,2020-05-24,105278232.0,98558237.0,94743296.0,88416679.0,5,21,2,2020,0
7970,Maryland,2020-05-31,103364485.0,105278232.0,95539930.0,88673878.0,5,22,2,2020,0
703,Maryland,2020-06-07,104723816.0,103364485.0,96380381.0,88525553.0,6,23,2,2020,0
3627,Maryland,2020-06-14,105414880.0,104723816.0,93906193.0,90307205.0,6,24,2,2020,0
5476,Maryland,2020-06-21,104003906.0,105414880.0,95277517.0,93588028.0,6,25,2,2020,0
7325,Maryland,2020-06-28,108601124.0,104003906.0,96078169.0,89261853.0,6,26,2,2020,0
574,Maryland,2020-07-05,115323226.0,108601124.0,98558237.0,87415041.0,7,27,3,2020,0
1090,Maryland,2020-07-12,106991408.0,115323226.0,105278232.0,90575816.0,7,28,3,2020,0
4960,Maryland,2020-07-19,112171286.0,106991408.0,103364485.0,97500112.0,7,29,3,2020,0
6809,Maryland,2020-07-26,108600663.0,112171286.0,104723816.0,92797310.0,7,30,3,2020,0
359,Maryland,2020-08-02,107791835.0,108600663.0,105414880.0,88313854.0,8,31,3,2020,0
875,Maryland,2020-08-09,105563907.0,107791835.0,104003906.0,89531136.0,8,32,3,2020,0
4186,Maryland,2020-08-16,104793631.0,105563907.0,108601124.0,88445894.0,8,33,3,2020,0
6035,Maryland,2020-08-23,103139793.0,104793631.0,115323226.0,85581663.0,8,34,3,2020,0
7841,Maryland,2020-08-30,103695376.0,103139793.0,106991408.0,87410693.0,8,35,3,2020,0
617,Maryland,2020-09-06,103513800.0,103695376.0,112171286.0,88660395.0,9,36,3,2020,0
3369,Maryland,2020-09-13,100237643.0,103513800.0,108600663.0,87373770.0,9,37,3,2020,0
5218,Maryland,2020-09-20,99489150.0,100237643.0,107791835.0,88053306.0,9,38,3,2020,0
7067,Maryland,2020-09-27,99204981.0,99489150.0,105563907.0,90814110.0,9,39,3,2020,0
445,Maryland,2020-10-04,98860220.0,99204981.0,104793631.0,95686987.0,10,40,4,2020,0
961,Maryland,2020-10-11,97253304.0,98860220.0,103139793.0,111894147.0,10,41,4,2020,0
4659,Maryland,2020-10-18,94137274.0,97253304.0,103695376.0,106607340.0,10,42,4,2020,0
6508,Maryland,2020-10-25,94352307.0,94137274.0,103513800.0,92700910.0,10,43,4,2020,0
273,Maryland,2020-11-01,92795122.0,94352307.0,100237643.0,94743296.0,11,44,4,2020,0
789,Maryland,2020-11-08,94532177.0,92795122.0,99489150.0,95539930.0,11,45,4,2020,0
3928,Maryland,2020-11-15,95314038.0,94532177.0,99204981.0,96380381.0,11,46,4,2020,0
5777,Maryland,2020-11-22,98100247.0,95314038.0,98860220.0,93906193.0,11,47,4,2020,0
7626,Maryland,2020-11-29,97386230.0,98100247.0,97253304.0,95277517.0,11,48,4,2020,0
660,Maryland,2020-12-06,87783075.0,97386230.0,94137274.0,96078169.0,12,49,4,2020,0
3498,Maryland,2020-12-13,94176748.0,87783075.0,94352307.0,98558237.0,12,50,4,2020,0
5347,Maryland,2020-12-20,97236200.0,94176748.0,92795122.0,105278232.0,12,51,4,2020,0
7196,Maryland,2020-12-27,98295541.0,97236200.0,94532177.0,103364485.0,12,52,4,2020,0
1219,Maryland,2021-01-03,91957431.0,98295541.0,95314038.0,104723816.0,1,53,1,2021,0
1735,Maryland,2021-01-10,91814739.0,91957431.0,98100247.0,105414880.0,1,1,1,2021,0
4272,Maryland,2021-01-17,94368591.0,91814739.0,97386230.0,104003906.0,1,2,1,2021,0
6121,Maryland,2021-01-24,92456852.0,94368591.0,87783075.0,108601124.0,1,3,1,2021,0
7927,Maryland,2021-01-31,93789248.0,92456852.0,94176748.0,115323226.0,1,4,1,2021,0
1520,Maryland,2021-02-07,91691006.0,93789248.0,97236200.0,106991408.0,2,5,1,2021,0
3541,Maryland,2021-02-14,91850611.0,91691006.0,98295541.0,112171286.0,2,6,1,2021,0
5390,Maryland,2021-02-21,92005610.0,91850611.0,91957431.0,108600663.0,2,7,1,2021,0
7239,Maryland,2021-02-28,94576326.0,92005610.0,91814739.0,107791835.0,2,8,1,2021,0
1563,Maryland,2021-03-07,98503358.0,94576326.0,94368591.0,105563907.0,3,9,1,2021,0
3584,Maryland,2021-03-14,116997061.0,98503358.0,92456852.0,104793631.0,3,10,1,2021,0
5433,Maryland,2021-03-21,112804604.0,116997061.0,93789248.0,103139793.0,3,11,1,2021,0
7282,Maryland,2021-03-28,98218067.0,112804604.0,91691006.0,103695376.0,3,12,1,2021,0
1305,Maryland,2021-04-04,99821595.0,98218067.0,91850611.0,103513800.0,4,13,2,2021,0
1821,Maryland,2021-04-11,99364240.0,99821595.0,92005610.0,100237643.0,4,14,2,2021,0
4530,Maryland,2021-04-18,99378358.0,99364240.0,94576326.0,99489150.0,4,15,2,2021,0
6379,Maryland,2021-04-25,98801109.0,99378358.0,98503358.0,99204981.0,4,16,2,2021,0
1176,Maryland,2021-05-02,102050026.0,98801109.0,116997061.0,98860220.0,5,17,2,2021,0
1692,Maryland,2021-05-09,102307391.0,102050026.0,112804604.0,97253304.0,5,18,2,2021,0
4143,Maryland,2021-05-16,104297428.0,102307391.0,98218067.0,94137274.0,5,19,2,2021,0
5992,Maryland,2021-05-23,109786682.0,104297428.0,99821595.0,94352307.0,5,20,2,2021,0
7798,Maryland,2021-05-30,108404730.0,109786682.0,99364240.0,92795122.0,5,21,2,2021,0
1477,Maryland,2021-06-06,110224578.0,108404730.0,99378358.0,94532177.0,6,22,2,2021,0
3326,Maryland,2021-06-13,112928439.0,110224578.0,98801109.0,95314038.0,6,23,2,2021,0
5175,Maryland,2021-06-20,110913679.0,112928439.0,102050026.0,98100247.0,6,24,2,2021,0
7024,Maryland,2021-06-27,112115089.0,110913679.0,102307391.0,97386230.0,6,25,2,2021,0
1348,Maryland,2021-07-04,120566973.0,112115089.0,104297428.0,87783075.0,7,26,3,2021,0
1864,Maryland,2021-07-11,114821638.0,120566973.0,109786682.0,94176748.0,7,27,3,2021,0
4573,Maryland,2021-07-18,117222485.0,114821638.0,108404730.0,97236200.0,7,28,3,2021,0
6422,Maryland,2021-07-25,115587895.0,117222485.0,110224578.0,98295541.0,7,29,3,2021,0
1133,Maryland,2021-08-01,113493003.0,115587895.0,112928439.0,91957431.0,8,30,3,2021,0
1649,Maryland,2021-08-08,109789879.0,113493003.0,110913679.0,91814739.0,8,31,3,2021,0
3885,Maryland,2021-08-15,111549136.0,109789879.0,112115089.0,94368591.0,8,32,3,2021,0
5734,Maryland,2021-08-22,109293517.0,111549136.0,120566973.0,92456852.0,8,33,3,2021,0
7583,Maryland,2021-08-29,111588540.0,109293517.0,114821638.0,93789248.0,8,34,3,2021,0
1391,Maryland,2021-09-05,110387783.0,111588540.0,117222485.0,91691006.0,9,35,3,2021,0
1907,Maryland,2021-09-12,107980698.0,110387783.0,115587895.0,91850611.0,9,36,3,2021,0
5003,Maryland,2021-09-19,107129225.0,107980698.0,113493003.0,92005610.0,9,37,3,2021,0
6852,Maryland,2021-09-26,104892964.0,107129225.0,109789879.0,94576326.0,9,38,3,2021,0
1262,Maryland,2021-10-03,153026721.0,104892964.0,111549136.0,98503358.0,10,39,4,2021,0
1778,Maryland,2021-10-10,151554136.0,153026721.0,109293517.0,116997061.0,10,40,4,2021,0
4444,Maryland,2021-10-17,148289348.0,151554136.0,111588540.0,112804604.0,10,41,4,2021,0
6293,Maryland,2021-10-24,146769139.0,148289348.0,110387783.0,98218067.0,10,42,4,2021,0
8056,Maryland,2021-10-31,144129654.0,146769139.0,107980698.0,99821595.0,10,43,4,2021,0
1606,Maryland,2021-11-07,143534790.0,144129654.0,107129225.0,99364240.0,11,44,4,2021,0
3713,Maryland,2021-11-14,149358981.0,143534790.0,104892964.0,99378358.0,11,45,4,2021,0
5562,Maryland,2021-11-21,151367134.0,149358981.0,153026721.0,98801109.0,11,46,4,2021,0
7411,Maryland,2021-11-28,145305604.0,151367134.0,151554136.0,102050026.0,11,47,4,2021,0
1434,Maryland,2021-12-05,137448770.0,145305604.0,148289348.0,102307391.0,12,48,4,2021,0
1950,Maryland,2021-12-12,146342295.0,137448770.0,146769139.0,104297428.0,12,49,4,2021,0
5046,Maryland,2021-12-19,152395983.0,146342295.0,144129654.0,109786682.0,12,50,4,2021,0
6895,Maryland,2021-12-26,154213595.0,152395983.0,143534790.0,108404730.0,12,51,4,2021,0
2036,Maryland,2022-01-02,141611466.0,154213595.0,149358981.0,110224578.0,1,52,1,2022,0
2552,Maryland,2022-01-09,143613037.0,141611466.0,151367134.0,112928439.0,1,1,1,2022,0
4014,Maryland,2022-01-16,147214262.0,143613037.0,145305604.0,110913679.0,1,2,1,2022,0
5863,Maryland,2022-01-23,141914537.0,147214262.0,137448770.0,112115089.0,1,3,1,2022,0
7712,Maryland,2022-01-30,144339585.0,141914537.0,146342295.0,120566973.0,1,4,1,2022,0
2337,Maryland,2022-02-06,141116007.0,144339585.0,152395983.0,114821638.0,2,5,1,2022,0
3240,Maryland,2022-02-13,144626242.0,141116007.0,154213595.0,117222485.0,2,6,1,2022,0
5089,Maryland,2022-02-20,141913018.0,144626242.0,141611466.0,115587895.0,2,7,1,2022,0
6938,Maryland,2022-02-27,145837844.0,141913018.0,143613037.0,113493003.0,2,8,1,2022,0
2380,Maryland,2022-03-06,146518927.0,145837844.0,147214262.0,109789879.0,3,9,1,2022,0
3283,Maryland,2022-03-13,150915471.0,146518927.0,141914537.0,111549136.0,3,10,1,2022,0
5132,Maryland,2022-03-20,150518690.0,150915471.0,144339585.0,109293517.0,3,11,1,2022,0
6981,Maryland,2022-03-27,151339044.0,150518690.0,141116007.0,111588540.0,3,12,1,2022,0
2122,Maryland,2022-04-03,151946477.0,151339044.0,144626242.0,110387783.0,4,13,2,2022,0
2638,Maryland,2022-04-10,153379324.0,151946477.0,141913018.0,107980698.0,4,14,2,2022,0
4315,Maryland,2022-04-17,159304621.0,153379324.0,145837844.0,107129225.0,4,15,2,2022,0
6164,Maryland,2022-04-24,154619703.0,159304621.0,146518927.0,104892964.0,4,16,2,2022,0
1993,Maryland,2022-05-01,156961460.0,154619703.0,150915471.0,153026721.0,5,17,2,2022,0
2509,Maryland,2022-05-08,155643664.0,156961460.0,150518690.0,151554136.0,5,18,2,2022,0
3842,Maryland,2022-05-15,159139094.0,155643664.0,151339044.0,148289348.0,5,19,2,2022,0
5691,Maryland,2022-05-22,171654882.0,159139094.0,151946477.0,146769139.0,5,20,2,2022,0
7540,Maryland,2022-05-29,166991883.0,171654882.0,153379324.0,144129654.0,5,21,2,2022,0
2294,Maryland,2022-06-05,167237091.0,166991883.0,159304621.0,143534790.0,6,22,2,2022,0
2810,Maryland,2022-06-12,165507600.0,167237091.0,154619703.0,149358981.0,6,23,2,2022,0
4917,Maryland,2022-06-19,169788282.0,165507600.0,156961460.0,151367134.0,6,24,2,2022,0
6766,Maryland,2022-06-26,169627955.0,169788282.0,155643664.0,145305604.0,6,25,2,2022,0
2165,Maryland,2022-07-03,175871844.0,169627955.0,159139094.0,137448770.0,7,26,3,2022,0
2681,Maryland,2022-07-10,167386564.0,175871844.0,171654882.0,146342295.0,7,27,3,2022,0
4401,Maryland,2022-07-17,173216759.0,167386564.0,166991883.0,152395983.0,7,28,3,2022,0
6250,Maryland,2022-07-24,172047281.0,173216759.0,167237091.0,154213595.0,7,29,3,2022,0
8013,Maryland,2022-07-31,168398689.0,172047281.0,165507600.0,141611466.0,7,30,3,2022,0
2466,Maryland,2022-08-07,168221663.0,168398689.0,169788282.0,143613037.0,8,31,3,2022,0
3670,Maryland,2022-08-14,170001105.0,168221663.0,169627955.0,147214262.0,8,32,3,2022,0
5519,Maryland,2022-08-21,167354557.0,170001105.0,175871844.0,141914537.0,8,33,3,2022,0
7368,Maryland,2022-08-28,169874500.0,167354557.0,167386564.0,144339585.0,8,34,3,2022,0
2208,Maryland,2022-09-04,170224235.0,169874500.0,173216759.0,141116007.0,9,35,3,2022,0
2724,Maryland,2022-09-11,165517969.0,170224235.0,172047281.0,144626242.0,9,36,3,2022,0
4616,Maryland,2022-09-18,165694956.0,165517969.0,168398689.0,141913018.0,9,37,3,2022,0
6465,Maryland,2022-09-25,164059545.0,165694956.0,168221663.0,145837844.0,9,38,3,2022,0
2079,Maryland,2022-10-02,160004007.0,164059545.0,170001105.0,146518927.0,10,39,4,2022,0
2595,Maryland,2022-10-09,156839384.0,160004007.0,167354557.0,150915471.0,10,40,4,2022,0
4229,Maryland,2022-10-16,157264032.0,156839384.0,169874500.0,150518690.0,10,41,4,2022,0
6078,Maryland,2022-10-23,154739355.0,157264032.0,170224235.0,151339044.0,10,42,4,2022,0
7884,Maryland,2022-10-30,151763864.0,154739355.0,165517969.0,151946477.0,10,43,4,2022,0
2423,Maryland,2022-11-06,152058115.0,151763864.0,165694956.0,153379324.0,11,44,4,2022,0
3455,Maryland,2022-11-13,155282600.0,152058115.0,164059545.0,159304621.0,11,45,4,2022,0
5304,Maryland,2022-11-20,156895972.0,155282600.0,160004007.0,154619703.0,11,46,4,2022,0
7153,Maryland,2022-11-27,161803868.0,156895972.0,156839384.0,156961460.0,11,47,4,2022,0
2251,Maryland,2022-12-04,143324166.0,161803868.0,157264032.0,155643664.0,12,48,4,2022,0
2767,Maryland,2022-12-11,152772242.0,143324166.0,154739355.0,159139094.0,12,49,4,2022,0
4702,Maryland,2022-12-18,159337882.0,152772242.0,151763864.0,171654882.0,12,50,4,2022,0
6551,Maryland,2022-12-25,166936861.0,159337882.0,152058115.0,166991883.0,12,51,4,2022,0
2853,Maryland,2023-01-01,150104016.0,166936861.0,155282600.0,167237091.0,1,52,1,2023,0
3068,Maryland,2023-01-08,149468285.0,150104016.0,156895972.0,165507600.0,1,1,1,2023,0
3756,Maryland,2023-01-15,152126380.0,149468285.0,161803868.0,169788282.0,1,2,1,2023,0
5605,Maryland,2023-01-22,147502187.0,152126380.0,143324166.0,169627955.0,1,3,1,2023,0
7454,Maryland,2023-01-29,147866864.0,147502187.0,152772242.0,175871844.0,1,4,1,2023,0
2939,Maryland,2023-02-05,146919673.0,147866864.0,159337882.0,167386564.0,2,5,1,2023,0
3154,Maryland,2023-02-12,152386026.0,146919673.0,166936861.0,173216759.0,2,6,1,2023,0
4788,Maryland,2023-02-19,152990036.0,152386026.0,150104016.0,172047281.0,2,7,1,2023,0
6637,Maryland,2023-02-26,154630462.0,152990036.0,149468285.0,168398689.0,2,8,1,2023,0
2982,Maryland,2023-03-05,158093685.0,154630462.0,152126380.0,168221663.0,3,9,1,2023,0
3197,Maryland,2023-03-12,174669998.0,158093685.0,147502187.0,170001105.0,3,10,1,2023,0
4831,Maryland,2023-03-19,171998766.0,174669998.0,147866864.0,167354557.0,3,11,1,2023,0
6680,Maryland,2023-03-26,156952581.0,171998766.0,146919673.0,169874500.0,3,12,1,2023,0
2896,Maryland,2023-04-02,156180976.0,156952581.0,152386026.0,170224235.0,4,13,2,2023,0
3111,Maryland,2023-04-09,161274665.0,156180976.0,152990036.0,165517969.0,4,14,2,2023,0
4100,Maryland,2023-04-16,166631665.0,161274665.0,154630462.0,165694956.0,4,15,2,2023,0
5949,Maryland,2023-04-23,163795397.0,166631665.0,158093685.0,164059545.0,4,16,2,2023,0
7755,Maryland,2023-04-30,160364863.0,163795397.0,174669998.0,160004007.0,4,17,2,2023,0
3025,Maryland,2023-05-07,160481700.0,160364863.0,171998766.0,156839384.0,5,18,2,2023,0
102,Massachusetts,2019-10-06,102038881.0,160481700.0,156952581.0,157264032.0,10,40,4,2019,0
3413,Massachusetts,2019-10-13,100926963.0,102038881.0,156180976.0,154739355.0,10,41,4,2019,0
5262,Massachusetts,2019-10-20,98350433.0,100926963.0,161274665.0,151763864.0,10,42,4,2019,0
7111,Massachusetts,2019-10-27,97284879.0,98350433.0,166631665.0,152058115.0,10,43,4,2019,0
59,Massachusetts,2019-11-03,97717029.0,97284879.0,163795397.0,155282600.0,11,44,4,2019,0
188,Massachusetts,2019-11-10,99983395.0,97717029.0,160364863.0,156895972.0,11,45,4,2019,0
4488,Massachusetts,2019-11-17,101260431.0,99983395.0,160481700.0,161803868.0,11,46,4,2019,0
6337,Massachusetts,2019-11-24,100546660.0,101260431.0,102038881.0,143324166.0,11,47,4,2019,0
16,Massachusetts,2019-12-01,98820411.0,100546660.0,100926963.0,152772242.0,12,48,4,2019,0
145,Massachusetts,2019-12-08,98415703.0,98820411.0,98350433.0,159337882.0,12,49,4,2019,0
3972,Massachusetts,2019-12-15,101028461.0,98415703.0,97284879.0,166936861.0,12,50,4,2019,0
5821,Massachusetts,2019-12-22,106502083.0,101028461.0,97717029.0,150104016.0,12,51,4,2019,0
7670,Massachusetts,2019-12-29,100487052.0,106502083.0,99983395.0,149468285.0,12,52,4,2019,0
489,Massachusetts,2020-01-05,98080456.0,100487052.0,101260431.0,152126380.0,1,1,1,2020,0
1005,Massachusetts,2020-01-12,97046660.0,98080456.0,100546660.0,147502187.0,1,2,1,2020,0
4746,Massachusetts,2020-01-19,103176944.0,97046660.0,98820411.0,147866864.0,1,3,1,2020,0
6595,Massachusetts,2020-01-26,93592336.0,103176944.0,98415703.0,146919673.0,1,4,1,2020,0
317,Massachusetts,2020-02-02,98287115.0,93592336.0,101028461.0,152386026.0,2,5,1,2020,0
833,Massachusetts,2020-02-09,98116057.0,98287115.0,106502083.0,152990036.0,2,6,1,2020,0
4058,Massachusetts,2020-02-16,95306387.0,98116057.0,100487052.0,154630462.0,2,7,1,2020,0
5907,Massachusetts,2020-02-23,96000960.0,95306387.0,98080456.0,158093685.0,2,8,1,2020,0
231,Massachusetts,2020-03-01,100072373.0,96000960.0,97046660.0,174669998.0,3,9,1,2020,0
747,Massachusetts,2020-03-08,107069451.0,100072373.0,103176944.0,171998766.0,3,10,1,2020,0
3800,Massachusetts,2020-03-15,122297192.0,107069451.0,93592336.0,156952581.0,3,11,1,2020,0
5649,Massachusetts,2020-03-22,118886720.0,122297192.0,98287115.0,156180976.0,3,12,1,2020,0
7498,Massachusetts,2020-03-29,100640614.0,118886720.0,98116057.0,161274665.0,3,13,1,2020,0
532,Massachusetts,2020-04-05,103980879.0,100640614.0,95306387.0,166631665.0,4,14,2,2020,0
1048,Massachusetts,2020-04-12,105781835.0,103980879.0,96000960.0,163795397.0,4,15,2,2020,0
4875,Massachusetts,2020-04-19,101856766.0,105781835.0,100072373.0,160364863.0,4,16,2,2020,0
6724,Massachusetts,2020-04-26,97588683.0,101856766.0,107069451.0,160481700.0,4,17,2,2020,0
403,Massachusetts,2020-05-03,104091231.0,97588683.0,122297192.0,102038881.0,5,18,2,2020,0
919,Massachusetts,2020-05-10,109906368.0,104091231.0,118886720.0,100926963.0,5,19,2,2020,0
4359,Massachusetts,2020-05-17,107763998.0,109906368.0,100640614.0,98350433.0,5,20,2,2020,0
6208,Massachusetts,2020-05-24,115031093.0,107763998.0,103980879.0,97284879.0,5,21,2,2020,0
7971,Massachusetts,2020-05-31,114382692.0,115031093.0,105781835.0,97717029.0,5,22,2,2020,0
704,Massachusetts,2020-06-07,117164234.0,114382692.0,101856766.0,99983395.0,6,23,2,2020,0
3628,Massachusetts,2020-06-14,117959015.0,117164234.0,97588683.0,101260431.0,6,24,2,2020,0
5477,Massachusetts,2020-06-21,117600667.0,117959015.0,104091231.0,100546660.0,6,25,2,2020,0
7326,Massachusetts,2020-06-28,120778035.0,117600667.0,109906368.0,98820411.0,6,26,2,2020,0
575,Massachusetts,2020-07-05,126221632.0,120778035.0,107763998.0,98415703.0,7,27,3,2020,0
1091,Massachusetts,2020-07-12,120946165.0,126221632.0,115031093.0,101028461.0,7,28,3,2020,0
4961,Massachusetts,2020-07-19,121563171.0,120946165.0,114382692.0,106502083.0,7,29,3,2020,0
6810,Massachusetts,2020-07-26,121049651.0,121563171.0,117164234.0,100487052.0,7,30,3,2020,0
360,Massachusetts,2020-08-02,126577658.0,121049651.0,117959015.0,98080456.0,8,31,3,2020,0
876,Massachusetts,2020-08-09,124107249.0,126577658.0,117600667.0,97046660.0,8,32,3,2020,0
4187,Massachusetts,2020-08-16,121577326.0,124107249.0,120778035.0,103176944.0,8,33,3,2020,0
6036,Massachusetts,2020-08-23,116069140.0,121577326.0,126221632.0,93592336.0,8,34,3,2020,0
7842,Massachusetts,2020-08-30,114640152.0,116069140.0,120946165.0,98287115.0,8,35,3,2020,0
618,Massachusetts,2020-09-06,115596196.0,114640152.0,121563171.0,98116057.0,9,36,3,2020,0
3370,Massachusetts,2020-09-13,111668740.0,115596196.0,121049651.0,95306387.0,9,37,3,2020,0
5219,Massachusetts,2020-09-20,109099053.0,111668740.0,126577658.0,96000960.0,9,38,3,2020,0
7068,Massachusetts,2020-09-27,109181659.0,109099053.0,124107249.0,100072373.0,9,39,3,2020,0
446,Massachusetts,2020-10-04,108992157.0,109181659.0,121577326.0,107069451.0,10,40,4,2020,0
962,Massachusetts,2020-10-11,106668504.0,108992157.0,116069140.0,122297192.0,10,41,4,2020,0
4660,Massachusetts,2020-10-18,104434742.0,106668504.0,114640152.0,118886720.0,10,42,4,2020,0
6509,Massachusetts,2020-10-25,103649446.0,104434742.0,115596196.0,100640614.0,10,43,4,2020,0
274,Massachusetts,2020-11-01,101437846.0,103649446.0,111668740.0,103980879.0,11,44,4,2020,0
790,Massachusetts,2020-11-08,106566022.0,101437846.0,109099053.0,105781835.0,11,45,4,2020,0
3929,Massachusetts,2020-11-15,105674941.0,106566022.0,109181659.0,101856766.0,11,46,4,2020,0
5778,Massachusetts,2020-11-22,106618339.0,105674941.0,108992157.0,97588683.0,11,47,4,2020,0
7627,Massachusetts,2020-11-29,105979943.0,106618339.0,106668504.0,104091231.0,11,48,4,2020,0
661,Massachusetts,2020-12-06,100040170.0,105979943.0,104434742.0,109906368.0,12,49,4,2020,0
3499,Massachusetts,2020-12-13,105601030.0,100040170.0,103649446.0,107763998.0,12,50,4,2020,0
5348,Massachusetts,2020-12-20,107378984.0,105601030.0,101437846.0,115031093.0,12,51,4,2020,0
7197,Massachusetts,2020-12-27,107240560.0,107378984.0,106566022.0,114382692.0,12,52,4,2020,0
1220,Massachusetts,2021-01-03,100200812.0,107240560.0,105674941.0,117164234.0,1,53,1,2021,0
1736,Massachusetts,2021-01-10,101930997.0,100200812.0,106618339.0,117959015.0,1,1,1,2021,0
4273,Massachusetts,2021-01-17,105181890.0,101930997.0,105979943.0,117600667.0,1,2,1,2021,0
6122,Massachusetts,2021-01-24,101011304.0,105181890.0,100040170.0,120778035.0,1,3,1,2021,0
7928,Massachusetts,2021-01-31,101284680.0,101011304.0,105601030.0,126221632.0,1,4,1,2021,0
1521,Massachusetts,2021-02-07,105261774.0,101284680.0,107378984.0,120946165.0,2,5,1,2021,0
3542,Massachusetts,2021-02-14,101586370.0,105261774.0,107240560.0,121563171.0,2,6,1,2021,0
5391,Massachusetts,2021-02-21,101300592.0,101586370.0,100200812.0,121049651.0,2,7,1,2021,0
7240,Massachusetts,2021-02-28,104298975.0,101300592.0,101930997.0,126577658.0,2,8,1,2021,0
1564,Massachusetts,2021-03-07,112113204.0,104298975.0,105181890.0,124107249.0,3,9,1,2021,0
3585,Massachusetts,2021-03-14,129799071.0,112113204.0,101011304.0,121577326.0,3,10,1,2021,0
5434,Massachusetts,2021-03-21,125122200.0,129799071.0,101284680.0,116069140.0,3,11,1,2021,0
7283,Massachusetts,2021-03-28,108325976.0,125122200.0,105261774.0,114640152.0,3,12,1,2021,0
1306,Massachusetts,2021-04-04,111306106.0,108325976.0,101586370.0,115596196.0,4,13,2,2021,0
1822,Massachusetts,2021-04-11,110485619.0,111306106.0,101300592.0,111668740.0,4,14,2,2021,0
4531,Massachusetts,2021-04-18,107478311.0,110485619.0,104298975.0,109099053.0,4,15,2,2021,0
6380,Massachusetts,2021-04-25,107558960.0,107478311.0,112113204.0,109181659.0,4,16,2,2021,0
1177,Massachusetts,2021-05-02,111117669.0,107558960.0,129799071.0,108992157.0,5,17,2,2021,0
1693,Massachusetts,2021-05-09,115952141.0,111117669.0,125122200.0,106668504.0,5,18,2,2021,0
4144,Massachusetts,2021-05-16,115585390.0,115952141.0,108325976.0,104434742.0,5,19,2,2021,0
5993,Massachusetts,2021-05-23,124162314.0,115585390.0,111306106.0,103649446.0,5,20,2,2021,0
7799,Massachusetts,2021-05-30,123610501.0,124162314.0,110485619.0,101437846.0,5,21,2,2021,0
1478,Massachusetts,2021-06-06,122917889.0,123610501.0,107478311.0,106566022.0,6,22,2,2021,0
3327,Massachusetts,2021-06-13,129161970.0,122917889.0,107558960.0,105674941.0,6,23,2,2021,0
5176,Massachusetts,2021-06-20,127096548.0,129161970.0,111117669.0,106618339.0,6,24,2,2021,0
7025,Massachusetts,2021-06-27,126489173.0,127096548.0,115952141.0,105979943.0,6,25,2,2021,0
1349,Massachusetts,2021-07-04,130187266.0,126489173.0,115585390.0,100040170.0,7,26,3,2021,0
1865,Massachusetts,2021-07-11,123103940.0,130187266.0,124162314.0,105601030.0,7,27,3,2021,0
4574,Massachusetts,2021-07-18,122629909.0,123103940.0,123610501.0,107378984.0,7,28,3,2021,0
6423,Massachusetts,2021-07-25,126815289.0,122629909.0,122917889.0,107240560.0,7,29,3,2021,0
1134,Massachusetts,2021-08-01,129061308.0,126815289.0,129161970.0,100200812.0,8,30,3,2021,0
1650,Massachusetts,2021-08-08,131700960.0,129061308.0,127096548.0,101930997.0,8,31,3,2021,0
3886,Massachusetts,2021-08-15,132546156.0,131700960.0,126489173.0,105181890.0,8,32,3,2021,0
5735,Massachusetts,2021-08-22,127194933.0,132546156.0,130187266.0,101011304.0,8,33,3,2021,0
7584,Massachusetts,2021-08-29,123227747.0,127194933.0,123103940.0,101284680.0,8,34,3,2021,0
1392,Massachusetts,2021-09-05,123991822.0,123227747.0,122629909.0,105261774.0,9,35,3,2021,0
1908,Massachusetts,2021-09-12,122654220.0,123991822.0,126815289.0,101586370.0,9,36,3,2021,0
5004,Massachusetts,2021-09-19,118252910.0,122654220.0,129061308.0,101300592.0,9,37,3,2021,0
6853,Massachusetts,2021-09-26,116054678.0,118252910.0,131700960.0,104298975.0,9,38,3,2021,0
1263,Massachusetts,2021-10-03,165592566.0,116054678.0,132546156.0,112113204.0,10,39,4,2021,0
1779,Massachusetts,2021-10-10,168719601.0,165592566.0,127194933.0,129799071.0,10,40,4,2021,0
4445,Massachusetts,2021-10-17,163959288.0,168719601.0,123227747.0,125122200.0,10,41,4,2021,0
6294,Massachusetts,2021-10-24,159998296.0,163959288.0,123991822.0,108325976.0,10,42,4,2021,0
8057,Massachusetts,2021-10-31,156339095.0,159998296.0,122654220.0,111306106.0,10,43,4,2021,0
1607,Massachusetts,2021-11-07,164369047.0,156339095.0,118252910.0,110485619.0,11,44,4,2021,0
3714,Massachusetts,2021-11-14,166340125.0,164369047.0,116054678.0,107478311.0,11,45,4,2021,0
5563,Massachusetts,2021-11-21,166372087.0,166340125.0,165592566.0,107558960.0,11,46,4,2021,0
7412,Massachusetts,2021-11-28,156827506.0,166372087.0,168719601.0,111117669.0,11,47,4,2021,0
1435,Massachusetts,2021-12-05,158595895.0,156827506.0,163959288.0,115952141.0,12,48,4,2021,0
1951,Massachusetts,2021-12-12,164054126.0,158595895.0,159998296.0,115585390.0,12,49,4,2021,0
5047,Massachusetts,2021-12-19,170030427.0,164054126.0,156339095.0,124162314.0,12,50,4,2021,0
6896,Massachusetts,2021-12-26,166617351.0,170030427.0,164369047.0,123610501.0,12,51,4,2021,0
2037,Massachusetts,2022-01-02,153065563.0,166617351.0,166340125.0,122917889.0,1,52,1,2022,0
2553,Massachusetts,2022-01-09,158862331.0,153065563.0,166372087.0,129161970.0,1,1,1,2022,0
4015,Massachusetts,2022-01-16,164439406.0,158862331.0,156827506.0,127096548.0,1,2,1,2022,0
5864,Massachusetts,2022-01-23,153540342.0,164439406.0,158595895.0,126489173.0,1,3,1,2022,0
7713,Massachusetts,2022-01-30,161443006.0,153540342.0,164054126.0,130187266.0,1,4,1,2022,0
2338,Massachusetts,2022-02-06,158406497.0,161443006.0,170030427.0,123103940.0,2,5,1,2022,0
3241,Massachusetts,2022-02-13,159118510.0,158406497.0,166617351.0,122629909.0,2,6,1,2022,0
5090,Massachusetts,2022-02-20,154232600.0,159118510.0,153065563.0,126815289.0,2,7,1,2022,0
6939,Massachusetts,2022-02-27,157138186.0,154232600.0,158862331.0,129061308.0,2,8,1,2022,0
2381,Massachusetts,2022-03-06,163066212.0,157138186.0,164439406.0,131700960.0,3,9,1,2022,0
3284,Massachusetts,2022-03-13,163037760.0,163066212.0,153540342.0,132546156.0,3,10,1,2022,0
5133,Massachusetts,2022-03-20,163395006.0,163037760.0,161443006.0,127194933.0,3,11,1,2022,0
6982,Massachusetts,2022-03-27,162460276.0,163395006.0,158406497.0,123227747.0,3,12,1,2022,0
2123,Massachusetts,2022-04-03,167967264.0,162460276.0,159118510.0,123991822.0,4,13,2,2022,0
2639,Massachusetts,2022-04-10,170005396.0,167967264.0,154232600.0,122654220.0,4,14,2,2022,0
4316,Massachusetts,2022-04-17,172565019.0,170005396.0,157138186.0,118252910.0,4,15,2,2022,0
6165,Massachusetts,2022-04-24,158701796.0,172565019.0,163066212.0,116054678.0,4,16,2,2022,0
1994,Massachusetts,2022-05-01,167023123.0,158701796.0,163037760.0,165592566.0,5,17,2,2022,0
2510,Massachusetts,2022-05-08,176540605.0,167023123.0,163395006.0,168719601.0,5,18,2,2022,0
3843,Massachusetts,2022-05-15,177877294.0,176540605.0,162460276.0,163959288.0,5,19,2,2022,0
5692,Massachusetts,2022-05-22,189028816.0,177877294.0,167967264.0,159998296.0,5,20,2,2022,0
7541,Massachusetts,2022-05-29,185048236.0,189028816.0,170005396.0,156339095.0,5,21,2,2022,0
2295,Massachusetts,2022-06-05,186095043.0,185048236.0,172565019.0,164369047.0,6,22,2,2022,0
2811,Massachusetts,2022-06-12,193394268.0,186095043.0,158701796.0,166340125.0,6,23,2,2022,0
4918,Massachusetts,2022-06-19,188196405.0,193394268.0,167023123.0,166372087.0,6,24,2,2022,0
6767,Massachusetts,2022-06-26,187493717.0,188196405.0,176540605.0,156827506.0,6,25,2,2022,0
2166,Massachusetts,2022-07-03,204951138.0,187493717.0,177877294.0,158595895.0,7,26,3,2022,0
2682,Massachusetts,2022-07-10,193110485.0,204951138.0,189028816.0,164054126.0,7,27,3,2022,0
4402,Massachusetts,2022-07-17,193560295.0,193110485.0,185048236.0,170030427.0,7,28,3,2022,0
6251,Massachusetts,2022-07-24,195271675.0,193560295.0,186095043.0,166617351.0,7,29,3,2022,0
8014,Massachusetts,2022-07-31,196278490.0,195271675.0,193394268.0,153065563.0,7,30,3,2022,0
2467,Massachusetts,2022-08-07,202942318.0,196278490.0,188196405.0,158862331.0,8,31,3,2022,0
3671,Massachusetts,2022-08-14,196904701.0,202942318.0,187493717.0,164439406.0,8,32,3,2022,0
5520,Massachusetts,2022-08-21,193340173.0,196904701.0,204951138.0,153540342.0,8,33,3,2022,0
7369,Massachusetts,2022-08-28,188222737.0,193340173.0,193110485.0,161443006.0,8,34,3,2022,0
2209,Massachusetts,2022-09-04,191887582.0,188222737.0,193560295.0,158406497.0,9,35,3,2022,0
2725,Massachusetts,2022-09-11,184280870.0,191887582.0,195271675.0,159118510.0,9,36,3,2022,0
4617,Massachusetts,2022-09-18,181562852.0,184280870.0,196278490.0,154232600.0,9,37,3,2022,0
6466,Massachusetts,2022-09-25,175969773.0,181562852.0,202942318.0,157138186.0,9,38,3,2022,0
2080,Massachusetts,2022-10-02,173632118.0,175969773.0,196904701.0,163066212.0,10,39,4,2022,0
2596,Massachusetts,2022-10-09,178377597.0,173632118.0,193340173.0,163037760.0,10,40,4,2022,0
4230,Massachusetts,2022-10-16,176001420.0,178377597.0,188222737.0,163395006.0,10,41,4,2022,0
6079,Massachusetts,2022-10-23,171676982.0,176001420.0,191887582.0,162460276.0,10,42,4,2022,0
7885,Massachusetts,2022-10-30,167136325.0,171676982.0,184280870.0,167967264.0,10,43,4,2022,0
2424,Massachusetts,2022-11-06,176404236.0,167136325.0,181562852.0,170005396.0,11,44,4,2022,0
3456,Massachusetts,2022-11-13,176252526.0,176404236.0,175969773.0,172565019.0,11,45,4,2022,0
5305,Massachusetts,2022-11-20,176237995.0,176252526.0,173632118.0,158701796.0,11,46,4,2022,0
7154,Massachusetts,2022-11-27,174763674.0,176237995.0,178377597.0,167023123.0,11,47,4,2022,0
2252,Massachusetts,2022-12-04,166677968.0,174763674.0,176001420.0,176540605.0,12,48,4,2022,0
2768,Massachusetts,2022-12-11,177121214.0,166677968.0,171676982.0,177877294.0,12,49,4,2022,0
4703,Massachusetts,2022-12-18,178862351.0,177121214.0,167136325.0,189028816.0,12,50,4,2022,0
6552,Massachusetts,2022-12-25,186342066.0,178862351.0,176404236.0,185048236.0,12,51,4,2022,0
2854,Massachusetts,2023-01-01,160477106.0,186342066.0,176252526.0,186095043.0,1,52,1,2023,0
3069,Massachusetts,2023-01-08,171797787.0,160477106.0,176237995.0,193394268.0,1,1,1,2023,0
3757,Massachusetts,2023-01-15,171327113.0,171797787.0,174763674.0,188196405.0,1,2,1,2023,0
5606,Massachusetts,2023-01-22,165436773.0,171327113.0,166677968.0,187493717.0,1,3,1,2023,0
7455,Massachusetts,2023-01-29,168952907.0,165436773.0,177121214.0,204951138.0,1,4,1,2023,0
2940,Massachusetts,2023-02-05,166383018.0,168952907.0,178862351.0,193110485.0,2,5,1,2023,0
3155,Massachusetts,2023-02-12,172523686.0,166383018.0,186342066.0,193560295.0,2,6,1,2023,0
4789,Massachusetts,2023-02-19,168441552.0,172523686.0,160477106.0,195271675.0,2,7,1,2023,0
6638,Massachusetts,2023-02-26,167491556.0,168441552.0,171797787.0,196278490.0,2,8,1,2023,0
2983,Massachusetts,2023-03-05,178456878.0,167491556.0,171327113.0,202942318.0,3,9,1,2023,0
3198,Massachusetts,2023-03-12,198158712.0,178456878.0,165436773.0,196904701.0,3,10,1,2023,0
4832,Massachusetts,2023-03-19,193309289.0,198158712.0,168952907.0,193340173.0,3,11,1,2023,0
6681,Massachusetts,2023-03-26,171791059.0,193309289.0,166383018.0,188222737.0,3,12,1,2023,0
2897,Massachusetts,2023-04-02,173074201.0,171791059.0,172523686.0,191887582.0,4,13,2,2023,0
3112,Massachusetts,2023-04-09,186152613.0,173074201.0,168441552.0,184280870.0,4,14,2,2023,0
4101,Massachusetts,2023-04-16,186665075.0,186152613.0,167491556.0,181562852.0,4,15,2,2023,0
5950,Massachusetts,2023-04-23,175645878.0,186665075.0,178456878.0,175969773.0,4,16,2,2023,0
7756,Massachusetts,2023-04-30,178048134.0,175645878.0,198158712.0,173632118.0,4,17,2,2023,0
3026,Massachusetts,2023-05-07,189283132.0,178048134.0,193309289.0,178377597.0,5,18,2,2023,0
103,Michigan,2019-10-06,162440135.0,189283132.0,171791059.0,176001420.0,10,40,4,2019,0
3414,Michigan,2019-10-13,168139636.0,162440135.0,173074201.0,171676982.0,10,41,4,2019,0
5263,Michigan,2019-10-20,160589166.0,168139636.0,186152613.0,167136325.0,10,42,4,2019,0
7112,Michigan,2019-10-27,158253214.0,160589166.0,186665075.0,176404236.0,10,43,4,2019,0
60,Michigan,2019-11-03,160641810.0,158253214.0,175645878.0,176252526.0,11,44,4,2019,0
189,Michigan,2019-11-10,155458754.0,160641810.0,178048134.0,176237995.0,11,45,4,2019,0
4489,Michigan,2019-11-17,160513280.0,155458754.0,189283132.0,174763674.0,11,46,4,2019,0
6338,Michigan,2019-11-24,165476023.0,160513280.0,162440135.0,166677968.0,11,47,4,2019,0
17,Michigan,2019-12-01,161601849.0,165476023.0,168139636.0,177121214.0,12,48,4,2019,0
146,Michigan,2019-12-08,160909877.0,161601849.0,160589166.0,178862351.0,12,49,4,2019,0
3973,Michigan,2019-12-15,162990876.0,160909877.0,158253214.0,186342066.0,12,50,4,2019,0
5822,Michigan,2019-12-22,177117117.0,162990876.0,160641810.0,160477106.0,12,51,4,2019,0
7671,Michigan,2019-12-29,164138402.0,177117117.0,155458754.0,171797787.0,12,52,4,2019,0
490,Michigan,2020-01-05,160060281.0,164138402.0,160513280.0,171327113.0,1,1,1,2020,0
1006,Michigan,2020-01-12,159009553.0,160060281.0,165476023.0,165436773.0,1,2,1,2020,0
4747,Michigan,2020-01-19,163068417.0,159009553.0,161601849.0,168952907.0,1,3,1,2020,0
6596,Michigan,2020-01-26,155634421.0,163068417.0,160909877.0,166383018.0,1,4,1,2020,0
318,Michigan,2020-02-02,158579175.0,155634421.0,162990876.0,172523686.0,2,5,1,2020,0
834,Michigan,2020-02-09,156307498.0,158579175.0,177117117.0,168441552.0,2,6,1,2020,0
4059,Michigan,2020-02-16,159950056.0,156307498.0,164138402.0,167491556.0,2,7,1,2020,0
5908,Michigan,2020-02-23,160533882.0,159950056.0,160060281.0,178456878.0,2,8,1,2020,0
232,Michigan,2020-03-01,160937018.0,160533882.0,159009553.0,198158712.0,3,9,1,2020,0
748,Michigan,2020-03-08,169691117.0,160937018.0,163068417.0,193309289.0,3,10,1,2020,0
3801,Michigan,2020-03-15,193774523.0,169691117.0,155634421.0,171791059.0,3,11,1,2020,0
5650,Michigan,2020-03-22,183042984.0,193774523.0,158579175.0,173074201.0,3,12,1,2020,0
7499,Michigan,2020-03-29,159059104.0,183042984.0,156307498.0,186152613.0,3,13,1,2020,0
533,Michigan,2020-04-05,161383567.0,159059104.0,159950056.0,186665075.0,4,14,2,2020,0
1049,Michigan,2020-04-12,168931513.0,161383567.0,160533882.0,175645878.0,4,15,2,2020,0
4876,Michigan,2020-04-19,167545769.0,168931513.0,160937018.0,178048134.0,4,16,2,2020,0
6725,Michigan,2020-04-26,168937387.0,167545769.0,169691117.0,189283132.0,4,17,2,2020,0
404,Michigan,2020-05-03,173001965.0,168937387.0,193774523.0,162440135.0,5,18,2,2020,0
920,Michigan,2020-05-10,179161368.0,173001965.0,183042984.0,168139636.0,5,19,2,2020,0
4360,Michigan,2020-05-17,179738021.0,179161368.0,159059104.0,160589166.0,5,20,2,2020,0
6209,Michigan,2020-05-24,192231243.0,179738021.0,161383567.0,158253214.0,5,21,2,2020,0
7972,Michigan,2020-05-31,186690850.0,192231243.0,168931513.0,160641810.0,5,22,2,2020,0
705,Michigan,2020-06-07,195960018.0,186690850.0,167545769.0,155458754.0,6,23,2,2020,0
3629,Michigan,2020-06-14,193843110.0,195960018.0,168937387.0,160513280.0,6,24,2,2020,0
5478,Michigan,2020-06-21,199111018.0,193843110.0,173001965.0,165476023.0,6,25,2,2020,0
7327,Michigan,2020-06-28,203494179.0,199111018.0,179161368.0,161601849.0,6,26,2,2020,0
576,Michigan,2020-07-05,225361219.0,203494179.0,179738021.0,160909877.0,7,27,3,2020,0
1092,Michigan,2020-07-12,201011507.0,225361219.0,192231243.0,162990876.0,7,28,3,2020,0
4962,Michigan,2020-07-19,205059564.0,201011507.0,186690850.0,177117117.0,7,29,3,2020,0
6811,Michigan,2020-07-26,197142081.0,205059564.0,195960018.0,164138402.0,7,30,3,2020,0
361,Michigan,2020-08-02,195412528.0,197142081.0,193843110.0,160060281.0,8,31,3,2020,0
877,Michigan,2020-08-09,193099997.0,195412528.0,199111018.0,159009553.0,8,32,3,2020,0
4188,Michigan,2020-08-16,197251509.0,193099997.0,203494179.0,163068417.0,8,33,3,2020,0
6037,Michigan,2020-08-23,190621389.0,197251509.0,225361219.0,155634421.0,8,34,3,2020,0
7843,Michigan,2020-08-30,190178820.0,190621389.0,201011507.0,158579175.0,8,35,3,2020,0
619,Michigan,2020-09-06,182313622.0,190178820.0,205059564.0,156307498.0,9,36,3,2020,0
3371,Michigan,2020-09-13,175433575.0,182313622.0,197142081.0,159950056.0,9,37,3,2020,0
5220,Michigan,2020-09-20,177142088.0,175433575.0,195412528.0,160533882.0,9,38,3,2020,0
7069,Michigan,2020-09-27,178833440.0,177142088.0,193099997.0,160937018.0,9,39,3,2020,0
447,Michigan,2020-10-04,171357368.0,178833440.0,197251509.0,169691117.0,10,40,4,2020,0
963,Michigan,2020-10-11,174354212.0,171357368.0,190621389.0,193774523.0,10,41,4,2020,0
4661,Michigan,2020-10-18,169329452.0,174354212.0,190178820.0,183042984.0,10,42,4,2020,0
6510,Michigan,2020-10-25,169076115.0,169329452.0,182313622.0,159059104.0,10,43,4,2020,0
275,Michigan,2020-11-01,169836316.0,169076115.0,175433575.0,161383567.0,11,44,4,2020,0
791,Michigan,2020-11-08,170455154.0,169836316.0,177142088.0,168931513.0,11,45,4,2020,0
3930,Michigan,2020-11-15,175140544.0,170455154.0,178833440.0,167545769.0,11,46,4,2020,0
5779,Michigan,2020-11-22,175298866.0,175140544.0,171357368.0,168937387.0,11,47,4,2020,0
7628,Michigan,2020-11-29,171246211.0,175298866.0,174354212.0,173001965.0,11,48,4,2020,0
662,Michigan,2020-12-06,167074284.0,171246211.0,169329452.0,179161368.0,12,49,4,2020,0
3500,Michigan,2020-12-13,170268476.0,167074284.0,169076115.0,179738021.0,12,50,4,2020,0
5349,Michigan,2020-12-20,179747536.0,170268476.0,169836316.0,192231243.0,12,51,4,2020,0
7198,Michigan,2020-12-27,175213629.0,179747536.0,170455154.0,186690850.0,12,52,4,2020,0
1221,Michigan,2021-01-03,167656813.0,175213629.0,175140544.0,195960018.0,1,53,1,2021,0
1737,Michigan,2021-01-10,168509581.0,167656813.0,175298866.0,193843110.0,1,1,1,2021,0
4274,Michigan,2021-01-17,172757738.0,168509581.0,171246211.0,199111018.0,1,2,1,2021,0
6123,Michigan,2021-01-24,164797691.0,172757738.0,167074284.0,203494179.0,1,3,1,2021,0
7929,Michigan,2021-01-31,168703717.0,164797691.0,170268476.0,225361219.0,1,4,1,2021,0
1522,Michigan,2021-02-07,167159465.0,168703717.0,179747536.0,201011507.0,2,5,1,2021,0
3543,Michigan,2021-02-14,166337862.0,167159465.0,175213629.0,205059564.0,2,6,1,2021,0
5392,Michigan,2021-02-21,166888782.0,166337862.0,167656813.0,197142081.0,2,7,1,2021,0
7241,Michigan,2021-02-28,171250581.0,166888782.0,168509581.0,195412528.0,2,8,1,2021,0
1565,Michigan,2021-03-07,176250345.0,171250581.0,172757738.0,193099997.0,3,9,1,2021,0
3586,Michigan,2021-03-14,203367036.0,176250345.0,164797691.0,197251509.0,3,10,1,2021,0
5435,Michigan,2021-03-21,197126612.0,203367036.0,168703717.0,190621389.0,3,11,1,2021,0
7284,Michigan,2021-03-28,175334448.0,197126612.0,167159465.0,190178820.0,3,12,1,2021,0
1307,Michigan,2021-04-04,178056650.0,175334448.0,166337862.0,182313622.0,4,13,2,2021,0
1823,Michigan,2021-04-11,177152745.0,178056650.0,166888782.0,175433575.0,4,14,2,2021,0
4532,Michigan,2021-04-18,176226692.0,177152745.0,171250581.0,177142088.0,4,15,2,2021,0
6381,Michigan,2021-04-25,179434937.0,176226692.0,176250345.0,178833440.0,4,16,2,2021,0
1178,Michigan,2021-05-02,187527660.0,179434937.0,203367036.0,171357368.0,5,17,2,2021,0
1694,Michigan,2021-05-09,189621245.0,187527660.0,197126612.0,174354212.0,5,18,2,2021,0
4145,Michigan,2021-05-16,188840159.0,189621245.0,175334448.0,169329452.0,5,19,2,2021,0
5994,Michigan,2021-05-23,209732476.0,188840159.0,178056650.0,169076115.0,5,20,2,2021,0
7800,Michigan,2021-05-30,208722391.0,209732476.0,177152745.0,169836316.0,5,21,2,2021,0
1479,Michigan,2021-06-06,206905514.0,208722391.0,176226692.0,170455154.0,6,22,2,2021,0
3328,Michigan,2021-06-13,212793407.0,206905514.0,179434937.0,175140544.0,6,23,2,2021,0
5177,Michigan,2021-06-20,216301358.0,212793407.0,187527660.0,175298866.0,6,24,2,2021,0
7026,Michigan,2021-06-27,203598154.0,216301358.0,189621245.0,171246211.0,6,25,2,2021,0
1350,Michigan,2021-07-04,234922042.0,203598154.0,188840159.0,167074284.0,7,26,3,2021,0
1866,Michigan,2021-07-11,211704347.0,234922042.0,209732476.0,170268476.0,7,27,3,2021,0
4575,Michigan,2021-07-18,210437920.0,211704347.0,208722391.0,179747536.0,7,28,3,2021,0
6424,Michigan,2021-07-25,211852514.0,210437920.0,206905514.0,175213629.0,7,29,3,2021,0
1135,Michigan,2021-08-01,208089145.0,211852514.0,212793407.0,167656813.0,8,30,3,2021,0
1651,Michigan,2021-08-08,203345533.0,208089145.0,216301358.0,168509581.0,8,31,3,2021,0
3887,Michigan,2021-08-15,211394867.0,203345533.0,203598154.0,172757738.0,8,32,3,2021,0
5736,Michigan,2021-08-22,210581436.0,211394867.0,234922042.0,164797691.0,8,33,3,2021,0
7585,Michigan,2021-08-29,211585141.0,210581436.0,211704347.0,168703717.0,8,34,3,2021,0
1393,Michigan,2021-09-05,205489318.0,211585141.0,210437920.0,167159465.0,9,35,3,2021,0
1909,Michigan,2021-09-12,190209866.0,205489318.0,211852514.0,166337862.0,9,36,3,2021,0
5005,Michigan,2021-09-19,192769391.0,190209866.0,208089145.0,166888782.0,9,37,3,2021,0
6854,Michigan,2021-09-26,192597473.0,192769391.0,203345533.0,171250581.0,9,38,3,2021,0
1264,Michigan,2021-10-03,272388963.0,192597473.0,211394867.0,176250345.0,10,39,4,2021,0
1780,Michigan,2021-10-10,272107322.0,272388963.0,210581436.0,203367036.0,10,40,4,2021,0
4446,Michigan,2021-10-17,266644798.0,272107322.0,211585141.0,197126612.0,10,41,4,2021,0
6295,Michigan,2021-10-24,265041404.0,266644798.0,205489318.0,175334448.0,10,42,4,2021,0
8058,Michigan,2021-10-31,264137985.0,265041404.0,190209866.0,178056650.0,10,43,4,2021,0
1608,Michigan,2021-11-07,262312014.0,264137985.0,192769391.0,177152745.0,11,44,4,2021,0
3715,Michigan,2021-11-14,270617457.0,262312014.0,192597473.0,176226692.0,11,45,4,2021,0
5564,Michigan,2021-11-21,272869740.0,270617457.0,272388963.0,179434937.0,11,46,4,2021,0
7413,Michigan,2021-11-28,258449519.0,272869740.0,272107322.0,187527660.0,11,47,4,2021,0
1436,Michigan,2021-12-05,256907912.0,258449519.0,266644798.0,189621245.0,12,48,4,2021,0
1952,Michigan,2021-12-12,263995027.0,256907912.0,265041404.0,188840159.0,12,49,4,2021,0
5048,Michigan,2021-12-19,280540700.0,263995027.0,264137985.0,209732476.0,12,50,4,2021,0
6897,Michigan,2021-12-26,272997721.0,280540700.0,262312014.0,208722391.0,12,51,4,2021,0
2038,Michigan,2022-01-02,258795361.0,272997721.0,270617457.0,206905514.0,1,52,1,2022,0
2554,Michigan,2022-01-09,253295724.0,258795361.0,272869740.0,212793407.0,1,1,1,2022,0
4016,Michigan,2022-01-16,267939091.0,253295724.0,258449519.0,216301358.0,1,2,1,2022,0
5865,Michigan,2022-01-23,260937458.0,267939091.0,256907912.0,203598154.0,1,3,1,2022,0
7714,Michigan,2022-01-30,258918927.0,260937458.0,263995027.0,234922042.0,1,4,1,2022,0
2339,Michigan,2022-02-06,259324079.0,258918927.0,280540700.0,211704347.0,2,5,1,2022,0
3242,Michigan,2022-02-13,259641534.0,259324079.0,272997721.0,210437920.0,2,6,1,2022,0
5091,Michigan,2022-02-20,255986594.0,259641534.0,258795361.0,211852514.0,2,7,1,2022,0
6940,Michigan,2022-02-27,263844273.0,255986594.0,253295724.0,208089145.0,2,8,1,2022,0
2382,Michigan,2022-03-06,267495330.0,263844273.0,267939091.0,203345533.0,3,9,1,2022,0
3285,Michigan,2022-03-13,272357558.0,267495330.0,260937458.0,211394867.0,3,10,1,2022,0
5134,Michigan,2022-03-20,270874843.0,272357558.0,258918927.0,210581436.0,3,11,1,2022,0
6983,Michigan,2022-03-27,271333899.0,270874843.0,259324079.0,211585141.0,3,12,1,2022,0
2124,Michigan,2022-04-03,269775009.0,271333899.0,259641534.0,205489318.0,4,13,2,2022,0
2640,Michigan,2022-04-10,272790230.0,269775009.0,255986594.0,190209866.0,4,14,2,2022,0
4317,Michigan,2022-04-17,287040671.0,272790230.0,263844273.0,192769391.0,4,15,2,2022,0
6166,Michigan,2022-04-24,275580398.0,287040671.0,267495330.0,192597473.0,4,16,2,2022,0
1995,Michigan,2022-05-01,282586895.0,275580398.0,272357558.0,272388963.0,5,17,2,2022,0
2511,Michigan,2022-05-08,285495850.0,282586895.0,270874843.0,272107322.0,5,18,2,2022,0
3844,Michigan,2022-05-15,300641016.0,285495850.0,271333899.0,266644798.0,5,19,2,2022,0
5693,Michigan,2022-05-22,314840284.0,300641016.0,269775009.0,265041404.0,5,20,2,2022,0
7542,Michigan,2022-05-29,306388135.0,314840284.0,272790230.0,264137985.0,5,21,2,2022,0
2296,Michigan,2022-06-05,306853012.0,306388135.0,287040671.0,262312014.0,6,22,2,2022,0
2812,Michigan,2022-06-12,308788146.0,306853012.0,275580398.0,270617457.0,6,23,2,2022,0
4919,Michigan,2022-06-19,320570867.0,308788146.0,282586895.0,272869740.0,6,24,2,2022,0
6768,Michigan,2022-06-26,316322911.0,320570867.0,285495850.0,258449519.0,6,25,2,2022,0
2167,Michigan,2022-07-03,336691120.0,316322911.0,300641016.0,256907912.0,7,26,3,2022,0
2683,Michigan,2022-07-10,307970545.0,336691120.0,314840284.0,263995027.0,7,27,3,2022,0
4403,Michigan,2022-07-17,313980317.0,307970545.0,306388135.0,280540700.0,7,28,3,2022,0
6252,Michigan,2022-07-24,317499495.0,313980317.0,306853012.0,272997721.0,7,29,3,2022,0
8015,Michigan,2022-07-31,310660975.0,317499495.0,308788146.0,258795361.0,7,30,3,2022,0
2468,Michigan,2022-08-07,311504645.0,310660975.0,320570867.0,253295724.0,8,31,3,2022,0
3672,Michigan,2022-08-14,312440272.0,311504645.0,316322911.0,267939091.0,8,32,3,2022,0
5521,Michigan,2022-08-21,314265560.0,312440272.0,336691120.0,260937458.0,8,33,3,2022,0
7370,Michigan,2022-08-28,315632708.0,314265560.0,307970545.0,258918927.0,8,34,3,2022,0
2210,Michigan,2022-09-04,304680805.0,315632708.0,313980317.0,259324079.0,9,35,3,2022,0
2726,Michigan,2022-09-11,294312537.0,304680805.0,317499495.0,259641534.0,9,36,3,2022,0
4618,Michigan,2022-09-18,294166542.0,294312537.0,310660975.0,255986594.0,9,37,3,2022,0
6467,Michigan,2022-09-25,288160495.0,294166542.0,311504645.0,263844273.0,9,38,3,2022,0
2081,Michigan,2022-10-02,282399899.0,288160495.0,312440272.0,267495330.0,10,39,4,2022,0
2597,Michigan,2022-10-09,286499168.0,282399899.0,314265560.0,272357558.0,10,40,4,2022,0
4231,Michigan,2022-10-16,279710141.0,286499168.0,315632708.0,270874843.0,10,41,4,2022,0
6080,Michigan,2022-10-23,278567340.0,279710141.0,304680805.0,271333899.0,10,42,4,2022,0
7886,Michigan,2022-10-30,278843205.0,278567340.0,294312537.0,269775009.0,10,43,4,2022,0
2425,Michigan,2022-11-06,271352831.0,278843205.0,294166542.0,272790230.0,11,44,4,2022,0
3457,Michigan,2022-11-13,278438333.0,271352831.0,288160495.0,287040671.0,11,45,4,2022,0
5306,Michigan,2022-11-20,281746513.0,278438333.0,282399899.0,275580398.0,11,46,4,2022,0
7155,Michigan,2022-11-27,283287869.0,281746513.0,286499168.0,282586895.0,11,47,4,2022,0
2253,Michigan,2022-12-04,267733289.0,283287869.0,279710141.0,285495850.0,12,48,4,2022,0
2769,Michigan,2022-12-11,274538192.0,267733289.0,278567340.0,300641016.0,12,49,4,2022,0
4704,Michigan,2022-12-18,289247309.0,274538192.0,278843205.0,314840284.0,12,50,4,2022,0
6553,Michigan,2022-12-25,306638295.0,289247309.0,271352831.0,306388135.0,12,51,4,2022,0
2855,Michigan,2023-01-01,265936218.0,306638295.0,278438333.0,306853012.0,1,52,1,2023,0
3070,Michigan,2023-01-08,260463422.0,265936218.0,281746513.0,308788146.0,1,1,1,2023,0
3758,Michigan,2023-01-15,271479464.0,260463422.0,283287869.0,320570867.0,1,2,1,2023,0
5607,Michigan,2023-01-22,267805472.0,271479464.0,267733289.0,316322911.0,1,3,1,2023,0
7456,Michigan,2023-01-29,268217254.0,267805472.0,274538192.0,336691120.0,1,4,1,2023,0
2941,Michigan,2023-02-05,269131633.0,268217254.0,289247309.0,307970545.0,2,5,1,2023,0
3156,Michigan,2023-02-12,277413870.0,269131633.0,306638295.0,313980317.0,2,6,1,2023,0
4790,Michigan,2023-02-19,271158933.0,277413870.0,265936218.0,317499495.0,2,7,1,2023,0
6639,Michigan,2023-02-26,278286361.0,271158933.0,260463422.0,310660975.0,2,8,1,2023,0
2984,Michigan,2023-03-05,285143962.0,278286361.0,271479464.0,311504645.0,3,9,1,2023,0
3199,Michigan,2023-03-12,307906237.0,285143962.0,267805472.0,312440272.0,3,10,1,2023,0
4833,Michigan,2023-03-19,298998448.0,307906237.0,268217254.0,314265560.0,3,11,1,2023,0
6682,Michigan,2023-03-26,274857748.0,298998448.0,269131633.0,315632708.0,3,12,1,2023,0
2898,Michigan,2023-04-02,270892077.0,274857748.0,277413870.0,304680805.0,4,13,2,2023,0
3113,Michigan,2023-04-09,289077747.0,270892077.0,271158933.0,294312537.0,4,14,2,2023,0
4102,Michigan,2023-04-16,294447762.0,289077747.0,278286361.0,294166542.0,4,15,2,2023,0
5951,Michigan,2023-04-23,290478740.0,294447762.0,285143962.0,288160495.0,4,16,2,2023,0
7757,Michigan,2023-04-30,293332903.0,290478740.0,307906237.0,282399899.0,4,17,2,2023,0
3027,Michigan,2023-05-07,302279586.0,293332903.0,298998448.0,286499168.0,5,18,2,2023,0
104,Minnesota,2019-10-06,86019275.0,302279586.0,274857748.0,279710141.0,10,40,4,2019,0
3415,Minnesota,2019-10-13,85073032.0,86019275.0,270892077.0,278567340.0,10,41,4,2019,0
5264,Minnesota,2019-10-20,86824087.0,85073032.0,289077747.0,278843205.0,10,42,4,2019,0
7113,Minnesota,2019-10-27,85277458.0,86824087.0,294447762.0,271352831.0,10,43,4,2019,0
61,Minnesota,2019-11-03,86713264.0,85277458.0,290478740.0,278438333.0,11,44,4,2019,0
190,Minnesota,2019-11-10,84792562.0,86713264.0,293332903.0,281746513.0,11,45,4,2019,0
4490,Minnesota,2019-11-17,88150642.0,84792562.0,302279586.0,283287869.0,11,46,4,2019,0
6339,Minnesota,2019-11-24,88882997.0,88150642.0,86019275.0,267733289.0,11,47,4,2019,0
18,Minnesota,2019-12-01,85728575.0,88882997.0,85073032.0,274538192.0,12,48,4,2019,0
147,Minnesota,2019-12-08,84846098.0,85728575.0,86824087.0,289247309.0,12,49,4,2019,0
3974,Minnesota,2019-12-15,89138966.0,84846098.0,85277458.0,306638295.0,12,50,4,2019,0
5823,Minnesota,2019-12-22,97405942.0,89138966.0,86713264.0,265936218.0,12,51,4,2019,0
7672,Minnesota,2019-12-29,85599586.0,97405942.0,84792562.0,260463422.0,12,52,4,2019,0
491,Minnesota,2020-01-05,84911772.0,85599586.0,88150642.0,271479464.0,1,1,1,2020,0
1007,Minnesota,2020-01-12,84123001.0,84911772.0,88882997.0,267805472.0,1,2,1,2020,0
4748,Minnesota,2020-01-19,83780774.0,84123001.0,85728575.0,268217254.0,1,3,1,2020,0
6597,Minnesota,2020-01-26,83457389.0,83780774.0,84846098.0,269131633.0,1,4,1,2020,0
319,Minnesota,2020-02-02,86519041.0,83457389.0,89138966.0,277413870.0,2,5,1,2020,0
835,Minnesota,2020-02-09,83420524.0,86519041.0,97405942.0,271158933.0,2,6,1,2020,0
4060,Minnesota,2020-02-16,84249164.0,83420524.0,85599586.0,278286361.0,2,7,1,2020,0
5909,Minnesota,2020-02-23,85538889.0,84249164.0,84911772.0,285143962.0,2,8,1,2020,0
233,Minnesota,2020-03-01,87428014.0,85538889.0,84123001.0,307906237.0,3,9,1,2020,0
749,Minnesota,2020-03-08,93072470.0,87428014.0,83780774.0,298998448.0,3,10,1,2020,0
3802,Minnesota,2020-03-15,98503916.0,93072470.0,83457389.0,274857748.0,3,11,1,2020,0
5651,Minnesota,2020-03-22,100365404.0,98503916.0,86519041.0,270892077.0,3,12,1,2020,0
7500,Minnesota,2020-03-29,89170025.0,100365404.0,83420524.0,289077747.0,3,13,1,2020,0
534,Minnesota,2020-04-05,86761913.0,89170025.0,84249164.0,294447762.0,4,14,2,2020,0
1050,Minnesota,2020-04-12,91817825.0,86761913.0,85538889.0,290478740.0,4,15,2,2020,0
4877,Minnesota,2020-04-19,95089557.0,91817825.0,87428014.0,293332903.0,4,16,2,2020,0
6726,Minnesota,2020-04-26,93791800.0,95089557.0,93072470.0,302279586.0,4,17,2,2020,0
405,Minnesota,2020-05-03,98819370.0,93791800.0,98503916.0,86019275.0,5,18,2,2020,0
921,Minnesota,2020-05-10,100800109.0,98819370.0,100365404.0,85073032.0,5,19,2,2020,0
4361,Minnesota,2020-05-17,99939397.0,100800109.0,89170025.0,86824087.0,5,20,2,2020,0
6210,Minnesota,2020-05-24,105025249.0,99939397.0,86761913.0,85277458.0,5,21,2,2020,0
7973,Minnesota,2020-05-31,100116563.0,105025249.0,91817825.0,86713264.0,5,22,2,2020,0
706,Minnesota,2020-06-07,110837793.0,100116563.0,95089557.0,84792562.0,6,23,2,2020,0
3630,Minnesota,2020-06-14,106339901.0,110837793.0,93791800.0,88150642.0,6,24,2,2020,0
5479,Minnesota,2020-06-21,104235251.0,106339901.0,98819370.0,88882997.0,6,25,2,2020,0
7328,Minnesota,2020-06-28,108051411.0,104235251.0,100800109.0,85728575.0,6,26,2,2020,0
577,Minnesota,2020-07-05,113631395.0,108051411.0,99939397.0,84846098.0,7,27,3,2020,0
1093,Minnesota,2020-07-12,102530353.0,113631395.0,105025249.0,89138966.0,7,28,3,2020,0
4963,Minnesota,2020-07-19,106131721.0,102530353.0,100116563.0,97405942.0,7,29,3,2020,0
6812,Minnesota,2020-07-26,102315871.0,106131721.0,110837793.0,85599586.0,7,30,3,2020,0
362,Minnesota,2020-08-02,103683539.0,102315871.0,106339901.0,84911772.0,8,31,3,2020,0
878,Minnesota,2020-08-09,102633994.0,103683539.0,104235251.0,84123001.0,8,32,3,2020,0
4189,Minnesota,2020-08-16,100593499.0,102633994.0,108051411.0,83780774.0,8,33,3,2020,0
6038,Minnesota,2020-08-23,100912474.0,100593499.0,113631395.0,83457389.0,8,34,3,2020,0
7844,Minnesota,2020-08-30,101213004.0,100912474.0,102530353.0,86519041.0,8,35,3,2020,0
620,Minnesota,2020-09-06,97276162.0,101213004.0,106131721.0,83420524.0,9,36,3,2020,0
3372,Minnesota,2020-09-13,90902813.0,97276162.0,102315871.0,84249164.0,9,37,3,2020,0
5221,Minnesota,2020-09-20,94896310.0,90902813.0,103683539.0,85538889.0,9,38,3,2020,0
7070,Minnesota,2020-09-27,93622893.0,94896310.0,102633994.0,87428014.0,9,39,3,2020,0
448,Minnesota,2020-10-04,90137231.0,93622893.0,100593499.0,93072470.0,10,40,4,2020,0
964,Minnesota,2020-10-11,92733966.0,90137231.0,100912474.0,98503916.0,10,41,4,2020,0
4662,Minnesota,2020-10-18,91361911.0,92733966.0,101213004.0,100365404.0,10,42,4,2020,0
6511,Minnesota,2020-10-25,88195717.0,91361911.0,97276162.0,89170025.0,10,43,4,2020,0
276,Minnesota,2020-11-01,90227674.0,88195717.0,90902813.0,86761913.0,11,44,4,2020,0
792,Minnesota,2020-11-08,92381903.0,90227674.0,94896310.0,91817825.0,11,45,4,2020,0
3931,Minnesota,2020-11-15,90527955.0,92381903.0,93622893.0,95089557.0,11,46,4,2020,0
5780,Minnesota,2020-11-22,94588919.0,90527955.0,90137231.0,93791800.0,11,47,4,2020,0
7629,Minnesota,2020-11-29,90436876.0,94588919.0,92733966.0,98819370.0,11,48,4,2020,0
663,Minnesota,2020-12-06,88823001.0,90436876.0,91361911.0,100800109.0,12,49,4,2020,0
3501,Minnesota,2020-12-13,91835639.0,88823001.0,88195717.0,99939397.0,12,50,4,2020,0
5350,Minnesota,2020-12-20,97675929.0,91835639.0,90227674.0,105025249.0,12,51,4,2020,0
7199,Minnesota,2020-12-27,91777387.0,97675929.0,92381903.0,100116563.0,12,52,4,2020,0
1222,Minnesota,2021-01-03,90331996.0,91777387.0,90527955.0,110837793.0,1,53,1,2021,0
1738,Minnesota,2021-01-10,89294777.0,90331996.0,94588919.0,106339901.0,1,1,1,2021,0
4275,Minnesota,2021-01-17,89602683.0,89294777.0,90436876.0,104235251.0,1,2,1,2021,0
6124,Minnesota,2021-01-24,88667427.0,89602683.0,88823001.0,108051411.0,1,3,1,2021,0
7930,Minnesota,2021-01-31,90183510.0,88667427.0,91835639.0,113631395.0,1,4,1,2021,0
1523,Minnesota,2021-02-07,90126133.0,90183510.0,97675929.0,102530353.0,2,5,1,2021,0
3544,Minnesota,2021-02-14,86753736.0,90126133.0,91777387.0,106131721.0,2,6,1,2021,0
5393,Minnesota,2021-02-21,88350366.0,86753736.0,90331996.0,102315871.0,2,7,1,2021,0
7242,Minnesota,2021-02-28,92126306.0,88350366.0,89294777.0,103683539.0,2,8,1,2021,0
1566,Minnesota,2021-03-07,93828613.0,92126306.0,89602683.0,102633994.0,3,9,1,2021,0
3587,Minnesota,2021-03-14,104257441.0,93828613.0,88667427.0,100593499.0,3,10,1,2021,0
5436,Minnesota,2021-03-21,104974234.0,104257441.0,90183510.0,100912474.0,3,11,1,2021,0
7285,Minnesota,2021-03-28,92657850.0,104974234.0,90126133.0,101213004.0,3,12,1,2021,0
1308,Minnesota,2021-04-04,94421283.0,92657850.0,86753736.0,97276162.0,4,13,2,2021,0
1824,Minnesota,2021-04-11,95832544.0,94421283.0,88350366.0,90902813.0,4,14,2,2021,0
4533,Minnesota,2021-04-18,93521570.0,95832544.0,92126306.0,94896310.0,4,15,2,2021,0
6382,Minnesota,2021-04-25,100056679.0,93521570.0,93828613.0,93622893.0,4,16,2,2021,0
1179,Minnesota,2021-05-02,103977711.0,100056679.0,104257441.0,90137231.0,5,17,2,2021,0
1695,Minnesota,2021-05-09,105321958.0,103977711.0,104974234.0,92733966.0,5,18,2,2021,0
4146,Minnesota,2021-05-16,104100075.0,105321958.0,92657850.0,91361911.0,5,19,2,2021,0
5995,Minnesota,2021-05-23,110002060.0,104100075.0,94421283.0,88195717.0,5,20,2,2021,0
7801,Minnesota,2021-05-30,109039999.0,110002060.0,95832544.0,90227674.0,5,21,2,2021,0
1480,Minnesota,2021-06-06,115436091.0,109039999.0,93521570.0,92381903.0,6,22,2,2021,0
3329,Minnesota,2021-06-13,117915848.0,115436091.0,100056679.0,90527955.0,6,23,2,2021,0
5178,Minnesota,2021-06-20,114274509.0,117915848.0,103977711.0,94588919.0,6,24,2,2021,0
7027,Minnesota,2021-06-27,111124011.0,114274509.0,105321958.0,90436876.0,6,25,2,2021,0
1351,Minnesota,2021-07-04,122951160.0,111124011.0,104100075.0,88823001.0,7,26,3,2021,0
1867,Minnesota,2021-07-11,106159315.0,122951160.0,110002060.0,91835639.0,7,27,3,2021,0
4576,Minnesota,2021-07-18,111405611.0,106159315.0,109039999.0,97675929.0,7,28,3,2021,0
6425,Minnesota,2021-07-25,111300951.0,111405611.0,115436091.0,91777387.0,7,29,3,2021,0
1136,Minnesota,2021-08-01,110440238.0,111300951.0,117915848.0,90331996.0,8,30,3,2021,0
1652,Minnesota,2021-08-08,107412088.0,110440238.0,114274509.0,89294777.0,8,31,3,2021,0
3888,Minnesota,2021-08-15,108478416.0,107412088.0,111124011.0,89602683.0,8,32,3,2021,0
5737,Minnesota,2021-08-22,109695212.0,108478416.0,122951160.0,88667427.0,8,33,3,2021,0
7586,Minnesota,2021-08-29,106212318.0,109695212.0,106159315.0,90183510.0,8,34,3,2021,0
1394,Minnesota,2021-09-05,106419904.0,106212318.0,111405611.0,90126133.0,9,35,3,2021,0
1910,Minnesota,2021-09-12,98946363.0,106419904.0,111300951.0,86753736.0,9,36,3,2021,0
5006,Minnesota,2021-09-19,101096975.0,98946363.0,110440238.0,88350366.0,9,37,3,2021,0
6855,Minnesota,2021-09-26,101130925.0,101096975.0,107412088.0,92126306.0,9,38,3,2021,0
1265,Minnesota,2021-10-03,142310494.0,101130925.0,108478416.0,93828613.0,10,39,4,2021,0
1781,Minnesota,2021-10-10,142365708.0,142310494.0,109695212.0,104257441.0,10,40,4,2021,0
4447,Minnesota,2021-10-17,141654269.0,142365708.0,106212318.0,104974234.0,10,41,4,2021,0
6296,Minnesota,2021-10-24,138827291.0,141654269.0,106419904.0,92657850.0,10,42,4,2021,0
8059,Minnesota,2021-10-31,139945356.0,138827291.0,98946363.0,94421283.0,10,43,4,2021,0
1609,Minnesota,2021-11-07,139426569.0,139945356.0,101096975.0,95832544.0,11,44,4,2021,0
3716,Minnesota,2021-11-14,142219907.0,139426569.0,101130925.0,93521570.0,11,45,4,2021,0
5565,Minnesota,2021-11-21,144134749.0,142219907.0,142310494.0,100056679.0,11,46,4,2021,0
7414,Minnesota,2021-11-28,135947926.0,144134749.0,142365708.0,103977711.0,11,47,4,2021,0
1437,Minnesota,2021-12-05,136907438.0,135947926.0,141654269.0,105321958.0,12,48,4,2021,0
1953,Minnesota,2021-12-12,143149995.0,136907438.0,138827291.0,104100075.0,12,49,4,2021,0
5049,Minnesota,2021-12-19,150556757.0,143149995.0,139945356.0,110002060.0,12,50,4,2021,0
6898,Minnesota,2021-12-26,143077721.0,150556757.0,139426569.0,109039999.0,12,51,4,2021,0
2039,Minnesota,2022-01-02,136647628.0,143077721.0,142219907.0,115436091.0,1,52,1,2022,0
2555,Minnesota,2022-01-09,136449092.0,136647628.0,144134749.0,117915848.0,1,1,1,2022,0
4017,Minnesota,2022-01-16,138917297.0,136449092.0,135947926.0,114274509.0,1,2,1,2022,0
5866,Minnesota,2022-01-23,137356428.0,138917297.0,136907438.0,111124011.0,1,3,1,2022,0
7715,Minnesota,2022-01-30,137044187.0,137356428.0,143149995.0,122951160.0,1,4,1,2022,0
2340,Minnesota,2022-02-06,136857025.0,137044187.0,150556757.0,106159315.0,2,5,1,2022,0
3243,Minnesota,2022-02-13,137682763.0,136857025.0,143077721.0,111405611.0,2,6,1,2022,0
5092,Minnesota,2022-02-20,137238387.0,137682763.0,136647628.0,111300951.0,2,7,1,2022,0
6941,Minnesota,2022-02-27,137778767.0,137238387.0,136449092.0,110440238.0,2,8,1,2022,0
2383,Minnesota,2022-03-06,143332612.0,137778767.0,138917297.0,107412088.0,3,9,1,2022,0
3286,Minnesota,2022-03-13,139805622.0,143332612.0,137356428.0,108478416.0,3,10,1,2022,0
5135,Minnesota,2022-03-20,143171252.0,139805622.0,137044187.0,109695212.0,3,11,1,2022,0
6984,Minnesota,2022-03-27,140142116.0,143171252.0,136857025.0,106212318.0,3,12,1,2022,0
2125,Minnesota,2022-04-03,146116218.0,140142116.0,137682763.0,106419904.0,4,13,2,2022,0
2641,Minnesota,2022-04-10,143712011.0,146116218.0,137238387.0,98946363.0,4,14,2,2022,0
4318,Minnesota,2022-04-17,154502102.0,143712011.0,137778767.0,101096975.0,4,15,2,2022,0
6167,Minnesota,2022-04-24,143095708.0,154502102.0,143332612.0,101130925.0,4,16,2,2022,0
1996,Minnesota,2022-05-01,149729277.0,143095708.0,139805622.0,142310494.0,5,17,2,2022,0
2512,Minnesota,2022-05-08,156582183.0,149729277.0,143171252.0,142365708.0,5,18,2,2022,0
3845,Minnesota,2022-05-15,161717721.0,156582183.0,140142116.0,141654269.0,5,19,2,2022,0
5694,Minnesota,2022-05-22,163927826.0,161717721.0,146116218.0,138827291.0,5,20,2,2022,0
7543,Minnesota,2022-05-29,164135791.0,163927826.0,143712011.0,139945356.0,5,21,2,2022,0
2297,Minnesota,2022-06-05,168279111.0,164135791.0,154502102.0,139426569.0,6,22,2,2022,0
2813,Minnesota,2022-06-12,173059131.0,168279111.0,143095708.0,142219907.0,6,23,2,2022,0
4920,Minnesota,2022-06-19,169844069.0,173059131.0,149729277.0,144134749.0,6,24,2,2022,0
6769,Minnesota,2022-06-26,170761157.0,169844069.0,156582183.0,135947926.0,6,25,2,2022,0
2168,Minnesota,2022-07-03,177884742.0,170761157.0,161717721.0,136907438.0,7,26,3,2022,0
2684,Minnesota,2022-07-10,160262968.0,177884742.0,163927826.0,143149995.0,7,27,3,2022,0
4404,Minnesota,2022-07-17,168999832.0,160262968.0,164135791.0,150556757.0,7,28,3,2022,0
6253,Minnesota,2022-07-24,167503484.0,168999832.0,168279111.0,143077721.0,7,29,3,2022,0
8016,Minnesota,2022-07-31,165469005.0,167503484.0,173059131.0,136647628.0,7,30,3,2022,0
2469,Minnesota,2022-08-07,164476856.0,165469005.0,169844069.0,136449092.0,8,31,3,2022,0
3673,Minnesota,2022-08-14,162917111.0,164476856.0,170761157.0,138917297.0,8,32,3,2022,0
5522,Minnesota,2022-08-21,161040274.0,162917111.0,177884742.0,137356428.0,8,33,3,2022,0
7371,Minnesota,2022-08-28,157247429.0,161040274.0,160262968.0,137044187.0,8,34,3,2022,0
2211,Minnesota,2022-09-04,158827611.0,157247429.0,168999832.0,136857025.0,9,35,3,2022,0
2727,Minnesota,2022-09-11,152012109.0,158827611.0,167503484.0,137682763.0,9,36,3,2022,0
4619,Minnesota,2022-09-18,155422657.0,152012109.0,165469005.0,137238387.0,9,37,3,2022,0
6468,Minnesota,2022-09-25,150349561.0,155422657.0,164476856.0,137778767.0,9,38,3,2022,0
2082,Minnesota,2022-10-02,147925689.0,150349561.0,162917111.0,143332612.0,10,39,4,2022,0
2598,Minnesota,2022-10-09,149476006.0,147925689.0,161040274.0,139805622.0,10,40,4,2022,0
4232,Minnesota,2022-10-16,148281618.0,149476006.0,157247429.0,143171252.0,10,41,4,2022,0
6081,Minnesota,2022-10-23,146004889.0,148281618.0,158827611.0,140142116.0,10,42,4,2022,0
7887,Minnesota,2022-10-30,145187253.0,146004889.0,152012109.0,146116218.0,10,43,4,2022,0
2426,Minnesota,2022-11-06,147112423.0,145187253.0,155422657.0,143712011.0,11,44,4,2022,0
3458,Minnesota,2022-11-13,145251407.0,147112423.0,150349561.0,154502102.0,11,45,4,2022,0
5307,Minnesota,2022-11-20,148888193.0,145251407.0,147925689.0,143095708.0,11,46,4,2022,0
7156,Minnesota,2022-11-27,149075120.0,148888193.0,149476006.0,149729277.0,11,47,4,2022,0
2254,Minnesota,2022-12-04,141815147.0,149075120.0,148281618.0,156582183.0,12,48,4,2022,0
2770,Minnesota,2022-12-11,147925775.0,141815147.0,146004889.0,161717721.0,12,49,4,2022,0
4705,Minnesota,2022-12-18,155565500.0,147925775.0,145187253.0,163927826.0,12,50,4,2022,0
6554,Minnesota,2022-12-25,158967123.0,155565500.0,147112423.0,164135791.0,12,51,4,2022,0
2856,Minnesota,2023-01-01,142235161.0,158967123.0,145251407.0,168279111.0,1,52,1,2023,0
3071,Minnesota,2023-01-08,139611641.0,142235161.0,148888193.0,173059131.0,1,1,1,2023,0
3759,Minnesota,2023-01-15,146028384.0,139611641.0,149075120.0,169844069.0,1,2,1,2023,0
5608,Minnesota,2023-01-22,142633406.0,146028384.0,141815147.0,170761157.0,1,3,1,2023,0
7457,Minnesota,2023-01-29,143647987.0,142633406.0,147925775.0,177884742.0,1,4,1,2023,0
2942,Minnesota,2023-02-05,142903528.0,143647987.0,155565500.0,160262968.0,2,5,1,2023,0
3157,Minnesota,2023-02-12,149857578.0,142903528.0,158967123.0,168999832.0,2,6,1,2023,0
4791,Minnesota,2023-02-19,144808511.0,149857578.0,142235161.0,167503484.0,2,7,1,2023,0
6640,Minnesota,2023-02-26,145381583.0,144808511.0,139611641.0,165469005.0,2,8,1,2023,0
2985,Minnesota,2023-03-05,150408045.0,145381583.0,146028384.0,164476856.0,3,9,1,2023,0
3200,Minnesota,2023-03-12,159753821.0,150408045.0,142633406.0,162917111.0,3,10,1,2023,0
4834,Minnesota,2023-03-19,160661473.0,159753821.0,143647987.0,161040274.0,3,11,1,2023,0
6683,Minnesota,2023-03-26,148335593.0,160661473.0,142903528.0,157247429.0,3,12,1,2023,0
2899,Minnesota,2023-04-02,145671349.0,148335593.0,149857578.0,158827611.0,4,13,2,2023,0
3114,Minnesota,2023-04-09,158004187.0,145671349.0,144808511.0,152012109.0,4,14,2,2023,0
4103,Minnesota,2023-04-16,156591378.0,158004187.0,145381583.0,155422657.0,4,15,2,2023,0
5952,Minnesota,2023-04-23,153923321.0,156591378.0,150408045.0,150349561.0,4,16,2,2023,0
7758,Minnesota,2023-04-30,160640376.0,153923321.0,159753821.0,147925689.0,4,17,2,2023,0
3028,Minnesota,2023-05-07,168499755.0,160640376.0,160661473.0,149476006.0,5,18,2,2023,0
105,Mississippi,2019-10-06,44056171.0,168499755.0,148335593.0,148281618.0,10,40,4,2019,0
3416,Mississippi,2019-10-13,41552217.0,44056171.0,145671349.0,146004889.0,10,41,4,2019,0
5265,Mississippi,2019-10-20,38851699.0,41552217.0,158004187.0,145187253.0,10,42,4,2019,0
7114,Mississippi,2019-10-27,36538417.0,38851699.0,156591378.0,147112423.0,10,43,4,2019,0
62,Mississippi,2019-11-03,36599073.0,36538417.0,153923321.0,145251407.0,11,44,4,2019,0
191,Mississippi,2019-11-10,38349706.0,36599073.0,160640376.0,148888193.0,11,45,4,2019,0
4491,Mississippi,2019-11-17,36392273.0,38349706.0,168499755.0,149075120.0,11,46,4,2019,0
6340,Mississippi,2019-11-24,38443750.0,36392273.0,44056171.0,141815147.0,11,47,4,2019,0
19,Mississippi,2019-12-01,37637324.0,38443750.0,41552217.0,147925775.0,12,48,4,2019,0
148,Mississippi,2019-12-08,36069396.0,37637324.0,38851699.0,155565500.0,12,49,4,2019,0
3975,Mississippi,2019-12-15,35860883.0,36069396.0,36538417.0,158967123.0,12,50,4,2019,0
5824,Mississippi,2019-12-22,37353845.0,35860883.0,36599073.0,142235161.0,12,51,4,2019,0
7673,Mississippi,2019-12-29,35853471.0,37353845.0,38349706.0,139611641.0,12,52,4,2019,0
492,Mississippi,2020-01-05,68052452.0,35853471.0,36392273.0,146028384.0,1,1,1,2020,0
1008,Mississippi,2020-01-12,70894239.0,68052452.0,38443750.0,142633406.0,1,2,1,2020,0
4749,Mississippi,2020-01-19,70297795.0,70894239.0,37637324.0,143647987.0,1,3,1,2020,0
6598,Mississippi,2020-01-26,68431296.0,70297795.0,36069396.0,142903528.0,1,4,1,2020,0
320,Mississippi,2020-02-02,70528160.0,68431296.0,35860883.0,149857578.0,2,5,1,2020,0
836,Mississippi,2020-02-09,71994582.0,70528160.0,37353845.0,144808511.0,2,6,1,2020,0
4061,Mississippi,2020-02-16,68943575.0,71994582.0,35853471.0,145381583.0,2,7,1,2020,0
5910,Mississippi,2020-02-23,67299689.0,68943575.0,68052452.0,150408045.0,2,8,1,2020,0
234,Mississippi,2020-03-01,74436058.0,67299689.0,70894239.0,159753821.0,3,9,1,2020,0
750,Mississippi,2020-03-08,76961885.0,74436058.0,70297795.0,160661473.0,3,10,1,2020,0
3803,Mississippi,2020-03-15,80995359.0,76961885.0,68431296.0,148335593.0,3,11,1,2020,0
5652,Mississippi,2020-03-22,83519431.0,80995359.0,70528160.0,145671349.0,3,12,1,2020,0
7501,Mississippi,2020-03-29,72978267.0,83519431.0,71994582.0,158004187.0,3,13,1,2020,0
535,Mississippi,2020-04-05,77455655.0,72978267.0,68943575.0,156591378.0,4,14,2,2020,0
1051,Mississippi,2020-04-12,73920525.0,77455655.0,67299689.0,153923321.0,4,15,2,2020,0
4878,Mississippi,2020-04-19,74645568.0,73920525.0,74436058.0,160640376.0,4,16,2,2020,0
6727,Mississippi,2020-04-26,74321524.0,74645568.0,76961885.0,168499755.0,4,17,2,2020,0
406,Mississippi,2020-05-03,80084004.0,74321524.0,80995359.0,44056171.0,5,18,2,2020,0
922,Mississippi,2020-05-10,80520035.0,80084004.0,83519431.0,41552217.0,5,19,2,2020,0
4362,Mississippi,2020-05-17,81316607.0,80520035.0,72978267.0,38851699.0,5,20,2,2020,0
6211,Mississippi,2020-05-24,85387819.0,81316607.0,77455655.0,36538417.0,5,21,2,2020,0
7974,Mississippi,2020-05-31,83005768.0,85387819.0,73920525.0,36599073.0,5,22,2,2020,0
707,Mississippi,2020-06-07,85302924.0,83005768.0,74645568.0,38349706.0,6,23,2,2020,0
3631,Mississippi,2020-06-14,84243209.0,85302924.0,74321524.0,36392273.0,6,24,2,2020,0
5480,Mississippi,2020-06-21,85725635.0,84243209.0,80084004.0,38443750.0,6,25,2,2020,0
7329,Mississippi,2020-06-28,83644914.0,85725635.0,80520035.0,37637324.0,6,26,2,2020,0
578,Mississippi,2020-07-05,88490037.0,83644914.0,81316607.0,36069396.0,7,27,3,2020,0
1094,Mississippi,2020-07-12,84387136.0,88490037.0,85387819.0,35860883.0,7,28,3,2020,0
4964,Mississippi,2020-07-19,84440406.0,84387136.0,83005768.0,37353845.0,7,29,3,2020,0
6813,Mississippi,2020-07-26,83261697.0,84440406.0,85302924.0,35853471.0,7,30,3,2020,0
363,Mississippi,2020-08-02,84643249.0,83261697.0,84243209.0,68052452.0,8,31,3,2020,0
879,Mississippi,2020-08-09,88015157.0,84643249.0,85725635.0,70894239.0,8,32,3,2020,0
4190,Mississippi,2020-08-16,87084174.0,88015157.0,83644914.0,70297795.0,8,33,3,2020,0
6039,Mississippi,2020-08-23,85014743.0,87084174.0,88490037.0,68431296.0,8,34,3,2020,0
7845,Mississippi,2020-08-30,82928450.0,85014743.0,84387136.0,70528160.0,8,35,3,2020,0
621,Mississippi,2020-09-06,88797296.0,82928450.0,84440406.0,71994582.0,9,36,3,2020,0
3373,Mississippi,2020-09-13,86952829.0,88797296.0,83261697.0,68943575.0,9,37,3,2020,0
5222,Mississippi,2020-09-20,85302068.0,86952829.0,84643249.0,67299689.0,9,38,3,2020,0
7071,Mississippi,2020-09-27,80731913.0,85302068.0,88015157.0,74436058.0,9,39,3,2020,0
449,Mississippi,2020-10-04,84063070.0,80731913.0,87084174.0,76961885.0,10,40,4,2020,0
965,Mississippi,2020-10-11,82272528.0,84063070.0,85014743.0,80995359.0,10,41,4,2020,0
4663,Mississippi,2020-10-18,78326190.0,82272528.0,82928450.0,83519431.0,10,42,4,2020,0
6512,Mississippi,2020-10-25,76949399.0,78326190.0,88797296.0,72978267.0,10,43,4,2020,0
277,Mississippi,2020-11-01,75112491.0,76949399.0,86952829.0,77455655.0,11,44,4,2020,0
793,Mississippi,2020-11-08,78938981.0,75112491.0,85302068.0,73920525.0,11,45,4,2020,0
3932,Mississippi,2020-11-15,76427039.0,78938981.0,80731913.0,74645568.0,11,46,4,2020,0
5781,Mississippi,2020-11-22,78777516.0,76427039.0,84063070.0,74321524.0,11,47,4,2020,0
7630,Mississippi,2020-11-29,74642425.0,78777516.0,82272528.0,80084004.0,11,48,4,2020,0
664,Mississippi,2020-12-06,72702237.0,74642425.0,78326190.0,80520035.0,12,49,4,2020,0
3502,Mississippi,2020-12-13,73894361.0,72702237.0,76949399.0,81316607.0,12,50,4,2020,0
5351,Mississippi,2020-12-20,75204508.0,73894361.0,75112491.0,85387819.0,12,51,4,2020,0
7200,Mississippi,2020-12-27,74054031.0,75204508.0,78938981.0,83005768.0,12,52,4,2020,0
1223,Mississippi,2021-01-03,72374353.0,74054031.0,76427039.0,85302924.0,1,53,1,2021,0
1739,Mississippi,2021-01-10,74935324.0,72374353.0,78777516.0,84243209.0,1,1,1,2021,0
4276,Mississippi,2021-01-17,73378114.0,74935324.0,74642425.0,85725635.0,1,2,1,2021,0
6125,Mississippi,2021-01-24,71537284.0,73378114.0,72702237.0,83644914.0,1,3,1,2021,0
7931,Mississippi,2021-01-31,71007272.0,71537284.0,73894361.0,88490037.0,1,4,1,2021,0
1524,Mississippi,2021-02-07,73886810.0,71007272.0,75204508.0,84387136.0,2,5,1,2021,0
3545,Mississippi,2021-02-14,72133584.0,73886810.0,74054031.0,84440406.0,2,6,1,2021,0
5394,Mississippi,2021-02-21,65114278.0,72133584.0,72374353.0,83261697.0,2,7,1,2021,0
7243,Mississippi,2021-02-28,77157319.0,65114278.0,74935324.0,84643249.0,2,8,1,2021,0
1567,Mississippi,2021-03-07,77050481.0,77157319.0,73378114.0,88015157.0,3,9,1,2021,0
3588,Mississippi,2021-03-14,84884720.0,77050481.0,71537284.0,87084174.0,3,10,1,2021,0
5437,Mississippi,2021-03-21,84883463.0,84884720.0,71007272.0,85014743.0,3,11,1,2021,0
7286,Mississippi,2021-03-28,73043661.0,84883463.0,73886810.0,82928450.0,3,12,1,2021,0
1309,Mississippi,2021-04-04,78613964.0,73043661.0,72133584.0,88797296.0,4,13,2,2021,0
1825,Mississippi,2021-04-11,75948633.0,78613964.0,65114278.0,86952829.0,4,14,2,2021,0
4534,Mississippi,2021-04-18,75186879.0,75948633.0,77157319.0,85302068.0,4,15,2,2021,0
6383,Mississippi,2021-04-25,76356586.0,75186879.0,77050481.0,80731913.0,4,16,2,2021,0
1180,Mississippi,2021-05-02,80162039.0,76356586.0,84884720.0,84063070.0,5,17,2,2021,0
1696,Mississippi,2021-05-09,83166644.0,80162039.0,84883463.0,82272528.0,5,18,2,2021,0
4147,Mississippi,2021-05-16,80190784.0,83166644.0,73043661.0,78326190.0,5,19,2,2021,0
5996,Mississippi,2021-05-23,83026106.0,80190784.0,78613964.0,76949399.0,5,20,2,2021,0
7802,Mississippi,2021-05-30,83526280.0,83026106.0,75948633.0,75112491.0,5,21,2,2021,0
1481,Mississippi,2021-06-06,84919031.0,83526280.0,75186879.0,78938981.0,6,22,2,2021,0
3330,Mississippi,2021-06-13,83357018.0,84919031.0,76356586.0,76427039.0,6,23,2,2021,0
5179,Mississippi,2021-06-20,88850382.0,83357018.0,80162039.0,78777516.0,6,24,2,2021,0
7028,Mississippi,2021-06-27,83858614.0,88850382.0,83166644.0,74642425.0,6,25,2,2021,0
1352,Mississippi,2021-07-04,89465561.0,83858614.0,80190784.0,72702237.0,7,26,3,2021,0
1868,Mississippi,2021-07-11,83019370.0,89465561.0,83026106.0,73894361.0,7,27,3,2021,0
4577,Mississippi,2021-07-18,87160318.0,83019370.0,83526280.0,75204508.0,7,28,3,2021,0
6426,Mississippi,2021-07-25,85932976.0,87160318.0,84919031.0,74054031.0,7,29,3,2021,0
1137,Mississippi,2021-08-01,87989100.0,85932976.0,83357018.0,72374353.0,8,30,3,2021,0
1653,Mississippi,2021-08-08,90401766.0,87989100.0,88850382.0,74935324.0,8,31,3,2021,0
3889,Mississippi,2021-08-15,89407334.0,90401766.0,83858614.0,73378114.0,8,32,3,2021,0
5738,Mississippi,2021-08-22,88266535.0,89407334.0,89465561.0,71537284.0,8,33,3,2021,0
7587,Mississippi,2021-08-29,88796969.0,88266535.0,83019370.0,71007272.0,8,34,3,2021,0
1395,Mississippi,2021-09-05,90661871.0,88796969.0,87160318.0,73886810.0,9,35,3,2021,0
1911,Mississippi,2021-09-12,87545104.0,90661871.0,85932976.0,72133584.0,9,36,3,2021,0
5007,Mississippi,2021-09-19,83689759.0,87545104.0,87989100.0,65114278.0,9,37,3,2021,0
6856,Mississippi,2021-09-26,79384217.0,83689759.0,90401766.0,77157319.0,9,38,3,2021,0
1266,Mississippi,2021-10-03,81310913.0,79384217.0,89407334.0,77050481.0,10,39,4,2021,0
1782,Mississippi,2021-10-10,84218998.0,81310913.0,88266535.0,84884720.0,10,40,4,2021,0
4448,Mississippi,2021-10-17,83952608.0,84218998.0,88796969.0,84883463.0,10,41,4,2021,0
6297,Mississippi,2021-10-24,82838945.0,83952608.0,90661871.0,73043661.0,10,42,4,2021,0
8060,Mississippi,2021-10-31,78428832.0,82838945.0,87545104.0,78613964.0,10,43,4,2021,0
1610,Mississippi,2021-11-07,81938578.0,78428832.0,83689759.0,75948633.0,11,44,4,2021,0
3717,Mississippi,2021-11-14,81282714.0,81938578.0,79384217.0,75186879.0,11,45,4,2021,0
5566,Mississippi,2021-11-21,81753713.0,81282714.0,81310913.0,76356586.0,11,46,4,2021,0
7415,Mississippi,2021-11-28,77581365.0,81753713.0,84218998.0,80162039.0,11,47,4,2021,0
1438,Mississippi,2021-12-05,76082822.0,77581365.0,83952608.0,83166644.0,12,48,4,2021,0
1954,Mississippi,2021-12-12,77581164.0,76082822.0,82838945.0,80190784.0,12,49,4,2021,0
5050,Mississippi,2021-12-19,79507132.0,77581164.0,78428832.0,83026106.0,12,50,4,2021,0
6899,Mississippi,2021-12-26,80883670.0,79507132.0,81938578.0,83526280.0,12,51,4,2021,0
2040,Mississippi,2022-01-02,110968258.0,80883670.0,81282714.0,84919031.0,1,52,1,2022,0
2556,Mississippi,2022-01-09,112145741.0,110968258.0,81753713.0,83357018.0,1,1,1,2022,0
4018,Mississippi,2022-01-16,113551277.0,112145741.0,77581365.0,88850382.0,1,2,1,2022,0
5867,Mississippi,2022-01-23,109174948.0,113551277.0,76082822.0,83858614.0,1,3,1,2022,0
7716,Mississippi,2022-01-30,109188689.0,109174948.0,77581164.0,89465561.0,1,4,1,2022,0
2341,Mississippi,2022-02-06,113290910.0,109188689.0,79507132.0,83019370.0,2,5,1,2022,0
3244,Mississippi,2022-02-13,113033145.0,113290910.0,80883670.0,87160318.0,2,6,1,2022,0
5093,Mississippi,2022-02-20,106562405.0,113033145.0,110968258.0,85932976.0,2,7,1,2022,0
6942,Mississippi,2022-02-27,120831667.0,106562405.0,112145741.0,87989100.0,2,8,1,2022,0
2384,Mississippi,2022-03-06,123696413.0,120831667.0,113551277.0,90401766.0,3,9,1,2022,0
3287,Mississippi,2022-03-13,121263063.0,123696413.0,109174948.0,89407334.0,3,10,1,2022,0
5136,Mississippi,2022-03-20,122723018.0,121263063.0,109188689.0,88266535.0,3,11,1,2022,0
6985,Mississippi,2022-03-27,119940036.0,122723018.0,113290910.0,88796969.0,3,12,1,2022,0
2126,Mississippi,2022-04-03,122095739.0,119940036.0,113033145.0,90661871.0,4,13,2,2022,0
2642,Mississippi,2022-04-10,125207942.0,122095739.0,106562405.0,87545104.0,4,14,2,2022,0
4319,Mississippi,2022-04-17,122894624.0,125207942.0,120831667.0,83689759.0,4,15,2,2022,0
6168,Mississippi,2022-04-24,119312727.0,122894624.0,123696413.0,79384217.0,4,16,2,2022,0
1997,Mississippi,2022-05-01,126600178.0,119312727.0,121263063.0,81310913.0,5,17,2,2022,0
2513,Mississippi,2022-05-08,128793331.0,126600178.0,122723018.0,84218998.0,5,18,2,2022,0
3846,Mississippi,2022-05-15,127925111.0,128793331.0,119940036.0,83952608.0,5,19,2,2022,0
5695,Mississippi,2022-05-22,132576708.0,127925111.0,122095739.0,82838945.0,5,20,2,2022,0
7544,Mississippi,2022-05-29,129924948.0,132576708.0,125207942.0,78428832.0,5,21,2,2022,0
2298,Mississippi,2022-06-05,128096228.0,129924948.0,122894624.0,81938578.0,6,22,2,2022,0
2814,Mississippi,2022-06-12,129274780.0,128096228.0,119312727.0,81282714.0,6,23,2,2022,0
4921,Mississippi,2022-06-19,135929880.0,129274780.0,126600178.0,81753713.0,6,24,2,2022,0
6770,Mississippi,2022-06-26,131695553.0,135929880.0,128793331.0,77581365.0,6,25,2,2022,0
2169,Mississippi,2022-07-03,136207450.0,131695553.0,127925111.0,76082822.0,7,26,3,2022,0
2685,Mississippi,2022-07-10,130807997.0,136207450.0,132576708.0,77581164.0,7,27,3,2022,0
4405,Mississippi,2022-07-17,128249542.0,130807997.0,129924948.0,79507132.0,7,28,3,2022,0
6254,Mississippi,2022-07-24,130097352.0,128249542.0,128096228.0,80883670.0,7,29,3,2022,0
8017,Mississippi,2022-07-31,135051986.0,130097352.0,129274780.0,110968258.0,7,30,3,2022,0
2470,Mississippi,2022-08-07,137049614.0,135051986.0,135929880.0,112145741.0,8,31,3,2022,0
3674,Mississippi,2022-08-14,136515381.0,137049614.0,131695553.0,113551277.0,8,32,3,2022,0
5523,Mississippi,2022-08-21,132428742.0,136515381.0,136207450.0,109174948.0,8,33,3,2022,0
7372,Mississippi,2022-08-28,131486639.0,132428742.0,130807997.0,109188689.0,8,34,3,2022,0
2212,Mississippi,2022-09-04,138658756.0,131486639.0,128249542.0,113290910.0,9,35,3,2022,0
2728,Mississippi,2022-09-11,133104584.0,138658756.0,130097352.0,113033145.0,9,36,3,2022,0
4620,Mississippi,2022-09-18,129734298.0,133104584.0,135051986.0,106562405.0,9,37,3,2022,0
6469,Mississippi,2022-09-25,130304299.0,129734298.0,137049614.0,120831667.0,9,38,3,2022,0
2083,Mississippi,2022-10-02,129796112.0,130304299.0,136515381.0,123696413.0,10,39,4,2022,0
2599,Mississippi,2022-10-09,130359054.0,129796112.0,132428742.0,121263063.0,10,40,4,2022,0
4233,Mississippi,2022-10-16,128427931.0,130359054.0,131486639.0,122723018.0,10,41,4,2022,0
6082,Mississippi,2022-10-23,122593677.0,128427931.0,138658756.0,119940036.0,10,42,4,2022,0
7888,Mississippi,2022-10-30,119071387.0,122593677.0,133104584.0,122095739.0,10,43,4,2022,0
2427,Mississippi,2022-11-06,124153469.0,119071387.0,129734298.0,125207942.0,11,44,4,2022,0
3459,Mississippi,2022-11-13,122102914.0,124153469.0,130304299.0,122894624.0,11,45,4,2022,0
5308,Mississippi,2022-11-20,122286981.0,122102914.0,129796112.0,119312727.0,11,46,4,2022,0
7157,Mississippi,2022-11-27,121026307.0,122286981.0,130359054.0,126600178.0,11,47,4,2022,0
2255,Mississippi,2022-12-04,115121332.0,121026307.0,128427931.0,128793331.0,12,48,4,2022,0
2771,Mississippi,2022-12-11,117254143.0,115121332.0,122593677.0,127925111.0,12,49,4,2022,0
4706,Mississippi,2022-12-18,120542508.0,117254143.0,119071387.0,132576708.0,12,50,4,2022,0
6555,Mississippi,2022-12-25,124193300.0,120542508.0,124153469.0,129924948.0,12,51,4,2022,0
2857,Mississippi,2023-01-01,112027974.0,124193300.0,122102914.0,128096228.0,1,52,1,2023,0
3072,Mississippi,2023-01-08,112685742.0,112027974.0,122286981.0,129274780.0,1,1,1,2023,0
3760,Mississippi,2023-01-15,113277510.0,112685742.0,121026307.0,135929880.0,1,2,1,2023,0
5609,Mississippi,2023-01-22,111098227.0,113277510.0,115121332.0,131695553.0,1,3,1,2023,0
7458,Mississippi,2023-01-29,110578234.0,111098227.0,117254143.0,136207450.0,1,4,1,2023,0
2943,Mississippi,2023-02-05,114310973.0,110578234.0,120542508.0,130807997.0,2,5,1,2023,0
3158,Mississippi,2023-02-12,116622414.0,114310973.0,124193300.0,128249542.0,2,6,1,2023,0
4792,Mississippi,2023-02-19,114050480.0,116622414.0,112027974.0,130097352.0,2,7,1,2023,0
6641,Mississippi,2023-02-26,119099292.0,114050480.0,112685742.0,135051986.0,2,8,1,2023,0
2986,Mississippi,2023-03-05,125689687.0,119099292.0,113277510.0,137049614.0,3,9,1,2023,0
3201,Mississippi,2023-03-12,129739899.0,125689687.0,111098227.0,136515381.0,3,10,1,2023,0
4835,Mississippi,2023-03-19,127423751.0,129739899.0,110578234.0,132428742.0,3,11,1,2023,0
6684,Mississippi,2023-03-26,119034341.0,127423751.0,114310973.0,131486639.0,3,12,1,2023,0
2900,Mississippi,2023-04-02,126251456.0,119034341.0,116622414.0,138658756.0,4,13,2,2023,0
3115,Mississippi,2023-04-09,122958103.0,126251456.0,114050480.0,133104584.0,4,14,2,2023,0
4104,Mississippi,2023-04-16,120893701.0,122958103.0,119099292.0,129734298.0,4,15,2,2023,0
5953,Mississippi,2023-04-23,122557413.0,120893701.0,125689687.0,130304299.0,4,16,2,2023,0
7759,Mississippi,2023-04-30,126906993.0,122557413.0,129739899.0,129796112.0,4,17,2,2023,0
3029,Mississippi,2023-05-07,132113210.0,126906993.0,127423751.0,130359054.0,5,18,2,2023,0
106,Missouri,2019-10-06,111888230.0,132113210.0,119034341.0,128427931.0,10,40,4,2019,0
3417,Missouri,2019-10-13,105383406.0,111888230.0,126251456.0,122593677.0,10,41,4,2019,0
5266,Missouri,2019-10-20,105172325.0,105383406.0,122958103.0,119071387.0,10,42,4,2019,0
7115,Missouri,2019-10-27,103986310.0,105172325.0,120893701.0,124153469.0,10,43,4,2019,0
63,Missouri,2019-11-03,102216389.0,103986310.0,122557413.0,122102914.0,11,44,4,2019,0
192,Missouri,2019-11-10,102978285.0,102216389.0,126906993.0,122286981.0,11,45,4,2019,0
4492,Missouri,2019-11-17,104244425.0,102978285.0,132113210.0,121026307.0,11,46,4,2019,0
6341,Missouri,2019-11-24,106955334.0,104244425.0,111888230.0,115121332.0,11,47,4,2019,0
20,Missouri,2019-12-01,101366118.0,106955334.0,105383406.0,117254143.0,12,48,4,2019,0
149,Missouri,2019-12-08,101956161.0,101366118.0,105172325.0,120542508.0,12,49,4,2019,0
3976,Missouri,2019-12-15,104799080.0,101956161.0,103986310.0,124193300.0,12,50,4,2019,0
5825,Missouri,2019-12-22,112573327.0,104799080.0,102216389.0,112027974.0,12,51,4,2019,0
7674,Missouri,2019-12-29,104085174.0,112573327.0,102978285.0,112685742.0,12,52,4,2019,0
493,Missouri,2020-01-05,100260344.0,104085174.0,104244425.0,113277510.0,1,1,1,2020,0
1009,Missouri,2020-01-12,101623052.0,100260344.0,106955334.0,111098227.0,1,2,1,2020,0
4750,Missouri,2020-01-19,99197303.0,101623052.0,101366118.0,110578234.0,1,3,1,2020,0
6599,Missouri,2020-01-26,94975743.0,99197303.0,101956161.0,114310973.0,1,4,1,2020,0
321,Missouri,2020-02-02,102451507.0,94975743.0,104799080.0,116622414.0,2,5,1,2020,0
837,Missouri,2020-02-09,97937045.0,102451507.0,112573327.0,114050480.0,2,6,1,2020,0
4062,Missouri,2020-02-16,99080113.0,97937045.0,104085174.0,119099292.0,2,7,1,2020,0
5911,Missouri,2020-02-23,99512943.0,99080113.0,100260344.0,125689687.0,2,8,1,2020,0
235,Missouri,2020-03-01,106212849.0,99512943.0,101623052.0,129739899.0,3,9,1,2020,0
751,Missouri,2020-03-08,107370254.0,106212849.0,99197303.0,127423751.0,3,10,1,2020,0
3804,Missouri,2020-03-15,119199349.0,107370254.0,94975743.0,119034341.0,3,11,1,2020,0
5653,Missouri,2020-03-22,121451834.0,119199349.0,102451507.0,126251456.0,3,12,1,2020,0
7502,Missouri,2020-03-29,104915820.0,121451834.0,97937045.0,122958103.0,3,13,1,2020,0
536,Missouri,2020-04-05,112583580.0,104915820.0,99080113.0,120893701.0,4,14,2,2020,0
1052,Missouri,2020-04-12,112802890.0,112583580.0,99512943.0,122557413.0,4,15,2,2020,0
4879,Missouri,2020-04-19,115367891.0,112802890.0,106212849.0,126906993.0,4,16,2,2020,0
6728,Missouri,2020-04-26,113425514.0,115367891.0,107370254.0,132113210.0,4,17,2,2020,0
407,Missouri,2020-05-03,118208045.0,113425514.0,119199349.0,111888230.0,5,18,2,2020,0
923,Missouri,2020-05-10,116614554.0,118208045.0,121451834.0,105383406.0,5,19,2,2020,0
4363,Missouri,2020-05-17,119008041.0,116614554.0,104915820.0,105172325.0,5,20,2,2020,0
6212,Missouri,2020-05-24,124723233.0,119008041.0,112583580.0,103986310.0,5,21,2,2020,0
7975,Missouri,2020-05-31,119399493.0,124723233.0,112802890.0,102216389.0,5,22,2,2020,0
708,Missouri,2020-06-07,127937538.0,119399493.0,115367891.0,102978285.0,6,23,2,2020,0
3632,Missouri,2020-06-14,125420452.0,127937538.0,113425514.0,104244425.0,6,24,2,2020,0
5481,Missouri,2020-06-21,125519533.0,125420452.0,118208045.0,106955334.0,6,25,2,2020,0
7330,Missouri,2020-06-28,128509528.0,125519533.0,116614554.0,101366118.0,6,26,2,2020,0
579,Missouri,2020-07-05,133882926.0,128509528.0,119008041.0,101956161.0,7,27,3,2020,0
1095,Missouri,2020-07-12,126230431.0,133882926.0,124723233.0,104799080.0,7,28,3,2020,0
4965,Missouri,2020-07-19,128088848.0,126230431.0,119399493.0,112573327.0,7,29,3,2020,0
6814,Missouri,2020-07-26,124167502.0,128088848.0,127937538.0,104085174.0,7,30,3,2020,0
364,Missouri,2020-08-02,120643198.0,124167502.0,125420452.0,100260344.0,8,31,3,2020,0
880,Missouri,2020-08-09,122345675.0,120643198.0,125519533.0,101623052.0,8,32,3,2020,0
4191,Missouri,2020-08-16,123662078.0,122345675.0,128509528.0,99197303.0,8,33,3,2020,0
6040,Missouri,2020-08-23,121890879.0,123662078.0,133882926.0,94975743.0,8,34,3,2020,0
7846,Missouri,2020-08-30,121102970.0,121890879.0,126230431.0,102451507.0,8,35,3,2020,0
622,Missouri,2020-09-06,122107584.0,121102970.0,128088848.0,97937045.0,9,36,3,2020,0
3374,Missouri,2020-09-13,118947582.0,122107584.0,124167502.0,99080113.0,9,37,3,2020,0
5223,Missouri,2020-09-20,118825054.0,118947582.0,120643198.0,99512943.0,9,38,3,2020,0
7072,Missouri,2020-09-27,115422362.0,118825054.0,122345675.0,106212849.0,9,39,3,2020,0
450,Missouri,2020-10-04,115285442.0,115422362.0,123662078.0,107370254.0,10,40,4,2020,0
966,Missouri,2020-10-11,115422860.0,115285442.0,121890879.0,119199349.0,10,41,4,2020,0
4664,Missouri,2020-10-18,114326214.0,115422860.0,121102970.0,121451834.0,10,42,4,2020,0
6513,Missouri,2020-10-25,110115923.0,114326214.0,122107584.0,104915820.0,10,43,4,2020,0
278,Missouri,2020-11-01,108363219.0,110115923.0,118947582.0,112583580.0,11,44,4,2020,0
794,Missouri,2020-11-08,112621860.0,108363219.0,118825054.0,112802890.0,11,45,4,2020,0
3933,Missouri,2020-11-15,112293116.0,112621860.0,115422362.0,115367891.0,11,46,4,2020,0
5782,Missouri,2020-11-22,115585928.0,112293116.0,115285442.0,113425514.0,11,47,4,2020,0
7631,Missouri,2020-11-29,109778471.0,115585928.0,115422860.0,118208045.0,11,48,4,2020,0
665,Missouri,2020-12-06,108184374.0,109778471.0,114326214.0,116614554.0,12,49,4,2020,0
3503,Missouri,2020-12-13,111915490.0,108184374.0,110115923.0,119008041.0,12,50,4,2020,0
5352,Missouri,2020-12-20,116101349.0,111915490.0,108363219.0,124723233.0,12,51,4,2020,0
7201,Missouri,2020-12-27,113912367.0,116101349.0,112621860.0,119399493.0,12,52,4,2020,0
1224,Missouri,2021-01-03,108200137.0,113912367.0,112293116.0,127937538.0,1,53,1,2021,0
1740,Missouri,2021-01-10,108211246.0,108200137.0,115585928.0,125420452.0,1,1,1,2021,0
4277,Missouri,2021-01-17,107281946.0,108211246.0,109778471.0,125519533.0,1,2,1,2021,0
6126,Missouri,2021-01-24,106374644.0,107281946.0,108184374.0,128509528.0,1,3,1,2021,0
7932,Missouri,2021-01-31,107265091.0,106374644.0,111915490.0,133882926.0,1,4,1,2021,0
1525,Missouri,2021-02-07,109879804.0,107265091.0,116101349.0,126230431.0,2,5,1,2021,0
3546,Missouri,2021-02-14,105721019.0,109879804.0,113912367.0,128088848.0,2,6,1,2021,0
5395,Missouri,2021-02-21,104928173.0,105721019.0,108200137.0,124167502.0,2,7,1,2021,0
7244,Missouri,2021-02-28,113346368.0,104928173.0,108211246.0,120643198.0,2,8,1,2021,0
1568,Missouri,2021-03-07,118309710.0,113346368.0,107281946.0,122345675.0,3,9,1,2021,0
3589,Missouri,2021-03-14,127423363.0,118309710.0,106374644.0,123662078.0,3,10,1,2021,0
5438,Missouri,2021-03-21,130041835.0,127423363.0,107265091.0,121890879.0,3,11,1,2021,0
7287,Missouri,2021-03-28,115232280.0,130041835.0,109879804.0,121102970.0,3,12,1,2021,0
1310,Missouri,2021-04-04,124240001.0,115232280.0,105721019.0,122107584.0,4,13,2,2021,0
1826,Missouri,2021-04-11,121180874.0,124240001.0,104928173.0,118947582.0,4,14,2,2021,0
4535,Missouri,2021-04-18,122020893.0,121180874.0,113346368.0,118825054.0,4,15,2,2021,0
6384,Missouri,2021-04-25,123558039.0,122020893.0,118309710.0,115422362.0,4,16,2,2021,0
1181,Missouri,2021-05-02,130134582.0,123558039.0,127423363.0,115285442.0,5,17,2,2021,0
1697,Missouri,2021-05-09,127252315.0,130134582.0,130041835.0,115422860.0,5,18,2,2021,0
4148,Missouri,2021-05-16,124654431.0,127252315.0,115232280.0,114326214.0,5,19,2,2021,0
5997,Missouri,2021-05-23,130997443.0,124654431.0,124240001.0,110115923.0,5,20,2,2021,0
7803,Missouri,2021-05-30,131211942.0,130997443.0,121180874.0,108363219.0,5,21,2,2021,0
1482,Missouri,2021-06-06,135533682.0,131211942.0,122020893.0,112621860.0,6,22,2,2021,0
3331,Missouri,2021-06-13,140536017.0,135533682.0,123558039.0,112293116.0,6,23,2,2021,0
5180,Missouri,2021-06-20,143891480.0,140536017.0,130134582.0,115585928.0,6,24,2,2021,0
7029,Missouri,2021-06-27,134304238.0,143891480.0,127252315.0,109778471.0,6,25,2,2021,0
1353,Missouri,2021-07-04,141538918.0,134304238.0,124654431.0,108184374.0,7,26,3,2021,0
1869,Missouri,2021-07-11,136230611.0,141538918.0,130997443.0,111915490.0,7,27,3,2021,0
4578,Missouri,2021-07-18,137132760.0,136230611.0,131211942.0,116101349.0,7,28,3,2021,0
6427,Missouri,2021-07-25,138734411.0,137132760.0,135533682.0,113912367.0,7,29,3,2021,0
1138,Missouri,2021-08-01,132578371.0,138734411.0,140536017.0,108200137.0,8,30,3,2021,0
1654,Missouri,2021-08-08,132526729.0,132578371.0,143891480.0,108211246.0,8,31,3,2021,0
3890,Missouri,2021-08-15,136489651.0,132526729.0,134304238.0,107281946.0,8,32,3,2021,0
5739,Missouri,2021-08-22,136950984.0,136489651.0,141538918.0,106374644.0,8,33,3,2021,0
7588,Missouri,2021-08-29,136263421.0,136950984.0,136230611.0,107265091.0,8,34,3,2021,0
1396,Missouri,2021-09-05,135476496.0,136263421.0,137132760.0,109879804.0,9,35,3,2021,0
1912,Missouri,2021-09-12,129961771.0,135476496.0,138734411.0,105721019.0,9,36,3,2021,0
5008,Missouri,2021-09-19,131425380.0,129961771.0,132578371.0,104928173.0,9,37,3,2021,0
6857,Missouri,2021-09-26,127916878.0,131425380.0,132526729.0,113346368.0,9,38,3,2021,0
1267,Missouri,2021-10-03,182835643.0,127916878.0,136489651.0,118309710.0,10,39,4,2021,0
1783,Missouri,2021-10-10,180974727.0,182835643.0,136950984.0,127423363.0,10,40,4,2021,0
4449,Missouri,2021-10-17,178740957.0,180974727.0,136263421.0,130041835.0,10,41,4,2021,0
6298,Missouri,2021-10-24,175697601.0,178740957.0,135476496.0,115232280.0,10,42,4,2021,0
8061,Missouri,2021-10-31,170593466.0,175697601.0,129961771.0,124240001.0,10,43,4,2021,0
1611,Missouri,2021-11-07,173301229.0,170593466.0,131425380.0,121180874.0,11,44,4,2021,0
3718,Missouri,2021-11-14,176262581.0,173301229.0,127916878.0,122020893.0,11,45,4,2021,0
5567,Missouri,2021-11-21,179524372.0,176262581.0,182835643.0,123558039.0,11,46,4,2021,0
7416,Missouri,2021-11-28,168366341.0,179524372.0,180974727.0,130134582.0,11,47,4,2021,0
1439,Missouri,2021-12-05,169212857.0,168366341.0,178740957.0,127252315.0,12,48,4,2021,0
1955,Missouri,2021-12-12,172977942.0,169212857.0,175697601.0,124654431.0,12,49,4,2021,0
5051,Missouri,2021-12-19,183283805.0,172977942.0,170593466.0,130997443.0,12,50,4,2021,0
6900,Missouri,2021-12-26,180054178.0,183283805.0,173301229.0,131211942.0,12,51,4,2021,0
2041,Missouri,2022-01-02,167821565.0,180054178.0,176262581.0,135533682.0,1,52,1,2022,0
2557,Missouri,2022-01-09,165807188.0,167821565.0,179524372.0,140536017.0,1,1,1,2022,0
4019,Missouri,2022-01-16,172225850.0,165807188.0,168366341.0,143891480.0,1,2,1,2022,0
5868,Missouri,2022-01-23,162857014.0,172225850.0,169212857.0,134304238.0,1,3,1,2022,0
7717,Missouri,2022-01-30,167447990.0,162857014.0,172977942.0,141538918.0,1,4,1,2022,0
2342,Missouri,2022-02-06,166723310.0,167447990.0,183283805.0,136230611.0,2,5,1,2022,0
3245,Missouri,2022-02-13,167496591.0,166723310.0,180054178.0,137132760.0,2,6,1,2022,0
5094,Missouri,2022-02-20,162813988.0,167496591.0,167821565.0,138734411.0,2,7,1,2022,0
6943,Missouri,2022-02-27,173793170.0,162813988.0,165807188.0,132578371.0,2,8,1,2022,0
2385,Missouri,2022-03-06,178493196.0,173793170.0,172225850.0,132526729.0,3,9,1,2022,0
3288,Missouri,2022-03-13,177612595.0,178493196.0,162857014.0,136489651.0,3,10,1,2022,0
5137,Missouri,2022-03-20,183364030.0,177612595.0,167447990.0,136950984.0,3,11,1,2022,0
6986,Missouri,2022-03-27,179106584.0,183364030.0,166723310.0,136263421.0,3,12,1,2022,0
2127,Missouri,2022-04-03,185211544.0,179106584.0,167496591.0,135476496.0,4,13,2,2022,0
2643,Missouri,2022-04-10,186091612.0,185211544.0,162813988.0,129961771.0,4,14,2,2022,0
4320,Missouri,2022-04-17,189193622.0,186091612.0,173793170.0,131425380.0,4,15,2,2022,0
6169,Missouri,2022-04-24,183150735.0,189193622.0,178493196.0,127916878.0,4,16,2,2022,0
1998,Missouri,2022-05-01,188196566.0,183150735.0,177612595.0,182835643.0,5,17,2,2022,0
2514,Missouri,2022-05-08,185103534.0,188196566.0,183364030.0,180974727.0,5,18,2,2022,0
3847,Missouri,2022-05-15,197212779.0,185103534.0,179106584.0,178740957.0,5,19,2,2022,0
5696,Missouri,2022-05-22,196122619.0,197212779.0,185211544.0,175697601.0,5,20,2,2022,0
7545,Missouri,2022-05-29,195011378.0,196122619.0,186091612.0,170593466.0,5,21,2,2022,0
2299,Missouri,2022-06-05,196704224.0,195011378.0,189193622.0,173301229.0,6,22,2,2022,0
2815,Missouri,2022-06-12,201898217.0,196704224.0,183150735.0,176262581.0,6,23,2,2022,0
4922,Missouri,2022-06-19,210417357.0,201898217.0,188196566.0,179524372.0,6,24,2,2022,0
6771,Missouri,2022-06-26,204501850.0,210417357.0,185103534.0,168366341.0,6,25,2,2022,0
2170,Missouri,2022-07-03,213912739.0,204501850.0,197212779.0,169212857.0,7,26,3,2022,0
2686,Missouri,2022-07-10,204171407.0,213912739.0,196122619.0,172977942.0,7,27,3,2022,0
4406,Missouri,2022-07-17,205623643.0,204171407.0,195011378.0,183283805.0,7,28,3,2022,0
6255,Missouri,2022-07-24,207379215.0,205623643.0,196704224.0,180054178.0,7,29,3,2022,0
8018,Missouri,2022-07-31,201243589.0,207379215.0,201898217.0,167821565.0,7,30,3,2022,0
2471,Missouri,2022-08-07,203997668.0,201243589.0,210417357.0,165807188.0,8,31,3,2022,0
3675,Missouri,2022-08-14,204559437.0,203997668.0,204501850.0,172225850.0,8,32,3,2022,0
5524,Missouri,2022-08-21,200875693.0,204559437.0,213912739.0,162857014.0,8,33,3,2022,0
7373,Missouri,2022-08-28,201905038.0,200875693.0,204171407.0,167447990.0,8,34,3,2022,0
2213,Missouri,2022-09-04,202748924.0,201905038.0,205623643.0,166723310.0,9,35,3,2022,0
2729,Missouri,2022-09-11,198281452.0,202748924.0,207379215.0,167496591.0,9,36,3,2022,0
4621,Missouri,2022-09-18,201210603.0,198281452.0,201243589.0,162813988.0,9,37,3,2022,0
6470,Missouri,2022-09-25,195111725.0,201210603.0,203997668.0,173793170.0,9,38,3,2022,0
2084,Missouri,2022-10-02,194612892.0,195111725.0,204559437.0,178493196.0,10,39,4,2022,0
2600,Missouri,2022-10-09,193244618.0,194612892.0,200875693.0,177612595.0,10,40,4,2022,0
4234,Missouri,2022-10-16,189430520.0,193244618.0,201905038.0,183364030.0,10,41,4,2022,0
6083,Missouri,2022-10-23,187022860.0,189430520.0,202748924.0,179106584.0,10,42,4,2022,0
7889,Missouri,2022-10-30,181175335.0,187022860.0,198281452.0,185211544.0,10,43,4,2022,0
2428,Missouri,2022-11-06,184611895.0,181175335.0,201210603.0,186091612.0,11,44,4,2022,0
3460,Missouri,2022-11-13,187165803.0,184611895.0,195111725.0,189193622.0,11,45,4,2022,0
5309,Missouri,2022-11-20,188697809.0,187165803.0,194612892.0,183150735.0,11,46,4,2022,0
7158,Missouri,2022-11-27,188064707.0,188697809.0,193244618.0,188196566.0,11,47,4,2022,0
2256,Missouri,2022-12-04,180518294.0,188064707.0,189430520.0,185103534.0,12,48,4,2022,0
2772,Missouri,2022-12-11,185716437.0,180518294.0,187022860.0,197212779.0,12,49,4,2022,0
4707,Missouri,2022-12-18,193565613.0,185716437.0,181175335.0,196122619.0,12,50,4,2022,0
6556,Missouri,2022-12-25,199608824.0,193565613.0,184611895.0,195011378.0,12,51,4,2022,0
2858,Missouri,2023-01-01,178578679.0,199608824.0,187165803.0,196704224.0,1,52,1,2023,0
3073,Missouri,2023-01-08,173449012.0,178578679.0,188697809.0,201898217.0,1,1,1,2023,0
3761,Missouri,2023-01-15,177948396.0,173449012.0,188064707.0,210417357.0,1,2,1,2023,0
5610,Missouri,2023-01-22,173196841.0,177948396.0,180518294.0,204501850.0,1,3,1,2023,0
7459,Missouri,2023-01-29,176567192.0,173196841.0,185716437.0,213912739.0,1,4,1,2023,0
2944,Missouri,2023-02-05,176332684.0,176567192.0,193565613.0,204171407.0,2,5,1,2023,0
3159,Missouri,2023-02-12,184335242.0,176332684.0,199608824.0,205623643.0,2,6,1,2023,0
4793,Missouri,2023-02-19,180401173.0,184335242.0,178578679.0,207379215.0,2,7,1,2023,0
6642,Missouri,2023-02-26,183563538.0,180401173.0,173449012.0,201243589.0,2,8,1,2023,0
2987,Missouri,2023-03-05,193981128.0,183563538.0,177948396.0,203997668.0,3,9,1,2023,0
3202,Missouri,2023-03-12,199928913.0,193981128.0,173196841.0,204559437.0,3,10,1,2023,0
4836,Missouri,2023-03-19,203569236.0,199928913.0,176567192.0,200875693.0,3,11,1,2023,0
6685,Missouri,2023-03-26,184675888.0,203569236.0,176332684.0,201905038.0,3,12,1,2023,0
2901,Missouri,2023-04-02,193109594.0,184675888.0,184335242.0,202748924.0,4,13,2,2023,0
3116,Missouri,2023-04-09,200406578.0,193109594.0,180401173.0,198281452.0,4,14,2,2023,0
4105,Missouri,2023-04-16,200965982.0,200406578.0,183563538.0,201210603.0,4,15,2,2023,0
5954,Missouri,2023-04-23,200625507.0,200965982.0,193981128.0,195111725.0,4,16,2,2023,0
7760,Missouri,2023-04-30,203869438.0,200625507.0,199928913.0,194612892.0,4,17,2,2023,0
3030,Missouri,2023-05-07,206321093.0,203869438.0,203569236.0,193244618.0,5,18,2,2023,0
107,Nebraska,2019-10-06,17239751.0,206321093.0,184675888.0,189430520.0,10,40,4,2019,0
3418,Nebraska,2019-10-13,17030081.0,17239751.0,193109594.0,187022860.0,10,41,4,2019,0
5267,Nebraska,2019-10-20,17071019.0,17030081.0,200406578.0,181175335.0,10,42,4,2019,0
7116,Nebraska,2019-10-27,16701961.0,17071019.0,200965982.0,184611895.0,10,43,4,2019,0
64,Nebraska,2019-11-03,16788387.0,16701961.0,200625507.0,187165803.0,11,44,4,2019,0
193,Nebraska,2019-11-10,17193457.0,16788387.0,203869438.0,188697809.0,11,45,4,2019,0
4493,Nebraska,2019-11-17,17020702.0,17193457.0,206321093.0,188064707.0,11,46,4,2019,0
6342,Nebraska,2019-11-24,18010858.0,17020702.0,17239751.0,180518294.0,11,47,4,2019,0
21,Nebraska,2019-12-01,16673878.0,18010858.0,17030081.0,185716437.0,12,48,4,2019,0
150,Nebraska,2019-12-08,16976908.0,16673878.0,17071019.0,193565613.0,12,49,4,2019,0
3977,Nebraska,2019-12-15,16919654.0,16976908.0,16701961.0,199608824.0,12,50,4,2019,0
5826,Nebraska,2019-12-22,18450498.0,16919654.0,16788387.0,178578679.0,12,51,4,2019,0
7675,Nebraska,2019-12-29,33473866.0,18450498.0,17193457.0,173449012.0,12,52,4,2019,0
494,Nebraska,2020-01-05,32423172.0,33473866.0,17020702.0,177948396.0,1,1,1,2020,0
1010,Nebraska,2020-01-12,32747886.0,32423172.0,18010858.0,173196841.0,1,2,1,2020,0
4751,Nebraska,2020-01-19,31776464.0,32747886.0,16673878.0,176567192.0,1,3,1,2020,0
6600,Nebraska,2020-01-26,31558750.0,31776464.0,16976908.0,176332684.0,1,4,1,2020,0
322,Nebraska,2020-02-02,33877399.0,31558750.0,16919654.0,184335242.0,2,5,1,2020,0
838,Nebraska,2020-02-09,32422202.0,33877399.0,18450498.0,180401173.0,2,6,1,2020,0
4063,Nebraska,2020-02-16,32815302.0,32422202.0,33473866.0,183563538.0,2,7,1,2020,0
5912,Nebraska,2020-02-23,32997894.0,32815302.0,32423172.0,193981128.0,2,8,1,2020,0
236,Nebraska,2020-03-01,34374962.0,32997894.0,32747886.0,199928913.0,3,9,1,2020,0
752,Nebraska,2020-03-08,36479356.0,34374962.0,31776464.0,203569236.0,3,10,1,2020,0
3805,Nebraska,2020-03-15,39516369.0,36479356.0,31558750.0,184675888.0,3,11,1,2020,0
5654,Nebraska,2020-03-22,37334582.0,39516369.0,33877399.0,193109594.0,3,12,1,2020,0
7503,Nebraska,2020-03-29,33896981.0,37334582.0,32422202.0,200406578.0,3,13,1,2020,0
537,Nebraska,2020-04-05,36555823.0,33896981.0,32815302.0,200965982.0,4,14,2,2020,0
1053,Nebraska,2020-04-12,37024893.0,36555823.0,32997894.0,200625507.0,4,15,2,2020,0
4880,Nebraska,2020-04-19,37040343.0,37024893.0,34374962.0,203869438.0,4,16,2,2020,0
6729,Nebraska,2020-04-26,37244983.0,37040343.0,36479356.0,206321093.0,4,17,2,2020,0
408,Nebraska,2020-05-03,38932415.0,37244983.0,39516369.0,17239751.0,5,18,2,2020,0
924,Nebraska,2020-05-10,37490465.0,38932415.0,37334582.0,17030081.0,5,19,2,2020,0
4364,Nebraska,2020-05-17,38077723.0,37490465.0,33896981.0,17071019.0,5,20,2,2020,0
6213,Nebraska,2020-05-24,38957875.0,38077723.0,36555823.0,16701961.0,5,21,2,2020,0
7976,Nebraska,2020-05-31,37065928.0,38957875.0,37024893.0,16788387.0,5,22,2,2020,0
709,Nebraska,2020-06-07,41905233.0,37065928.0,37040343.0,17193457.0,6,23,2,2020,0
3633,Nebraska,2020-06-14,39887322.0,41905233.0,37244983.0,17020702.0,6,24,2,2020,0
5482,Nebraska,2020-06-21,39112314.0,39887322.0,38932415.0,18010858.0,6,25,2,2020,0
7331,Nebraska,2020-06-28,41430551.0,39112314.0,37490465.0,16673878.0,6,26,2,2020,0
580,Nebraska,2020-07-05,44288051.0,41430551.0,38077723.0,16976908.0,7,27,3,2020,0
1096,Nebraska,2020-07-12,39518175.0,44288051.0,38957875.0,16919654.0,7,28,3,2020,0
4966,Nebraska,2020-07-19,40208538.0,39518175.0,37065928.0,18450498.0,7,29,3,2020,0
6815,Nebraska,2020-07-26,38142813.0,40208538.0,41905233.0,33473866.0,7,30,3,2020,0
365,Nebraska,2020-08-02,38613430.0,38142813.0,39887322.0,32423172.0,8,31,3,2020,0
881,Nebraska,2020-08-09,39696525.0,38613430.0,39112314.0,32747886.0,8,32,3,2020,0
4192,Nebraska,2020-08-16,38958331.0,39696525.0,41430551.0,31776464.0,8,33,3,2020,0
6041,Nebraska,2020-08-23,38450857.0,38958331.0,44288051.0,31558750.0,8,34,3,2020,0
7847,Nebraska,2020-08-30,38965935.0,38450857.0,39518175.0,33877399.0,8,35,3,2020,0
623,Nebraska,2020-09-06,39277235.0,38965935.0,40208538.0,32422202.0,9,36,3,2020,0
3375,Nebraska,2020-09-13,36429898.0,39277235.0,38142813.0,32815302.0,9,37,3,2020,0
5224,Nebraska,2020-09-20,36809613.0,36429898.0,38613430.0,32997894.0,9,38,3,2020,0
7073,Nebraska,2020-09-27,36614699.0,36809613.0,39696525.0,34374962.0,9,39,3,2020,0
451,Nebraska,2020-10-04,36077435.0,36614699.0,38958331.0,36479356.0,10,40,4,2020,0
967,Nebraska,2020-10-11,36696010.0,36077435.0,38450857.0,39516369.0,10,41,4,2020,0
4665,Nebraska,2020-10-18,35869570.0,36696010.0,38965935.0,37334582.0,10,42,4,2020,0
6514,Nebraska,2020-10-25,34697054.0,35869570.0,39277235.0,33896981.0,10,43,4,2020,0
279,Nebraska,2020-11-01,34888718.0,34697054.0,36429898.0,36555823.0,11,44,4,2020,0
795,Nebraska,2020-11-08,36671455.0,34888718.0,36809613.0,37024893.0,11,45,4,2020,0
3934,Nebraska,2020-11-15,35227912.0,36671455.0,36614699.0,37040343.0,11,46,4,2020,0
5783,Nebraska,2020-11-22,37326193.0,35227912.0,36077435.0,37244983.0,11,47,4,2020,0
7632,Nebraska,2020-11-29,34296044.0,37326193.0,36696010.0,38932415.0,11,48,4,2020,0
666,Nebraska,2020-12-06,34976906.0,34296044.0,35869570.0,37490465.0,12,49,4,2020,0
3504,Nebraska,2020-12-13,35539177.0,34976906.0,34697054.0,38077723.0,12,50,4,2020,0
5353,Nebraska,2020-12-20,37398970.0,35539177.0,34888718.0,38957875.0,12,51,4,2020,0
7202,Nebraska,2020-12-27,35679775.0,37398970.0,36671455.0,37065928.0,12,52,4,2020,0
1225,Nebraska,2021-01-03,34043332.0,35679775.0,35227912.0,41905233.0,1,53,1,2021,0
1741,Nebraska,2021-01-10,34739030.0,34043332.0,37326193.0,39887322.0,1,1,1,2021,0
4278,Nebraska,2021-01-17,33822416.0,34739030.0,34296044.0,39112314.0,1,2,1,2021,0
6127,Nebraska,2021-01-24,33565602.0,33822416.0,34976906.0,41430551.0,1,3,1,2021,0
7933,Nebraska,2021-01-31,34362096.0,33565602.0,35539177.0,44288051.0,1,4,1,2021,0
1526,Nebraska,2021-02-07,35814513.0,34362096.0,37398970.0,39518175.0,2,5,1,2021,0
3547,Nebraska,2021-02-14,33478486.0,35814513.0,35679775.0,40208538.0,2,6,1,2021,0
5396,Nebraska,2021-02-21,33873493.0,33478486.0,34043332.0,38142813.0,2,7,1,2021,0
7245,Nebraska,2021-02-28,36015324.0,33873493.0,34739030.0,38613430.0,2,8,1,2021,0
1569,Nebraska,2021-03-07,39001062.0,36015324.0,33822416.0,39696525.0,3,9,1,2021,0
3590,Nebraska,2021-03-14,41167687.0,39001062.0,33565602.0,38958331.0,3,10,1,2021,0
5439,Nebraska,2021-03-21,38636851.0,41167687.0,34362096.0,38450857.0,3,11,1,2021,0
7288,Nebraska,2021-03-28,35500363.0,38636851.0,35814513.0,38965935.0,3,12,1,2021,0
1311,Nebraska,2021-04-04,39830294.0,35500363.0,33478486.0,39277235.0,4,13,2,2021,0
1827,Nebraska,2021-04-11,39110189.0,39830294.0,33873493.0,36429898.0,4,14,2,2021,0
4536,Nebraska,2021-04-18,37204752.0,39110189.0,36015324.0,36809613.0,4,15,2,2021,0
6385,Nebraska,2021-04-25,39276359.0,37204752.0,39001062.0,36614699.0,4,16,2,2021,0
1182,Nebraska,2021-05-02,41669746.0,39276359.0,41167687.0,36077435.0,5,17,2,2021,0
1698,Nebraska,2021-05-09,40469218.0,41669746.0,38636851.0,36696010.0,5,18,2,2021,0
4149,Nebraska,2021-05-16,39540825.0,40469218.0,35500363.0,35869570.0,5,19,2,2021,0
5998,Nebraska,2021-05-23,40873410.0,39540825.0,39830294.0,34697054.0,5,20,2,2021,0
7804,Nebraska,2021-05-30,40807178.0,40873410.0,39110189.0,34888718.0,5,21,2,2021,0
1483,Nebraska,2021-06-06,44229958.0,40807178.0,37204752.0,36671455.0,6,22,2,2021,0
3332,Nebraska,2021-06-13,43312046.0,44229958.0,39276359.0,35227912.0,6,23,2,2021,0
5181,Nebraska,2021-06-20,43628649.0,43312046.0,41669746.0,37326193.0,6,24,2,2021,0
7030,Nebraska,2021-06-27,42034852.0,43628649.0,40469218.0,34296044.0,6,25,2,2021,0
1354,Nebraska,2021-07-04,46436517.0,42034852.0,39540825.0,34976906.0,7,26,3,2021,0
1870,Nebraska,2021-07-11,42179838.0,46436517.0,40873410.0,35539177.0,7,27,3,2021,0
4579,Nebraska,2021-07-18,41661965.0,42179838.0,40807178.0,37398970.0,7,28,3,2021,0
6428,Nebraska,2021-07-25,41901680.0,41661965.0,44229958.0,35679775.0,7,29,3,2021,0
1139,Nebraska,2021-08-01,41127774.0,41901680.0,43312046.0,34043332.0,8,30,3,2021,0
1655,Nebraska,2021-08-08,42169856.0,41127774.0,43628649.0,34739030.0,8,31,3,2021,0
3891,Nebraska,2021-08-15,42930174.0,42169856.0,42034852.0,33822416.0,8,32,3,2021,0
5740,Nebraska,2021-08-22,42263728.0,42930174.0,46436517.0,33565602.0,8,33,3,2021,0
7589,Nebraska,2021-08-29,42011140.0,42263728.0,42179838.0,34362096.0,8,34,3,2021,0
1397,Nebraska,2021-09-05,42567635.0,42011140.0,41661965.0,35814513.0,9,35,3,2021,0
1913,Nebraska,2021-09-12,39638236.0,42567635.0,41901680.0,33478486.0,9,36,3,2021,0
5009,Nebraska,2021-09-19,39592255.0,39638236.0,41127774.0,33873493.0,9,37,3,2021,0
6858,Nebraska,2021-09-26,39895508.0,39592255.0,42169856.0,36015324.0,9,38,3,2021,0
1268,Nebraska,2021-10-03,39563000.0,39895508.0,42930174.0,39001062.0,10,39,4,2021,0
1784,Nebraska,2021-10-10,40690471.0,39563000.0,42263728.0,41167687.0,10,40,4,2021,0
4450,Nebraska,2021-10-17,38787217.0,40690471.0,42011140.0,38636851.0,10,41,4,2021,0
6299,Nebraska,2021-10-24,37588635.0,38787217.0,42567635.0,35500363.0,10,42,4,2021,0
8062,Nebraska,2021-10-31,37152745.0,37588635.0,39638236.0,39830294.0,10,43,4,2021,0
1612,Nebraska,2021-11-07,38952596.0,37152745.0,39592255.0,39110189.0,11,44,4,2021,0
3719,Nebraska,2021-11-14,37862667.0,38952596.0,39895508.0,37204752.0,11,45,4,2021,0
5568,Nebraska,2021-11-21,39394564.0,37862667.0,39563000.0,39276359.0,11,46,4,2021,0
7417,Nebraska,2021-11-28,36955690.0,39394564.0,40690471.0,41669746.0,11,47,4,2021,0
1440,Nebraska,2021-12-05,37286275.0,36955690.0,38787217.0,40469218.0,12,48,4,2021,0
1956,Nebraska,2021-12-12,38259833.0,37286275.0,37588635.0,39540825.0,12,49,4,2021,0
5052,Nebraska,2021-12-19,39207616.0,38259833.0,37152745.0,40873410.0,12,50,4,2021,0
6901,Nebraska,2021-12-26,55591360.0,39207616.0,38952596.0,40807178.0,12,51,4,2021,0
2042,Nebraska,2022-01-02,52721053.0,55591360.0,37862667.0,44229958.0,1,52,1,2022,0
2558,Nebraska,2022-01-09,52843541.0,52721053.0,39394564.0,43312046.0,1,1,1,2022,0
4020,Nebraska,2022-01-16,53150979.0,52843541.0,36955690.0,43628649.0,1,2,1,2022,0
5869,Nebraska,2022-01-23,51763722.0,53150979.0,37286275.0,42034852.0,1,3,1,2022,0
7718,Nebraska,2022-01-30,52701276.0,51763722.0,38259833.0,46436517.0,1,4,1,2022,0
2343,Nebraska,2022-02-06,54027199.0,52701276.0,39207616.0,42179838.0,2,5,1,2022,0
3246,Nebraska,2022-02-13,53101321.0,54027199.0,55591360.0,41661965.0,2,6,1,2022,0
5095,Nebraska,2022-02-20,52975864.0,53101321.0,52721053.0,41901680.0,2,7,1,2022,0
6944,Nebraska,2022-02-27,53752358.0,52975864.0,52843541.0,41127774.0,2,8,1,2022,0
2386,Nebraska,2022-03-06,57269771.0,53752358.0,53150979.0,42169856.0,3,9,1,2022,0
3289,Nebraska,2022-03-13,56276418.0,57269771.0,51763722.0,42930174.0,3,10,1,2022,0
5138,Nebraska,2022-03-20,56673575.0,56276418.0,52701276.0,42263728.0,3,11,1,2022,0
6987,Nebraska,2022-03-27,55527165.0,56673575.0,54027199.0,42011140.0,3,12,1,2022,0
2128,Nebraska,2022-04-03,59837590.0,55527165.0,53101321.0,42567635.0,4,13,2,2022,0
2644,Nebraska,2022-04-10,58445989.0,59837590.0,52975864.0,39638236.0,4,14,2,2022,0
4321,Nebraska,2022-04-17,60373972.0,58445989.0,53752358.0,39592255.0,4,15,2,2022,0
6170,Nebraska,2022-04-24,57413627.0,60373972.0,57269771.0,39895508.0,4,16,2,2022,0
1999,Nebraska,2022-05-01,60761867.0,57413627.0,56276418.0,39563000.0,5,17,2,2022,0
2515,Nebraska,2022-05-08,59652654.0,60761867.0,56673575.0,40690471.0,5,18,2,2022,0
3848,Nebraska,2022-05-15,62192915.0,59652654.0,55527165.0,38787217.0,5,19,2,2022,0
5697,Nebraska,2022-05-22,62018499.0,62192915.0,59837590.0,37588635.0,5,20,2,2022,0
7546,Nebraska,2022-05-29,61734864.0,62018499.0,58445989.0,37152745.0,5,21,2,2022,0
2300,Nebraska,2022-06-05,64149691.0,61734864.0,60373972.0,38952596.0,6,22,2,2022,0
2816,Nebraska,2022-06-12,63555288.0,64149691.0,57413627.0,37862667.0,6,23,2,2022,0
4923,Nebraska,2022-06-19,64947062.0,63555288.0,60761867.0,39394564.0,6,24,2,2022,0
6772,Nebraska,2022-06-26,64803843.0,64947062.0,59652654.0,36955690.0,6,25,2,2022,0
2171,Nebraska,2022-07-03,68693042.0,64803843.0,62192915.0,37286275.0,7,26,3,2022,0
2687,Nebraska,2022-07-10,63630442.0,68693042.0,62018499.0,38259833.0,7,27,3,2022,0
4407,Nebraska,2022-07-17,63405634.0,63630442.0,61734864.0,39207616.0,7,28,3,2022,0
6256,Nebraska,2022-07-24,62820540.0,63405634.0,64149691.0,55591360.0,7,29,3,2022,0
8019,Nebraska,2022-07-31,62361079.0,62820540.0,63555288.0,52721053.0,7,30,3,2022,0
2472,Nebraska,2022-08-07,64972563.0,62361079.0,64947062.0,52843541.0,8,31,3,2022,0
3676,Nebraska,2022-08-14,63717536.0,64972563.0,64803843.0,53150979.0,8,32,3,2022,0
5525,Nebraska,2022-08-21,62001822.0,63717536.0,68693042.0,51763722.0,8,33,3,2022,0
7374,Nebraska,2022-08-28,62691105.0,62001822.0,63630442.0,52701276.0,8,34,3,2022,0
2214,Nebraska,2022-09-04,63642685.0,62691105.0,63405634.0,54027199.0,9,35,3,2022,0
2730,Nebraska,2022-09-11,62012249.0,63642685.0,62820540.0,53101321.0,9,36,3,2022,0
4622,Nebraska,2022-09-18,61544262.0,62012249.0,62361079.0,52975864.0,9,37,3,2022,0
6471,Nebraska,2022-09-25,59888531.0,61544262.0,64972563.0,53752358.0,9,38,3,2022,0
2085,Nebraska,2022-10-02,59902191.0,59888531.0,63717536.0,57269771.0,10,39,4,2022,0
2601,Nebraska,2022-10-09,60631555.0,59902191.0,62001822.0,56276418.0,10,40,4,2022,0
4235,Nebraska,2022-10-16,58606007.0,60631555.0,62691105.0,56673575.0,10,41,4,2022,0
6084,Nebraska,2022-10-23,58055609.0,58606007.0,63642685.0,55527165.0,10,42,4,2022,0
7890,Nebraska,2022-10-30,56993638.0,58055609.0,62012249.0,59837590.0,10,43,4,2022,0
2429,Nebraska,2022-11-06,58864878.0,56993638.0,61544262.0,58445989.0,11,44,4,2022,0
3461,Nebraska,2022-11-13,57836379.0,58864878.0,59888531.0,60373972.0,11,45,4,2022,0
5310,Nebraska,2022-11-20,59455635.0,57836379.0,59902191.0,57413627.0,11,46,4,2022,0
7159,Nebraska,2022-11-27,57463118.0,59455635.0,60631555.0,60761867.0,11,47,4,2022,0
2257,Nebraska,2022-12-04,56644525.0,57463118.0,58606007.0,59652654.0,12,48,4,2022,0
2773,Nebraska,2022-12-11,58180609.0,56644525.0,58055609.0,62192915.0,12,49,4,2022,0
4708,Nebraska,2022-12-18,60849963.0,58180609.0,56993638.0,62018499.0,12,50,4,2022,0
6557,Nebraska,2022-12-25,61161806.0,60849963.0,58864878.0,61734864.0,12,51,4,2022,0
2859,Nebraska,2023-01-01,54783969.0,61161806.0,57836379.0,64149691.0,1,52,1,2023,0
3074,Nebraska,2023-01-08,55025910.0,54783969.0,59455635.0,63555288.0,1,1,1,2023,0
3762,Nebraska,2023-01-15,56199887.0,55025910.0,57463118.0,64947062.0,1,2,1,2023,0
5611,Nebraska,2023-01-22,54665878.0,56199887.0,56644525.0,64803843.0,1,3,1,2023,0
7460,Nebraska,2023-01-29,56352510.0,54665878.0,58180609.0,68693042.0,1,4,1,2023,0
2945,Nebraska,2023-02-05,57387680.0,56352510.0,60849963.0,63630442.0,2,5,1,2023,0
3160,Nebraska,2023-02-12,59413146.0,57387680.0,61161806.0,63405634.0,2,6,1,2023,0
4794,Nebraska,2023-02-19,56849362.0,59413146.0,54783969.0,62820540.0,2,7,1,2023,0
6643,Nebraska,2023-02-26,57354969.0,56849362.0,55025910.0,62361079.0,2,8,1,2023,0
2988,Nebraska,2023-03-05,62690153.0,57354969.0,56199887.0,64972563.0,3,9,1,2023,0
3203,Nebraska,2023-03-12,63087624.0,62690153.0,54665878.0,63717536.0,3,10,1,2023,0
4837,Nebraska,2023-03-19,61751231.0,63087624.0,56352510.0,62001822.0,3,11,1,2023,0
6686,Nebraska,2023-03-26,58216656.0,61751231.0,57387680.0,62691105.0,3,12,1,2023,0
2902,Nebraska,2023-04-02,61436801.0,58216656.0,59413146.0,63642685.0,4,13,2,2023,0
3117,Nebraska,2023-04-09,65159258.0,61436801.0,56849362.0,62012249.0,4,14,2,2023,0
4106,Nebraska,2023-04-16,63190843.0,65159258.0,57354969.0,61544262.0,4,15,2,2023,0
5955,Nebraska,2023-04-23,63119163.0,63190843.0,62690153.0,59888531.0,4,16,2,2023,0
7761,Nebraska,2023-04-30,64836582.0,63119163.0,63087624.0,59902191.0,4,17,2,2023,0
3031,Nebraska,2023-05-07,66219089.0,64836582.0,61751231.0,60631555.0,5,18,2,2023,0
108,Nevada,2019-10-06,59598259.0,66219089.0,58216656.0,58606007.0,10,40,4,2019,0
3419,Nevada,2019-10-13,56865241.0,59598259.0,61436801.0,58055609.0,10,41,4,2019,0
5268,Nevada,2019-10-20,55655905.0,56865241.0,65159258.0,56993638.0,10,42,4,2019,0
7117,Nevada,2019-10-27,55435695.0,55655905.0,63190843.0,58864878.0,10,43,4,2019,0
65,Nevada,2019-11-03,55645617.0,55435695.0,63119163.0,57836379.0,11,44,4,2019,0
194,Nevada,2019-11-10,56627804.0,55645617.0,64836582.0,59455635.0,11,45,4,2019,0
4494,Nevada,2019-11-17,55198522.0,56627804.0,66219089.0,57463118.0,11,46,4,2019,0
6343,Nevada,2019-11-24,53734862.0,55198522.0,59598259.0,56644525.0,11,47,4,2019,0
22,Nevada,2019-12-01,51173890.0,53734862.0,56865241.0,58180609.0,12,48,4,2019,0
151,Nevada,2019-12-08,51787525.0,51173890.0,55655905.0,60849963.0,12,49,4,2019,0
3978,Nevada,2019-12-15,52516064.0,51787525.0,55435695.0,61161806.0,12,50,4,2019,0
5827,Nevada,2019-12-22,54479450.0,52516064.0,55645617.0,54783969.0,12,51,4,2019,0
7676,Nevada,2019-12-29,51213464.0,54479450.0,56627804.0,55025910.0,12,52,4,2019,0
495,Nevada,2020-01-05,54213053.0,51213464.0,55198522.0,56199887.0,1,1,1,2020,0
1011,Nevada,2020-01-12,52250331.0,54213053.0,53734862.0,54665878.0,1,2,1,2020,0
4752,Nevada,2020-01-19,51146176.0,52250331.0,51173890.0,56352510.0,1,3,1,2020,0
6601,Nevada,2020-01-26,52519403.0,51146176.0,51787525.0,57387680.0,1,4,1,2020,0
323,Nevada,2020-02-02,53906524.0,52519403.0,52516064.0,59413146.0,2,5,1,2020,0
839,Nevada,2020-02-09,51924422.0,53906524.0,54479450.0,56849362.0,2,6,1,2020,0
4064,Nevada,2020-02-16,51464698.0,51924422.0,51213464.0,57354969.0,2,7,1,2020,0
5913,Nevada,2020-02-23,51884021.0,51464698.0,54213053.0,62690153.0,2,8,1,2020,0
237,Nevada,2020-03-01,57088407.0,51884021.0,52250331.0,63087624.0,3,9,1,2020,0
753,Nevada,2020-03-08,60574985.0,57088407.0,51146176.0,61751231.0,3,10,1,2020,0
3806,Nevada,2020-03-15,66151206.0,60574985.0,52519403.0,58216656.0,3,11,1,2020,0
5655,Nevada,2020-03-22,61176731.0,66151206.0,53906524.0,61436801.0,3,12,1,2020,0
7504,Nevada,2020-03-29,53269143.0,61176731.0,51924422.0,65159258.0,3,13,1,2020,0
538,Nevada,2020-04-05,58613629.0,53269143.0,51464698.0,63190843.0,4,14,2,2020,0
1054,Nevada,2020-04-12,55733782.0,58613629.0,51884021.0,63119163.0,4,15,2,2020,0
4881,Nevada,2020-04-19,57376305.0,55733782.0,57088407.0,64836582.0,4,16,2,2020,0
6730,Nevada,2020-04-26,59408863.0,57376305.0,60574985.0,66219089.0,4,17,2,2020,0
409,Nevada,2020-05-03,64109292.0,59408863.0,66151206.0,59598259.0,5,18,2,2020,0
925,Nevada,2020-05-10,63097298.0,64109292.0,61176731.0,56865241.0,5,19,2,2020,0
4365,Nevada,2020-05-17,61020764.0,63097298.0,53269143.0,55655905.0,5,20,2,2020,0
6214,Nevada,2020-05-24,60459076.0,61020764.0,58613629.0,55435695.0,5,21,2,2020,0
7977,Nevada,2020-05-31,61455634.0,60459076.0,55733782.0,55645617.0,5,22,2,2020,0
710,Nevada,2020-06-07,65003756.0,61455634.0,57376305.0,56627804.0,6,23,2,2020,0
3634,Nevada,2020-06-14,63360793.0,65003756.0,59408863.0,55198522.0,6,24,2,2020,0
5483,Nevada,2020-06-21,63040337.0,63360793.0,64109292.0,53734862.0,6,25,2,2020,0
7332,Nevada,2020-06-28,64796347.0,63040337.0,63097298.0,51173890.0,6,26,2,2020,0
581,Nevada,2020-07-05,68944055.0,64796347.0,61020764.0,51787525.0,7,27,3,2020,0
1097,Nevada,2020-07-12,66813756.0,68944055.0,60459076.0,52516064.0,7,28,3,2020,0
4967,Nevada,2020-07-19,66949515.0,66813756.0,61455634.0,54479450.0,7,29,3,2020,0
6816,Nevada,2020-07-26,65194969.0,66949515.0,65003756.0,51213464.0,7,30,3,2020,0
366,Nevada,2020-08-02,66665727.0,65194969.0,63360793.0,54213053.0,8,31,3,2020,0
882,Nevada,2020-08-09,67504943.0,66665727.0,63040337.0,52250331.0,8,32,3,2020,0
4193,Nevada,2020-08-16,68326381.0,67504943.0,64796347.0,51146176.0,8,33,3,2020,0
6042,Nevada,2020-08-23,66356210.0,68326381.0,68944055.0,52519403.0,8,34,3,2020,0
7848,Nevada,2020-08-30,66872973.0,66356210.0,66813756.0,53906524.0,8,35,3,2020,0
624,Nevada,2020-09-06,68051245.0,66872973.0,66949515.0,51924422.0,9,36,3,2020,0
3376,Nevada,2020-09-13,63647744.0,68051245.0,65194969.0,51464698.0,9,37,3,2020,0
5225,Nevada,2020-09-20,62159597.0,63647744.0,66665727.0,51884021.0,9,38,3,2020,0
7074,Nevada,2020-09-27,61668977.0,62159597.0,67504943.0,57088407.0,9,39,3,2020,0
452,Nevada,2020-10-04,61749107.0,61668977.0,68326381.0,60574985.0,10,40,4,2020,0
968,Nevada,2020-10-11,62092755.0,61749107.0,66356210.0,66151206.0,10,41,4,2020,0
4666,Nevada,2020-10-18,60246781.0,62092755.0,66872973.0,61176731.0,10,42,4,2020,0
6515,Nevada,2020-10-25,58891009.0,60246781.0,68051245.0,53269143.0,10,43,4,2020,0
280,Nevada,2020-11-01,57755197.0,58891009.0,63647744.0,58613629.0,11,44,4,2020,0
796,Nevada,2020-11-08,60594594.0,57755197.0,62159597.0,55733782.0,11,45,4,2020,0
3935,Nevada,2020-11-15,58025126.0,60594594.0,61668977.0,57376305.0,11,46,4,2020,0
5784,Nevada,2020-11-22,58341572.0,58025126.0,61749107.0,59408863.0,11,47,4,2020,0
7633,Nevada,2020-11-29,53400289.0,58341572.0,62092755.0,64109292.0,11,48,4,2020,0
667,Nevada,2020-12-06,53808329.0,53400289.0,60246781.0,63097298.0,12,49,4,2020,0
3505,Nevada,2020-12-13,55848431.0,53808329.0,58891009.0,61020764.0,12,50,4,2020,0
5354,Nevada,2020-12-20,55959938.0,55848431.0,57755197.0,60459076.0,12,51,4,2020,0
7203,Nevada,2020-12-27,53278907.0,55959938.0,60594594.0,61455634.0,12,52,4,2020,0
1226,Nevada,2021-01-03,56399456.0,53278907.0,58025126.0,65003756.0,1,53,1,2021,0
1742,Nevada,2021-01-10,56092416.0,56399456.0,58341572.0,63360793.0,1,1,1,2021,0
4279,Nevada,2021-01-17,55590850.0,56092416.0,53400289.0,63040337.0,1,2,1,2021,0
6128,Nevada,2021-01-24,54377456.0,55590850.0,53808329.0,64796347.0,1,3,1,2021,0
7934,Nevada,2021-01-31,54141629.0,54377456.0,55848431.0,68944055.0,1,4,1,2021,0
1527,Nevada,2021-02-07,57507947.0,54141629.0,55959938.0,66813756.0,2,5,1,2021,0
3548,Nevada,2021-02-14,57221258.0,57507947.0,53278907.0,66949515.0,2,6,1,2021,0
5397,Nevada,2021-02-21,56002332.0,57221258.0,56399456.0,65194969.0,2,7,1,2021,0
7246,Nevada,2021-02-28,57822290.0,56002332.0,56092416.0,66665727.0,2,8,1,2021,0
1570,Nevada,2021-03-07,63998928.0,57822290.0,55590850.0,67504943.0,3,9,1,2021,0
3591,Nevada,2021-03-14,69168470.0,63998928.0,54377456.0,68326381.0,3,10,1,2021,0
5440,Nevada,2021-03-21,64935937.0,69168470.0,54141629.0,66356210.0,3,11,1,2021,0
7289,Nevada,2021-03-28,55694462.0,64935937.0,57507947.0,66872973.0,3,12,1,2021,0
1312,Nevada,2021-04-04,62557191.0,55694462.0,57221258.0,68051245.0,4,13,2,2021,0
1828,Nevada,2021-04-11,62246843.0,62557191.0,56002332.0,63647744.0,4,14,2,2021,0
4537,Nevada,2021-04-18,61428869.0,62246843.0,57822290.0,62159597.0,4,15,2,2021,0
6386,Nevada,2021-04-25,63278448.0,61428869.0,63998928.0,61668977.0,4,16,2,2021,0
1183,Nevada,2021-05-02,66299297.0,63278448.0,69168470.0,61749107.0,5,17,2,2021,0
1699,Nevada,2021-05-09,68671167.0,66299297.0,64935937.0,62092755.0,5,18,2,2021,0
4150,Nevada,2021-05-16,66682846.0,68671167.0,55694462.0,60246781.0,5,19,2,2021,0
5999,Nevada,2021-05-23,66098473.0,66682846.0,62557191.0,58891009.0,5,20,2,2021,0
7805,Nevada,2021-05-30,68088692.0,66098473.0,62246843.0,57755197.0,5,21,2,2021,0
1484,Nevada,2021-06-06,70028862.0,68088692.0,61428869.0,60594594.0,6,22,2,2021,0
3333,Nevada,2021-06-13,67859295.0,70028862.0,63278448.0,58025126.0,6,23,2,2021,0
5182,Nevada,2021-06-20,71300167.0,67859295.0,66299297.0,58341572.0,6,24,2,2021,0
7031,Nevada,2021-06-27,70658003.0,71300167.0,68671167.0,53400289.0,6,25,2,2021,0
1355,Nevada,2021-07-04,73900787.0,70658003.0,66682846.0,53808329.0,7,26,3,2021,0
1871,Nevada,2021-07-11,73101283.0,73900787.0,66098473.0,55848431.0,7,27,3,2021,0
4580,Nevada,2021-07-18,73060444.0,73101283.0,68088692.0,55959938.0,7,28,3,2021,0
6429,Nevada,2021-07-25,70156233.0,73060444.0,70028862.0,53278907.0,7,29,3,2021,0
1140,Nevada,2021-08-01,69338528.0,70156233.0,67859295.0,56399456.0,8,30,3,2021,0
1656,Nevada,2021-08-08,72793873.0,69338528.0,71300167.0,56092416.0,8,31,3,2021,0
3892,Nevada,2021-08-15,73839067.0,72793873.0,70658003.0,55590850.0,8,32,3,2021,0
5741,Nevada,2021-08-22,71018291.0,73839067.0,73900787.0,54377456.0,8,33,3,2021,0
7590,Nevada,2021-08-29,69929214.0,71018291.0,73101283.0,54141629.0,8,34,3,2021,0
1398,Nevada,2021-09-05,72111711.0,69929214.0,73060444.0,57507947.0,9,35,3,2021,0
1914,Nevada,2021-09-12,70009887.0,72111711.0,70156233.0,57221258.0,9,36,3,2021,0
5010,Nevada,2021-09-19,69517287.0,70009887.0,69338528.0,56002332.0,9,37,3,2021,0
6859,Nevada,2021-09-26,68281705.0,69517287.0,72793873.0,57822290.0,9,38,3,2021,0
1269,Nevada,2021-10-03,97454406.0,68281705.0,73839067.0,63998928.0,10,39,4,2021,0
1785,Nevada,2021-10-10,94869756.0,97454406.0,71018291.0,69168470.0,10,40,4,2021,0
4451,Nevada,2021-10-17,92490701.0,94869756.0,69929214.0,64935937.0,10,41,4,2021,0
6300,Nevada,2021-10-24,92985096.0,92490701.0,72111711.0,55694462.0,10,42,4,2021,0
8063,Nevada,2021-10-31,93071769.0,92985096.0,70009887.0,62557191.0,10,43,4,2021,0
1613,Nevada,2021-11-07,92345973.0,93071769.0,69517287.0,62246843.0,11,44,4,2021,0
3720,Nevada,2021-11-14,92148151.0,92345973.0,68281705.0,61428869.0,11,45,4,2021,0
5569,Nevada,2021-11-21,91842417.0,92148151.0,97454406.0,63278448.0,11,46,4,2021,0
7418,Nevada,2021-11-28,84566191.0,91842417.0,94869756.0,66299297.0,11,47,4,2021,0
1441,Nevada,2021-12-05,85728485.0,84566191.0,92490701.0,68671167.0,12,48,4,2021,0
1957,Nevada,2021-12-12,87269917.0,85728485.0,92985096.0,66682846.0,12,49,4,2021,0
5053,Nevada,2021-12-19,87815423.0,87269917.0,93071769.0,66098473.0,12,50,4,2021,0
6902,Nevada,2021-12-26,85598096.0,87815423.0,92345973.0,68088692.0,12,51,4,2021,0
2043,Nevada,2022-01-02,87627145.0,85598096.0,92148151.0,70028862.0,1,52,1,2022,0
2559,Nevada,2022-01-09,86588437.0,87627145.0,91842417.0,67859295.0,1,1,1,2022,0
4021,Nevada,2022-01-16,87498306.0,86588437.0,84566191.0,71300167.0,1,2,1,2022,0
5870,Nevada,2022-01-23,85908588.0,87498306.0,85728485.0,70658003.0,1,3,1,2022,0
7719,Nevada,2022-01-30,84537714.0,85908588.0,87269917.0,73900787.0,1,4,1,2022,0
2344,Nevada,2022-02-06,86356797.0,84537714.0,87815423.0,73101283.0,2,5,1,2022,0
3247,Nevada,2022-02-13,88624513.0,86356797.0,85598096.0,73060444.0,2,6,1,2022,0
5096,Nevada,2022-02-20,86424096.0,88624513.0,87627145.0,70156233.0,2,7,1,2022,0
6945,Nevada,2022-02-27,89601702.0,86424096.0,86588437.0,69338528.0,2,8,1,2022,0
2387,Nevada,2022-03-06,92054046.0,89601702.0,87498306.0,72793873.0,3,9,1,2022,0
3290,Nevada,2022-03-13,91322776.0,92054046.0,85908588.0,73839067.0,3,10,1,2022,0
5139,Nevada,2022-03-20,94353742.0,91322776.0,84537714.0,71018291.0,3,11,1,2022,0
6988,Nevada,2022-03-27,95719422.0,94353742.0,86356797.0,69929214.0,3,12,1,2022,0
2129,Nevada,2022-04-03,100330711.0,95719422.0,88624513.0,72111711.0,4,13,2,2022,0
2645,Nevada,2022-04-10,100096904.0,100330711.0,86424096.0,70009887.0,4,14,2,2022,0
4322,Nevada,2022-04-17,99486368.0,100096904.0,89601702.0,69517287.0,4,15,2,2022,0
6171,Nevada,2022-04-24,97881485.0,99486368.0,92054046.0,68281705.0,4,16,2,2022,0
2000,Nevada,2022-05-01,100373381.0,97881485.0,91322776.0,97454406.0,5,17,2,2022,0
2516,Nevada,2022-05-08,102374030.0,100373381.0,94353742.0,94869756.0,5,18,2,2022,0
3849,Nevada,2022-05-15,102195108.0,102374030.0,95719422.0,92490701.0,5,19,2,2022,0
5698,Nevada,2022-05-22,102231901.0,102195108.0,100330711.0,92985096.0,5,20,2,2022,0
7547,Nevada,2022-05-29,104453182.0,102231901.0,100096904.0,93071769.0,5,21,2,2022,0
2301,Nevada,2022-06-05,107451031.0,104453182.0,99486368.0,92345973.0,6,22,2,2022,0
2817,Nevada,2022-06-12,108401002.0,107451031.0,97881485.0,92148151.0,6,23,2,2022,0
4924,Nevada,2022-06-19,107987659.0,108401002.0,100373381.0,91842417.0,6,24,2,2022,0
6773,Nevada,2022-06-26,104905199.0,107987659.0,102374030.0,84566191.0,6,25,2,2022,0
2172,Nevada,2022-07-03,113337636.0,104905199.0,102195108.0,85728485.0,7,26,3,2022,0
2688,Nevada,2022-07-10,110690505.0,113337636.0,102231901.0,87269917.0,7,27,3,2022,0
4408,Nevada,2022-07-17,111229610.0,110690505.0,104453182.0,87815423.0,7,28,3,2022,0
6257,Nevada,2022-07-24,107725767.0,111229610.0,107451031.0,85598096.0,7,29,3,2022,0
8020,Nevada,2022-07-31,105182079.0,107725767.0,108401002.0,87627145.0,7,30,3,2022,0
2473,Nevada,2022-08-07,109684428.0,105182079.0,107987659.0,86588437.0,8,31,3,2022,0
3677,Nevada,2022-08-14,111445680.0,109684428.0,104905199.0,87498306.0,8,32,3,2022,0
5526,Nevada,2022-08-21,107279199.0,111445680.0,113337636.0,85908588.0,8,33,3,2022,0
7375,Nevada,2022-08-28,108306289.0,107279199.0,110690505.0,84537714.0,8,34,3,2022,0
2215,Nevada,2022-09-04,110622906.0,108306289.0,111229610.0,86356797.0,9,35,3,2022,0
2731,Nevada,2022-09-11,107655422.0,110622906.0,107725767.0,88624513.0,9,36,3,2022,0
4623,Nevada,2022-09-18,102953859.0,107655422.0,105182079.0,86424096.0,9,37,3,2022,0
6472,Nevada,2022-09-25,100958965.0,102953859.0,109684428.0,89601702.0,9,38,3,2022,0
2086,Nevada,2022-10-02,100964519.0,100958965.0,111445680.0,92054046.0,10,39,4,2022,0
2602,Nevada,2022-10-09,102194629.0,100964519.0,107279199.0,91322776.0,10,40,4,2022,0
4236,Nevada,2022-10-16,100996830.0,102194629.0,108306289.0,94353742.0,10,41,4,2022,0
6085,Nevada,2022-10-23,99022283.0,100996830.0,110622906.0,95719422.0,10,42,4,2022,0
7891,Nevada,2022-10-30,95957195.0,99022283.0,107655422.0,100330711.0,10,43,4,2022,0
2430,Nevada,2022-11-06,97736557.0,95957195.0,102953859.0,100096904.0,11,44,4,2022,0
3462,Nevada,2022-11-13,97492295.0,97736557.0,100958965.0,99486368.0,11,45,4,2022,0
5311,Nevada,2022-11-20,96374656.0,97492295.0,100964519.0,97881485.0,11,46,4,2022,0
7160,Nevada,2022-11-27,91839129.0,96374656.0,102194629.0,100373381.0,11,47,4,2022,0
2258,Nevada,2022-12-04,91020179.0,91839129.0,100996830.0,102374030.0,12,48,4,2022,0
2774,Nevada,2022-12-11,93177556.0,91020179.0,99022283.0,102195108.0,12,49,4,2022,0
4709,Nevada,2022-12-18,93810022.0,93177556.0,95957195.0,102231901.0,12,50,4,2022,0
6558,Nevada,2022-12-25,94688707.0,93810022.0,97736557.0,104453182.0,12,51,4,2022,0
2860,Nevada,2023-01-01,90694672.0,94688707.0,97492295.0,107451031.0,1,52,1,2023,0
3075,Nevada,2023-01-08,90884399.0,90694672.0,96374656.0,108401002.0,1,1,1,2023,0
3763,Nevada,2023-01-15,91963891.0,90884399.0,91839129.0,107987659.0,1,2,1,2023,0
5612,Nevada,2023-01-22,90952640.0,91963891.0,91020179.0,104905199.0,1,3,1,2023,0
7461,Nevada,2023-01-29,90204647.0,90952640.0,93177556.0,113337636.0,1,4,1,2023,0
2946,Nevada,2023-02-05,92129655.0,90204647.0,93810022.0,110690505.0,2,5,1,2023,0
3161,Nevada,2023-02-12,96722302.0,92129655.0,94688707.0,111229610.0,2,6,1,2023,0
4795,Nevada,2023-02-19,94316073.0,96722302.0,90694672.0,107725767.0,2,7,1,2023,0
6644,Nevada,2023-02-26,93720961.0,94316073.0,90884399.0,105182079.0,2,8,1,2023,0
2989,Nevada,2023-03-05,100941906.0,93720961.0,91963891.0,109684428.0,3,9,1,2023,0
3204,Nevada,2023-03-12,108721285.0,100941906.0,90952640.0,111445680.0,3,10,1,2023,0
4838,Nevada,2023-03-19,103271404.0,108721285.0,90204647.0,107279199.0,3,11,1,2023,0
6687,Nevada,2023-03-26,93906382.0,103271404.0,92129655.0,108306289.0,3,12,1,2023,0
2903,Nevada,2023-04-02,98266678.0,93906382.0,96722302.0,110622906.0,4,13,2,2023,0
3118,Nevada,2023-04-09,102562118.0,98266678.0,94316073.0,107655422.0,4,14,2,2023,0
4107,Nevada,2023-04-16,101828070.0,102562118.0,93720961.0,102953859.0,4,15,2,2023,0
5956,Nevada,2023-04-23,101025635.0,101828070.0,100941906.0,100958965.0,4,16,2,2023,0
7762,Nevada,2023-04-30,107343566.0,101025635.0,108721285.0,100964519.0,4,17,2,2023,0
3032,Nevada,2023-05-07,109269132.0,107343566.0,103271404.0,102194629.0,5,18,2,2023,0
109,New Hampshire,2019-10-06,30388827.0,109269132.0,93906382.0,100996830.0,10,40,4,2019,0
3420,New Hampshire,2019-10-13,30666339.0,30388827.0,98266678.0,99022283.0,10,41,4,2019,0
5269,New Hampshire,2019-10-20,29490225.0,30666339.0,102562118.0,95957195.0,10,42,4,2019,0
7118,New Hampshire,2019-10-27,29239812.0,29490225.0,101828070.0,97736557.0,10,43,4,2019,0
66,New Hampshire,2019-11-03,29026634.0,29239812.0,101025635.0,97492295.0,11,44,4,2019,0
195,New Hampshire,2019-11-10,29727550.0,29026634.0,107343566.0,96374656.0,11,45,4,2019,0
4495,New Hampshire,2019-11-17,29354792.0,29727550.0,109269132.0,91839129.0,11,46,4,2019,0
6344,New Hampshire,2019-11-24,30142040.0,29354792.0,30388827.0,91020179.0,11,47,4,2019,0
23,New Hampshire,2019-12-01,30014723.0,30142040.0,30666339.0,93177556.0,12,48,4,2019,0
152,New Hampshire,2019-12-08,29272283.0,30014723.0,29490225.0,93810022.0,12,49,4,2019,0
3979,New Hampshire,2019-12-15,30115314.0,29272283.0,29239812.0,94688707.0,12,50,4,2019,0
5828,New Hampshire,2019-12-22,32255625.0,30115314.0,29026634.0,90694672.0,12,51,4,2019,0
7677,New Hampshire,2019-12-29,30736142.0,32255625.0,29727550.0,90884399.0,12,52,4,2019,0
496,New Hampshire,2020-01-05,30026949.0,30736142.0,29354792.0,91963891.0,1,1,1,2020,0
1012,New Hampshire,2020-01-12,28974786.0,30026949.0,30142040.0,90952640.0,1,2,1,2020,0
4753,New Hampshire,2020-01-19,31135066.0,28974786.0,30014723.0,90204647.0,1,3,1,2020,0
6602,New Hampshire,2020-01-26,27847797.0,31135066.0,29272283.0,92129655.0,1,4,1,2020,0
324,New Hampshire,2020-02-02,29896449.0,27847797.0,30115314.0,96722302.0,2,5,1,2020,0
840,New Hampshire,2020-02-09,29766584.0,29896449.0,32255625.0,94316073.0,2,6,1,2020,0
4065,New Hampshire,2020-02-16,29302521.0,29766584.0,30736142.0,93720961.0,2,7,1,2020,0
5914,New Hampshire,2020-02-23,30183516.0,29302521.0,30026949.0,100941906.0,2,8,1,2020,0
238,New Hampshire,2020-03-01,29922102.0,30183516.0,28974786.0,108721285.0,3,9,1,2020,0
754,New Hampshire,2020-03-08,32353977.0,29922102.0,31135066.0,103271404.0,3,10,1,2020,0
3807,New Hampshire,2020-03-15,35697445.0,32353977.0,27847797.0,93906382.0,3,11,1,2020,0
5656,New Hampshire,2020-03-22,35486245.0,35697445.0,29896449.0,98266678.0,3,12,1,2020,0
7505,New Hampshire,2020-03-29,30528128.0,35486245.0,29766584.0,102562118.0,3,13,1,2020,0
539,New Hampshire,2020-04-05,30876075.0,30528128.0,29302521.0,101828070.0,4,14,2,2020,0
1055,New Hampshire,2020-04-12,31487081.0,30876075.0,30183516.0,101025635.0,4,15,2,2020,0
4882,New Hampshire,2020-04-19,32103743.0,31487081.0,29922102.0,107343566.0,4,16,2,2020,0
6731,New Hampshire,2020-04-26,30844385.0,32103743.0,32353977.0,109269132.0,4,17,2,2020,0
410,New Hampshire,2020-05-03,32853085.0,30844385.0,35697445.0,30388827.0,5,18,2,2020,0
926,New Hampshire,2020-05-10,34666000.0,32853085.0,35486245.0,30666339.0,5,19,2,2020,0
4366,New Hampshire,2020-05-17,34103279.0,34666000.0,30528128.0,29490225.0,5,20,2,2020,0
6215,New Hampshire,2020-05-24,37866615.0,34103279.0,30876075.0,29239812.0,5,21,2,2020,0
7978,New Hampshire,2020-05-31,37102777.0,37866615.0,31487081.0,29026634.0,5,22,2,2020,0
711,New Hampshire,2020-06-07,37226621.0,37102777.0,32103743.0,29727550.0,6,23,2,2020,0
3635,New Hampshire,2020-06-14,37318376.0,37226621.0,30844385.0,29354792.0,6,24,2,2020,0
5484,New Hampshire,2020-06-21,38284287.0,37318376.0,32853085.0,30142040.0,6,25,2,2020,0
7333,New Hampshire,2020-06-28,38520872.0,38284287.0,34666000.0,30014723.0,6,26,2,2020,0
582,New Hampshire,2020-07-05,41509380.0,38520872.0,34103279.0,29272283.0,7,27,3,2020,0
1098,New Hampshire,2020-07-12,38339929.0,41509380.0,37866615.0,30115314.0,7,28,3,2020,0
4968,New Hampshire,2020-07-19,38178048.0,38339929.0,37102777.0,32255625.0,7,29,3,2020,0
6817,New Hampshire,2020-07-26,37873622.0,38178048.0,37226621.0,30736142.0,7,30,3,2020,0
367,New Hampshire,2020-08-02,39238217.0,37873622.0,37318376.0,30026949.0,8,31,3,2020,0
883,New Hampshire,2020-08-09,38399975.0,39238217.0,38284287.0,28974786.0,8,32,3,2020,0
4194,New Hampshire,2020-08-16,37820712.0,38399975.0,38520872.0,31135066.0,8,33,3,2020,0
6043,New Hampshire,2020-08-23,36552859.0,37820712.0,41509380.0,27847797.0,8,34,3,2020,0
7849,New Hampshire,2020-08-30,35836629.0,36552859.0,38339929.0,29896449.0,8,35,3,2020,0
625,New Hampshire,2020-09-06,34774832.0,35836629.0,38178048.0,29766584.0,9,36,3,2020,0
3377,New Hampshire,2020-09-13,33724398.0,34774832.0,37873622.0,29302521.0,9,37,3,2020,0
5226,New Hampshire,2020-09-20,33158475.0,33724398.0,39238217.0,30183516.0,9,38,3,2020,0
7075,New Hampshire,2020-09-27,33508107.0,33158475.0,38399975.0,29922102.0,9,39,3,2020,0
453,New Hampshire,2020-10-04,32924901.0,33508107.0,37820712.0,32353977.0,10,40,4,2020,0
969,New Hampshire,2020-10-11,33001664.0,32924901.0,36552859.0,35697445.0,10,41,4,2020,0
4667,New Hampshire,2020-10-18,32058522.0,33001664.0,35836629.0,35486245.0,10,42,4,2020,0
6516,New Hampshire,2020-10-25,31626288.0,32058522.0,34774832.0,30528128.0,10,43,4,2020,0
281,New Hampshire,2020-11-01,31051552.0,31626288.0,33724398.0,30876075.0,11,44,4,2020,0
797,New Hampshire,2020-11-08,32060542.0,31051552.0,33158475.0,31487081.0,11,45,4,2020,0
3936,New Hampshire,2020-11-15,32130985.0,32060542.0,33508107.0,32103743.0,11,46,4,2020,0
5785,New Hampshire,2020-11-22,32459420.0,32130985.0,32924901.0,30844385.0,11,47,4,2020,0
7634,New Hampshire,2020-11-29,32125005.0,32459420.0,33001664.0,32853085.0,11,48,4,2020,0
668,New Hampshire,2020-12-06,30924507.0,32125005.0,32058522.0,34666000.0,12,49,4,2020,0
3506,New Hampshire,2020-12-13,31861670.0,30924507.0,31626288.0,34103279.0,12,50,4,2020,0
5355,New Hampshire,2020-12-20,32669917.0,31861670.0,31051552.0,37866615.0,12,51,4,2020,0
7204,New Hampshire,2020-12-27,33244408.0,32669917.0,32060542.0,37102777.0,12,52,4,2020,0
1227,New Hampshire,2021-01-03,31933909.0,33244408.0,32130985.0,37226621.0,1,53,1,2021,0
1743,New Hampshire,2021-01-10,31496746.0,31933909.0,32459420.0,37318376.0,1,1,1,2021,0
4280,New Hampshire,2021-01-17,32167010.0,31496746.0,32125005.0,38284287.0,1,2,1,2021,0
6129,New Hampshire,2021-01-24,31240085.0,32167010.0,30924507.0,38520872.0,1,3,1,2021,0
7935,New Hampshire,2021-01-31,31471486.0,31240085.0,31861670.0,41509380.0,1,4,1,2021,0
1528,New Hampshire,2021-02-07,32211005.0,31471486.0,32669917.0,38339929.0,2,5,1,2021,0
3549,New Hampshire,2021-02-14,31543625.0,32211005.0,33244408.0,38178048.0,2,6,1,2021,0
5398,New Hampshire,2021-02-21,31847487.0,31543625.0,31933909.0,37873622.0,2,7,1,2021,0
7247,New Hampshire,2021-02-28,32073495.0,31847487.0,31496746.0,39238217.0,2,8,1,2021,0
1571,New Hampshire,2021-03-07,34198378.0,32073495.0,32167010.0,38399975.0,3,9,1,2021,0
3592,New Hampshire,2021-03-14,38286894.0,34198378.0,31240085.0,37820712.0,3,10,1,2021,0
5441,New Hampshire,2021-03-21,38079480.0,38286894.0,31471486.0,36552859.0,3,11,1,2021,0
7290,New Hampshire,2021-03-28,33192866.0,38079480.0,32211005.0,35836629.0,3,12,1,2021,0
1313,New Hampshire,2021-04-04,33779494.0,33192866.0,31543625.0,34774832.0,4,13,2,2021,0
1829,New Hampshire,2021-04-11,33666213.0,33779494.0,31847487.0,33724398.0,4,14,2,2021,0
4538,New Hampshire,2021-04-18,33368292.0,33666213.0,32073495.0,33158475.0,4,15,2,2021,0
6387,New Hampshire,2021-04-25,34360725.0,33368292.0,34198378.0,33508107.0,4,16,2,2021,0
1184,New Hampshire,2021-05-02,35119245.0,34360725.0,38286894.0,32924901.0,5,17,2,2021,0
1700,New Hampshire,2021-05-09,36528984.0,35119245.0,38079480.0,33001664.0,5,18,2,2021,0
4151,New Hampshire,2021-05-16,36880947.0,36528984.0,33192866.0,32058522.0,5,19,2,2021,0
6000,New Hampshire,2021-05-23,40747388.0,36880947.0,33779494.0,31626288.0,5,20,2,2021,0
7806,New Hampshire,2021-05-30,40502697.0,40747388.0,33666213.0,31051552.0,5,21,2,2021,0
1485,New Hampshire,2021-06-06,39191943.0,40502697.0,33368292.0,32060542.0,6,22,2,2021,0
3334,New Hampshire,2021-06-13,40628716.0,39191943.0,34360725.0,32130985.0,6,23,2,2021,0
5183,New Hampshire,2021-06-20,41412909.0,40628716.0,35119245.0,32459420.0,6,24,2,2021,0
7032,New Hampshire,2021-06-27,40777134.0,41412909.0,36528984.0,32125005.0,6,25,2,2021,0
1356,New Hampshire,2021-07-04,42298976.0,40777134.0,36880947.0,30924507.0,7,26,3,2021,0
1872,New Hampshire,2021-07-11,39438284.0,42298976.0,40747388.0,31861670.0,7,27,3,2021,0
4581,New Hampshire,2021-07-18,38963245.0,39438284.0,40502697.0,32669917.0,7,28,3,2021,0
6430,New Hampshire,2021-07-25,39836006.0,38963245.0,39191943.0,33244408.0,7,29,3,2021,0
1141,New Hampshire,2021-08-01,40501186.0,39836006.0,40628716.0,31933909.0,8,30,3,2021,0
1657,New Hampshire,2021-08-08,40625628.0,40501186.0,41412909.0,31496746.0,8,31,3,2021,0
3893,New Hampshire,2021-08-15,41839783.0,40625628.0,40777134.0,32167010.0,8,32,3,2021,0
5742,New Hampshire,2021-08-22,39861527.0,41839783.0,42298976.0,31240085.0,8,33,3,2021,0
7591,New Hampshire,2021-08-29,38398796.0,39861527.0,39438284.0,31471486.0,8,34,3,2021,0
1399,New Hampshire,2021-09-05,38045854.0,38398796.0,38963245.0,32211005.0,9,35,3,2021,0
1915,New Hampshire,2021-09-12,37586040.0,38045854.0,39836006.0,31543625.0,9,36,3,2021,0
5011,New Hampshire,2021-09-19,36264701.0,37586040.0,40501186.0,31847487.0,9,37,3,2021,0
6860,New Hampshire,2021-09-26,36027614.0,36264701.0,40625628.0,32073495.0,9,38,3,2021,0
1270,New Hampshire,2021-10-03,50608160.0,36027614.0,41839783.0,34198378.0,10,39,4,2021,0
1786,New Hampshire,2021-10-10,51298673.0,50608160.0,39861527.0,38286894.0,10,40,4,2021,0
4452,New Hampshire,2021-10-17,50137669.0,51298673.0,38398796.0,38079480.0,10,41,4,2021,0
6301,New Hampshire,2021-10-24,49095898.0,50137669.0,38045854.0,33192866.0,10,42,4,2021,0
8064,New Hampshire,2021-10-31,47991923.0,49095898.0,37586040.0,33779494.0,10,43,4,2021,0
1614,New Hampshire,2021-11-07,49261485.0,47991923.0,36264701.0,33666213.0,11,44,4,2021,0
3721,New Hampshire,2021-11-14,50090022.0,49261485.0,36027614.0,33368292.0,11,45,4,2021,0
5570,New Hampshire,2021-11-21,50209311.0,50090022.0,50608160.0,34360725.0,11,46,4,2021,0
7419,New Hampshire,2021-11-28,47449321.0,50209311.0,51298673.0,35119245.0,11,47,4,2021,0
1442,New Hampshire,2021-12-05,48428547.0,47449321.0,50137669.0,36528984.0,12,48,4,2021,0
1958,New Hampshire,2021-12-12,49313003.0,48428547.0,49095898.0,36880947.0,12,49,4,2021,0
5054,New Hampshire,2021-12-19,52082493.0,49313003.0,47991923.0,40747388.0,12,50,4,2021,0
6903,New Hampshire,2021-12-26,50332518.0,52082493.0,49261485.0,40502697.0,12,51,4,2021,0
2044,New Hampshire,2022-01-02,48781954.0,50332518.0,50090022.0,39191943.0,1,52,1,2022,0
2560,New Hampshire,2022-01-09,48107986.0,48781954.0,50209311.0,40628716.0,1,1,1,2022,0
4022,New Hampshire,2022-01-16,50778008.0,48107986.0,47449321.0,41412909.0,1,2,1,2022,0
5871,New Hampshire,2022-01-23,47083638.0,50778008.0,48428547.0,40777134.0,1,3,1,2022,0
7720,New Hampshire,2022-01-30,49473197.0,47083638.0,49313003.0,42298976.0,1,4,1,2022,0
2345,New Hampshire,2022-02-06,48683932.0,49473197.0,52082493.0,39438284.0,2,5,1,2022,0
3248,New Hampshire,2022-02-13,49266745.0,48683932.0,50332518.0,38963245.0,2,6,1,2022,0
5097,New Hampshire,2022-02-20,48294873.0,49266745.0,48781954.0,39836006.0,2,7,1,2022,0
6946,New Hampshire,2022-02-27,48623462.0,48294873.0,48107986.0,40501186.0,2,8,1,2022,0
2388,New Hampshire,2022-03-06,49865291.0,48623462.0,50778008.0,40625628.0,3,9,1,2022,0
3291,New Hampshire,2022-03-13,50181120.0,49865291.0,47083638.0,41839783.0,3,10,1,2022,0
5140,New Hampshire,2022-03-20,50241876.0,50181120.0,49473197.0,39861527.0,3,11,1,2022,0
6989,New Hampshire,2022-03-27,50208272.0,50241876.0,48683932.0,38398796.0,3,12,1,2022,0
2130,New Hampshire,2022-04-03,51722980.0,50208272.0,49266745.0,38045854.0,4,13,2,2022,0
2646,New Hampshire,2022-04-10,51170028.0,51722980.0,48294873.0,37586040.0,4,14,2,2022,0
4323,New Hampshire,2022-04-17,54171549.0,51170028.0,48623462.0,36264701.0,4,15,2,2022,0
6172,New Hampshire,2022-04-24,50093975.0,54171549.0,49865291.0,36027614.0,4,16,2,2022,0
2001,New Hampshire,2022-05-01,52010264.0,50093975.0,50181120.0,50608160.0,5,17,2,2022,0
2517,New Hampshire,2022-05-08,55148843.0,52010264.0,50241876.0,51298673.0,5,18,2,2022,0
3850,New Hampshire,2022-05-15,56179144.0,55148843.0,50208272.0,50137669.0,5,19,2,2022,0
5699,New Hampshire,2022-05-22,60562858.0,56179144.0,51722980.0,49095898.0,5,20,2,2022,0
7548,New Hampshire,2022-05-29,59898217.0,60562858.0,51170028.0,47991923.0,5,21,2,2022,0
2302,New Hampshire,2022-06-05,58539377.0,59898217.0,54171549.0,49261485.0,6,22,2,2022,0
2818,New Hampshire,2022-06-12,61071034.0,58539377.0,50093975.0,50090022.0,6,23,2,2022,0
4925,New Hampshire,2022-06-19,60192376.0,61071034.0,52010264.0,50209311.0,6,24,2,2022,0
6774,New Hampshire,2022-06-26,60473076.0,60192376.0,55148843.0,47449321.0,6,25,2,2022,0
2173,New Hampshire,2022-07-03,66414080.0,60473076.0,56179144.0,48428547.0,7,26,3,2022,0
2689,New Hampshire,2022-07-10,60496429.0,66414080.0,60562858.0,49313003.0,7,27,3,2022,0
4409,New Hampshire,2022-07-17,61159798.0,60496429.0,59898217.0,52082493.0,7,28,3,2022,0
6258,New Hampshire,2022-07-24,61319367.0,61159798.0,58539377.0,50332518.0,7,29,3,2022,0
8021,New Hampshire,2022-07-31,61426229.0,61319367.0,61071034.0,48781954.0,7,30,3,2022,0
2474,New Hampshire,2022-08-07,62601373.0,61426229.0,60192376.0,48107986.0,8,31,3,2022,0
3678,New Hampshire,2022-08-14,61682529.0,62601373.0,60473076.0,50778008.0,8,32,3,2022,0
5527,New Hampshire,2022-08-21,60013247.0,61682529.0,66414080.0,47083638.0,8,33,3,2022,0
7376,New Hampshire,2022-08-28,58858242.0,60013247.0,60496429.0,49473197.0,8,34,3,2022,0
2216,New Hampshire,2022-09-04,57734114.0,58858242.0,61159798.0,48683932.0,9,35,3,2022,0
2732,New Hampshire,2022-09-11,55077631.0,57734114.0,61319367.0,49266745.0,9,36,3,2022,0
4624,New Hampshire,2022-09-18,54738525.0,55077631.0,61426229.0,48294873.0,9,37,3,2022,0
6473,New Hampshire,2022-09-25,53724331.0,54738525.0,62601373.0,48623462.0,9,38,3,2022,0
2087,New Hampshire,2022-10-02,53158297.0,53724331.0,61682529.0,49865291.0,10,39,4,2022,0
2603,New Hampshire,2022-10-09,54403686.0,53158297.0,60013247.0,50181120.0,10,40,4,2022,0
4237,New Hampshire,2022-10-16,53561160.0,54403686.0,58858242.0,50241876.0,10,41,4,2022,0
6086,New Hampshire,2022-10-23,52365557.0,53561160.0,57734114.0,50208272.0,10,42,4,2022,0
7892,New Hampshire,2022-10-30,51488264.0,52365557.0,55077631.0,51722980.0,10,43,4,2022,0
2431,New Hampshire,2022-11-06,52322433.0,51488264.0,54738525.0,51170028.0,11,44,4,2022,0
3463,New Hampshire,2022-11-13,52772276.0,52322433.0,53724331.0,54171549.0,11,45,4,2022,0
5312,New Hampshire,2022-11-20,52552324.0,52772276.0,53158297.0,50093975.0,11,46,4,2022,0
7161,New Hampshire,2022-11-27,52622465.0,52552324.0,54403686.0,52010264.0,11,47,4,2022,0
2259,New Hampshire,2022-12-04,49931625.0,52622465.0,53561160.0,55148843.0,12,48,4,2022,0
2775,New Hampshire,2022-12-11,52725450.0,49931625.0,52365557.0,56179144.0,12,49,4,2022,0
4710,New Hampshire,2022-12-18,54150225.0,52725450.0,51488264.0,60562858.0,12,50,4,2022,0
6559,New Hampshire,2022-12-25,57231236.0,54150225.0,52322433.0,59898217.0,12,51,4,2022,0
2861,New Hampshire,2023-01-01,50635755.0,57231236.0,52772276.0,58539377.0,1,52,1,2023,0
3076,New Hampshire,2023-01-08,50573660.0,50635755.0,52552324.0,61071034.0,1,1,1,2023,0
3764,New Hampshire,2023-01-15,51751831.0,50573660.0,52622465.0,60192376.0,1,2,1,2023,0
5613,New Hampshire,2023-01-22,50802224.0,51751831.0,49931625.0,60473076.0,1,3,1,2023,0
7462,New Hampshire,2023-01-29,51809478.0,50802224.0,52725450.0,66414080.0,1,4,1,2023,0
2947,New Hampshire,2023-02-05,50355820.0,51809478.0,54150225.0,60496429.0,2,5,1,2023,0
3162,New Hampshire,2023-02-12,53417136.0,50355820.0,57231236.0,61159798.0,2,6,1,2023,0
4796,New Hampshire,2023-02-19,51575358.0,53417136.0,50635755.0,61319367.0,2,7,1,2023,0
6645,New Hampshire,2023-02-26,51669988.0,51575358.0,50573660.0,61426229.0,2,8,1,2023,0
2990,New Hampshire,2023-03-05,53338540.0,51669988.0,51751831.0,62601373.0,3,9,1,2023,0
3205,New Hampshire,2023-03-12,58632571.0,53338540.0,50802224.0,61682529.0,3,10,1,2023,0
4839,New Hampshire,2023-03-19,57543103.0,58632571.0,51809478.0,60013247.0,3,11,1,2023,0
6688,New Hampshire,2023-03-26,52159634.0,57543103.0,50355820.0,58858242.0,3,12,1,2023,0
2904,New Hampshire,2023-04-02,52166467.0,52159634.0,53417136.0,57734114.0,4,13,2,2023,0
3119,New Hampshire,2023-04-09,56189608.0,52166467.0,51575358.0,55077631.0,4,14,2,2023,0
4108,New Hampshire,2023-04-16,55834718.0,56189608.0,51669988.0,54738525.0,4,15,2,2023,0
5957,New Hampshire,2023-04-23,54460243.0,55834718.0,53338540.0,53724331.0,4,16,2,2023,0
7763,New Hampshire,2023-04-30,55296067.0,54460243.0,58632571.0,53158297.0,4,17,2,2023,0
3033,New Hampshire,2023-05-07,59336660.0,55296067.0,57543103.0,54403686.0,5,18,2,2023,0
110,New Mexico,2019-10-06,40091431.0,59336660.0,52159634.0,53561160.0,10,40,4,2019,0
3421,New Mexico,2019-10-13,38656091.0,40091431.0,52166467.0,52365557.0,10,41,4,2019,0
5270,New Mexico,2019-10-20,37190917.0,38656091.0,56189608.0,51488264.0,10,42,4,2019,0
7119,New Mexico,2019-10-27,35596520.0,37190917.0,55834718.0,52322433.0,10,43,4,2019,0
67,New Mexico,2019-11-03,35945861.0,35596520.0,54460243.0,52772276.0,11,44,4,2019,0
196,New Mexico,2019-11-10,37278450.0,35945861.0,55296067.0,52552324.0,11,45,4,2019,0
4496,New Mexico,2019-11-17,37154366.0,37278450.0,59336660.0,52622465.0,11,46,4,2019,0
6345,New Mexico,2019-11-24,37217286.0,37154366.0,40091431.0,49931625.0,11,47,4,2019,0
24,New Mexico,2019-12-01,34731555.0,37217286.0,38656091.0,52725450.0,12,48,4,2019,0
153,New Mexico,2019-12-08,35952023.0,34731555.0,37190917.0,54150225.0,12,49,4,2019,0
3980,New Mexico,2019-12-15,36401029.0,35952023.0,35596520.0,57231236.0,12,50,4,2019,0
5829,New Mexico,2019-12-22,39343627.0,36401029.0,35945861.0,50635755.0,12,51,4,2019,0
7678,New Mexico,2019-12-29,35439725.0,39343627.0,37278450.0,50573660.0,12,52,4,2019,0
497,New Mexico,2020-01-05,35901902.0,35439725.0,37154366.0,51751831.0,1,1,1,2020,0
1013,New Mexico,2020-01-12,36227966.0,35901902.0,37217286.0,50802224.0,1,2,1,2020,0
4754,New Mexico,2020-01-19,36269989.0,36227966.0,34731555.0,51809478.0,1,3,1,2020,0
6603,New Mexico,2020-01-26,36273269.0,36269989.0,35952023.0,50355820.0,1,4,1,2020,0
325,New Mexico,2020-02-02,37201589.0,36273269.0,36401029.0,53417136.0,2,5,1,2020,0
841,New Mexico,2020-02-09,36835606.0,37201589.0,39343627.0,51575358.0,2,6,1,2020,0
4066,New Mexico,2020-02-16,35944340.0,36835606.0,35439725.0,51669988.0,2,7,1,2020,0
5915,New Mexico,2020-02-23,35819239.0,35944340.0,35901902.0,53338540.0,2,8,1,2020,0
239,New Mexico,2020-03-01,38713023.0,35819239.0,36227966.0,58632571.0,3,9,1,2020,0
755,New Mexico,2020-03-08,41061662.0,38713023.0,36269989.0,57543103.0,3,10,1,2020,0
3808,New Mexico,2020-03-15,46004343.0,41061662.0,36273269.0,52159634.0,3,11,1,2020,0
5657,New Mexico,2020-03-22,42466993.0,46004343.0,37201589.0,52166467.0,3,12,1,2020,0
7506,New Mexico,2020-03-29,38029662.0,42466993.0,36835606.0,56189608.0,3,13,1,2020,0
540,New Mexico,2020-04-05,39913693.0,38029662.0,35944340.0,55834718.0,4,14,2,2020,0
1056,New Mexico,2020-04-12,40991192.0,39913693.0,35819239.0,54460243.0,4,15,2,2020,0
4883,New Mexico,2020-04-19,41407813.0,40991192.0,38713023.0,55296067.0,4,16,2,2020,0
6732,New Mexico,2020-04-26,40566802.0,41407813.0,41061662.0,59336660.0,4,17,2,2020,0
411,New Mexico,2020-05-03,43768993.0,40566802.0,46004343.0,40091431.0,5,18,2,2020,0
927,New Mexico,2020-05-10,44112633.0,43768993.0,42466993.0,38656091.0,5,19,2,2020,0
4367,New Mexico,2020-05-17,43271032.0,44112633.0,38029662.0,37190917.0,5,20,2,2020,0
6216,New Mexico,2020-05-24,44427198.0,43271032.0,39913693.0,35596520.0,5,21,2,2020,0
7979,New Mexico,2020-05-31,42166291.0,44427198.0,40991192.0,35945861.0,5,22,2,2020,0
712,New Mexico,2020-06-07,45905227.0,42166291.0,41407813.0,37278450.0,6,23,2,2020,0
3636,New Mexico,2020-06-14,45999645.0,45905227.0,40566802.0,37154366.0,6,24,2,2020,0
5485,New Mexico,2020-06-21,45995632.0,45999645.0,43768993.0,37217286.0,6,25,2,2020,0
7334,New Mexico,2020-06-28,45735527.0,45995632.0,44112633.0,34731555.0,6,26,2,2020,0
583,New Mexico,2020-07-05,49250336.0,45735527.0,43271032.0,35952023.0,7,27,3,2020,0
1099,New Mexico,2020-07-12,46679633.0,49250336.0,44427198.0,36401029.0,7,28,3,2020,0
4969,New Mexico,2020-07-19,47877363.0,46679633.0,42166291.0,39343627.0,7,29,3,2020,0
6818,New Mexico,2020-07-26,44376192.0,47877363.0,45905227.0,35439725.0,7,30,3,2020,0
368,New Mexico,2020-08-02,45176656.0,44376192.0,45999645.0,35901902.0,8,31,3,2020,0
884,New Mexico,2020-08-09,46628932.0,45176656.0,45995632.0,36227966.0,8,32,3,2020,0
4195,New Mexico,2020-08-16,47534421.0,46628932.0,45735527.0,36269989.0,8,33,3,2020,0
6044,New Mexico,2020-08-23,46196595.0,47534421.0,49250336.0,36273269.0,8,34,3,2020,0
7850,New Mexico,2020-08-30,45094274.0,46196595.0,46679633.0,37201589.0,8,35,3,2020,0
626,New Mexico,2020-09-06,45977001.0,45094274.0,47877363.0,36835606.0,9,36,3,2020,0
3378,New Mexico,2020-09-13,42603289.0,45977001.0,44376192.0,35944340.0,9,37,3,2020,0
5227,New Mexico,2020-09-20,43001755.0,42603289.0,45176656.0,35819239.0,9,38,3,2020,0
7076,New Mexico,2020-09-27,41678895.0,43001755.0,46628932.0,38713023.0,9,39,3,2020,0
454,New Mexico,2020-10-04,42431055.0,41678895.0,47534421.0,41061662.0,10,40,4,2020,0
970,New Mexico,2020-10-11,43505034.0,42431055.0,46196595.0,46004343.0,10,41,4,2020,0
4668,New Mexico,2020-10-18,42993936.0,43505034.0,45094274.0,42466993.0,10,42,4,2020,0
6517,New Mexico,2020-10-25,40888289.0,42993936.0,45977001.0,38029662.0,10,43,4,2020,0
282,New Mexico,2020-11-01,39125374.0,40888289.0,42603289.0,39913693.0,11,44,4,2020,0
798,New Mexico,2020-11-08,40897367.0,39125374.0,43001755.0,40991192.0,11,45,4,2020,0
3937,New Mexico,2020-11-15,41802323.0,40897367.0,41678895.0,41407813.0,11,46,4,2020,0
5786,New Mexico,2020-11-22,41377705.0,41802323.0,42431055.0,40566802.0,11,47,4,2020,0
7635,New Mexico,2020-11-29,36433805.0,41377705.0,43505034.0,43768993.0,11,48,4,2020,0
669,New Mexico,2020-12-06,37379119.0,36433805.0,42993936.0,44112633.0,12,49,4,2020,0
3507,New Mexico,2020-12-13,39015532.0,37379119.0,40888289.0,43271032.0,12,50,4,2020,0
5356,New Mexico,2020-12-20,41418275.0,39015532.0,39125374.0,44427198.0,12,51,4,2020,0
7205,New Mexico,2020-12-27,38397644.0,41418275.0,40897367.0,42166291.0,12,52,4,2020,0
1228,New Mexico,2021-01-03,38562490.0,38397644.0,41802323.0,45905227.0,1,53,1,2021,0
1744,New Mexico,2021-01-10,39597266.0,38562490.0,41377705.0,45999645.0,1,1,1,2021,0
4281,New Mexico,2021-01-17,40053652.0,39597266.0,36433805.0,45995632.0,1,2,1,2021,0
6130,New Mexico,2021-01-24,38188273.0,40053652.0,37379119.0,45735527.0,1,3,1,2021,0
7936,New Mexico,2021-01-31,37947499.0,38188273.0,39015532.0,49250336.0,1,4,1,2021,0
1529,New Mexico,2021-02-07,40691767.0,37947499.0,41418275.0,46679633.0,2,5,1,2021,0
3550,New Mexico,2021-02-14,40163112.0,40691767.0,38397644.0,47877363.0,2,6,1,2021,0
5399,New Mexico,2021-02-21,38223578.0,40163112.0,38562490.0,44376192.0,2,7,1,2021,0
7248,New Mexico,2021-02-28,39600957.0,38223578.0,39597266.0,45176656.0,2,8,1,2021,0
1572,New Mexico,2021-03-07,43224896.0,39600957.0,40053652.0,46628932.0,3,9,1,2021,0
3593,New Mexico,2021-03-14,49556841.0,43224896.0,38188273.0,47534421.0,3,10,1,2021,0
5442,New Mexico,2021-03-21,46714557.0,49556841.0,37947499.0,46196595.0,3,11,1,2021,0
7291,New Mexico,2021-03-28,40996188.0,46714557.0,40691767.0,45094274.0,3,12,1,2021,0
1314,New Mexico,2021-04-04,43942929.0,40996188.0,40163112.0,45977001.0,4,13,2,2021,0
1830,New Mexico,2021-04-11,44895903.0,43942929.0,38223578.0,42603289.0,4,14,2,2021,0
4539,New Mexico,2021-04-18,44962387.0,44895903.0,39600957.0,43001755.0,4,15,2,2021,0
6388,New Mexico,2021-04-25,44677646.0,44962387.0,43224896.0,41678895.0,4,16,2,2021,0
1185,New Mexico,2021-05-02,46213010.0,44677646.0,49556841.0,42431055.0,5,17,2,2021,0
1701,New Mexico,2021-05-09,48904959.0,46213010.0,46714557.0,43505034.0,5,18,2,2021,0
4152,New Mexico,2021-05-16,48205001.0,48904959.0,40996188.0,42993936.0,5,19,2,2021,0
6001,New Mexico,2021-05-23,48657045.0,48205001.0,43942929.0,40888289.0,5,20,2,2021,0
7807,New Mexico,2021-05-30,47681199.0,48657045.0,44895903.0,39125374.0,5,21,2,2021,0
1486,New Mexico,2021-06-06,48442417.0,47681199.0,44962387.0,40897367.0,6,22,2,2021,0
3335,New Mexico,2021-06-13,50541679.0,48442417.0,44677646.0,41802323.0,6,23,2,2021,0
5184,New Mexico,2021-06-20,51622626.0,50541679.0,46213010.0,41377705.0,6,24,2,2021,0
7033,New Mexico,2021-06-27,49736722.0,51622626.0,48904959.0,36433805.0,6,25,2,2021,0
1357,New Mexico,2021-07-04,50052131.0,49736722.0,48205001.0,37379119.0,7,26,3,2021,0
1873,New Mexico,2021-07-11,50161187.0,50052131.0,48657045.0,39015532.0,7,27,3,2021,0
4582,New Mexico,2021-07-18,51469305.0,50161187.0,47681199.0,41418275.0,7,28,3,2021,0
6431,New Mexico,2021-07-25,48189475.0,51469305.0,48442417.0,38397644.0,7,29,3,2021,0
1142,New Mexico,2021-08-01,47483782.0,48189475.0,50541679.0,38562490.0,8,30,3,2021,0
1658,New Mexico,2021-08-08,50324064.0,47483782.0,51622626.0,39597266.0,8,31,3,2021,0
3894,New Mexico,2021-08-15,52731698.0,50324064.0,49736722.0,40053652.0,8,32,3,2021,0
5743,New Mexico,2021-08-22,50253945.0,52731698.0,50052131.0,38188273.0,8,33,3,2021,0
7592,New Mexico,2021-08-29,48371189.0,50253945.0,50161187.0,37947499.0,8,34,3,2021,0
1400,New Mexico,2021-09-05,49506690.0,48371189.0,51469305.0,40691767.0,9,35,3,2021,0
1916,New Mexico,2021-09-12,47013547.0,49506690.0,48189475.0,40163112.0,9,36,3,2021,0
5012,New Mexico,2021-09-19,48316330.0,47013547.0,47483782.0,38223578.0,9,37,3,2021,0
6861,New Mexico,2021-09-26,47411061.0,48316330.0,50324064.0,39600957.0,9,38,3,2021,0
1271,New Mexico,2021-10-03,65423332.0,47411061.0,52731698.0,43224896.0,10,39,4,2021,0
1787,New Mexico,2021-10-10,66629753.0,65423332.0,50253945.0,49556841.0,10,40,4,2021,0
4453,New Mexico,2021-10-17,65600559.0,66629753.0,48371189.0,46714557.0,10,41,4,2021,0
6302,New Mexico,2021-10-24,63451798.0,65600559.0,49506690.0,40996188.0,10,42,4,2021,0
8065,New Mexico,2021-10-31,61159836.0,63451798.0,47013547.0,43942929.0,10,43,4,2021,0
1615,New Mexico,2021-11-07,62953004.0,61159836.0,48316330.0,44895903.0,11,44,4,2021,0
3722,New Mexico,2021-11-14,65506575.0,62953004.0,47411061.0,44962387.0,11,45,4,2021,0
5571,New Mexico,2021-11-21,64818507.0,65506575.0,65423332.0,44677646.0,11,46,4,2021,0
7420,New Mexico,2021-11-28,57153027.0,64818507.0,66629753.0,46213010.0,11,47,4,2021,0
1443,New Mexico,2021-12-05,59227225.0,57153027.0,65600559.0,48904959.0,12,48,4,2021,0
1959,New Mexico,2021-12-12,61694362.0,59227225.0,63451798.0,48205001.0,12,49,4,2021,0
5055,New Mexico,2021-12-19,64698894.0,61694362.0,61159836.0,48657045.0,12,50,4,2021,0
6904,New Mexico,2021-12-26,61161254.0,64698894.0,62953004.0,47681199.0,12,51,4,2021,0
2045,New Mexico,2022-01-02,58452376.0,61161254.0,65506575.0,48442417.0,1,52,1,2022,0
2561,New Mexico,2022-01-09,60024763.0,58452376.0,64818507.0,50541679.0,1,1,1,2022,0
4023,New Mexico,2022-01-16,61749483.0,60024763.0,57153027.0,51622626.0,1,2,1,2022,0
5872,New Mexico,2022-01-23,60744230.0,61749483.0,59227225.0,49736722.0,1,3,1,2022,0
7721,New Mexico,2022-01-30,60361173.0,60744230.0,61694362.0,50052131.0,1,4,1,2022,0
2346,New Mexico,2022-02-06,61032853.0,60361173.0,64698894.0,50161187.0,2,5,1,2022,0
3249,New Mexico,2022-02-13,62378977.0,61032853.0,61161254.0,51469305.0,2,6,1,2022,0
5098,New Mexico,2022-02-20,60394925.0,62378977.0,58452376.0,48189475.0,2,7,1,2022,0
6947,New Mexico,2022-02-27,62810971.0,60394925.0,60024763.0,47483782.0,2,8,1,2022,0
2389,New Mexico,2022-03-06,66017498.0,62810971.0,61749483.0,50324064.0,3,9,1,2022,0
3292,New Mexico,2022-03-13,64699095.0,66017498.0,60744230.0,52731698.0,3,10,1,2022,0
5141,New Mexico,2022-03-20,66565669.0,64699095.0,60361173.0,50253945.0,3,11,1,2022,0
6990,New Mexico,2022-03-27,65262782.0,66565669.0,61032853.0,48371189.0,3,12,1,2022,0
2131,New Mexico,2022-04-03,68359811.0,65262782.0,62378977.0,49506690.0,4,13,2,2022,0
2647,New Mexico,2022-04-10,69547316.0,68359811.0,60394925.0,47013547.0,4,14,2,2022,0
4324,New Mexico,2022-04-17,70598094.0,69547316.0,62810971.0,48316330.0,4,15,2,2022,0
6173,New Mexico,2022-04-24,67452372.0,70598094.0,66017498.0,47411061.0,4,16,2,2022,0
2002,New Mexico,2022-05-01,68515536.0,67452372.0,64699095.0,65423332.0,5,17,2,2022,0
2518,New Mexico,2022-05-08,71471274.0,68515536.0,66565669.0,66629753.0,5,18,2,2022,0
3851,New Mexico,2022-05-15,73606498.0,71471274.0,65262782.0,65600559.0,5,19,2,2022,0
5700,New Mexico,2022-05-22,72435035.0,73606498.0,68359811.0,63451798.0,5,20,2,2022,0
7549,New Mexico,2022-05-29,70972870.0,72435035.0,69547316.0,61159836.0,5,21,2,2022,0
2303,New Mexico,2022-06-05,72200112.0,70972870.0,70598094.0,62953004.0,6,22,2,2022,0
2819,New Mexico,2022-06-12,76599555.0,72200112.0,67452372.0,65506575.0,6,23,2,2022,0
4926,New Mexico,2022-06-19,77783194.0,76599555.0,68515536.0,64818507.0,6,24,2,2022,0
6775,New Mexico,2022-06-26,73187434.0,77783194.0,71471274.0,57153027.0,6,25,2,2022,0
2174,New Mexico,2022-07-03,75155138.0,73187434.0,73606498.0,59227225.0,7,26,3,2022,0
2690,New Mexico,2022-07-10,74360320.0,75155138.0,72435035.0,61694362.0,7,27,3,2022,0
4410,New Mexico,2022-07-17,77655782.0,74360320.0,70972870.0,64698894.0,7,28,3,2022,0
6259,New Mexico,2022-07-24,74746797.0,77655782.0,72200112.0,61161254.0,7,29,3,2022,0
8022,New Mexico,2022-07-31,72120689.0,74746797.0,76599555.0,58452376.0,7,30,3,2022,0
2475,New Mexico,2022-08-07,75824336.0,72120689.0,77783194.0,60024763.0,8,31,3,2022,0
3679,New Mexico,2022-08-14,77964361.0,75824336.0,73187434.0,61749483.0,8,32,3,2022,0
5528,New Mexico,2022-08-21,74119632.0,77964361.0,75155138.0,60744230.0,8,33,3,2022,0
7377,New Mexico,2022-08-28,72488257.0,74119632.0,74360320.0,60361173.0,8,34,3,2022,0
2217,New Mexico,2022-09-04,74102330.0,72488257.0,77655782.0,61032853.0,9,35,3,2022,0
2733,New Mexico,2022-09-11,72981593.0,74102330.0,74746797.0,62378977.0,9,36,3,2022,0
4625,New Mexico,2022-09-18,72357988.0,72981593.0,72120689.0,60394925.0,9,37,3,2022,0
6474,New Mexico,2022-09-25,71436619.0,72357988.0,75824336.0,62810971.0,9,38,3,2022,0
2088,New Mexico,2022-10-02,70959076.0,71436619.0,77964361.0,66017498.0,10,39,4,2022,0
2604,New Mexico,2022-10-09,70765027.0,70959076.0,74119632.0,64699095.0,10,40,4,2022,0
4238,New Mexico,2022-10-16,69638194.0,70765027.0,72488257.0,66565669.0,10,41,4,2022,0
6087,New Mexico,2022-10-23,67549880.0,69638194.0,74102330.0,65262782.0,10,42,4,2022,0
7893,New Mexico,2022-10-30,66018212.0,67549880.0,72981593.0,68359811.0,10,43,4,2022,0
2432,New Mexico,2022-11-06,66563754.0,66018212.0,72357988.0,69547316.0,11,44,4,2022,0
3464,New Mexico,2022-11-13,67992393.0,66563754.0,71436619.0,70598094.0,11,45,4,2022,0
5313,New Mexico,2022-11-20,70157412.0,67992393.0,70959076.0,67452372.0,11,46,4,2022,0
7162,New Mexico,2022-11-27,65043938.0,70157412.0,70765027.0,68515536.0,11,47,4,2022,0
2260,New Mexico,2022-12-04,64130870.0,65043938.0,69638194.0,71471274.0,12,48,4,2022,0
2776,New Mexico,2022-12-11,67537464.0,64130870.0,67549880.0,73606498.0,12,49,4,2022,0
4711,New Mexico,2022-12-18,70135624.0,67537464.0,66018212.0,72435035.0,12,50,4,2022,0
6560,New Mexico,2022-12-25,69624449.0,70135624.0,66563754.0,70972870.0,12,51,4,2022,0
2862,New Mexico,2023-01-01,62124094.0,69624449.0,67992393.0,72200112.0,1,52,1,2023,0
3077,New Mexico,2023-01-08,63821678.0,62124094.0,70157412.0,76599555.0,1,1,1,2023,0
3765,New Mexico,2023-01-15,65975308.0,63821678.0,65043938.0,77783194.0,1,2,1,2023,0
5614,New Mexico,2023-01-22,65131373.0,65975308.0,64130870.0,73187434.0,1,3,1,2023,0
7463,New Mexico,2023-01-29,64550348.0,65131373.0,67537464.0,75155138.0,1,4,1,2023,0
2948,New Mexico,2023-02-05,65781090.0,64550348.0,70135624.0,74360320.0,2,5,1,2023,0
3163,New Mexico,2023-02-12,67950100.0,65781090.0,69624449.0,77655782.0,2,6,1,2023,0
4797,New Mexico,2023-02-19,68032027.0,67950100.0,62124094.0,74746797.0,2,7,1,2023,0
6646,New Mexico,2023-02-26,66997849.0,68032027.0,63821678.0,72120689.0,2,8,1,2023,0
2991,New Mexico,2023-03-05,71026573.0,66997849.0,65975308.0,75824336.0,3,9,1,2023,0
3206,New Mexico,2023-03-12,77737212.0,71026573.0,65131373.0,77964361.0,3,10,1,2023,0
4840,New Mexico,2023-03-19,74754103.0,77737212.0,64550348.0,74119632.0,3,11,1,2023,0
6689,New Mexico,2023-03-26,66997769.0,74754103.0,65781090.0,72488257.0,3,12,1,2023,0
2905,New Mexico,2023-04-02,69116707.0,66997769.0,67950100.0,74102330.0,4,13,2,2023,0
3120,New Mexico,2023-04-09,73606502.0,69116707.0,68032027.0,72981593.0,4,14,2,2023,0
4109,New Mexico,2023-04-16,75076161.0,73606502.0,66997849.0,72357988.0,4,15,2,2023,0
5958,New Mexico,2023-04-23,73888833.0,75076161.0,71026573.0,71436619.0,4,16,2,2023,0
7764,New Mexico,2023-04-30,73958962.0,73888833.0,77737212.0,70959076.0,4,17,2,2023,0
3034,New Mexico,2023-05-07,79488160.0,73958962.0,74754103.0,70765027.0,5,18,2,2023,0
111,New York,2019-10-06,258592907.0,79488160.0,66997769.0,69638194.0,10,40,4,2019,0
3422,New York,2019-10-13,252546939.0,258592907.0,69116707.0,67549880.0,10,41,4,2019,0
5271,New York,2019-10-20,235475053.0,252546939.0,73606502.0,66018212.0,10,42,4,2019,0
7120,New York,2019-10-27,235756720.0,235475053.0,75076161.0,66563754.0,10,43,4,2019,0
68,New York,2019-11-03,238220084.0,235756720.0,73888833.0,67992393.0,11,44,4,2019,0
197,New York,2019-11-10,245240120.0,238220084.0,73958962.0,70157412.0,11,45,4,2019,0
4497,New York,2019-11-17,239914025.0,245240120.0,79488160.0,65043938.0,11,46,4,2019,0
6346,New York,2019-11-24,249630625.0,239914025.0,258592907.0,64130870.0,11,47,4,2019,0
25,New York,2019-12-01,240815212.0,249630625.0,252546939.0,67537464.0,12,48,4,2019,0
154,New York,2019-12-08,240233769.0,240815212.0,235475053.0,70135624.0,12,49,4,2019,0
3981,New York,2019-12-15,247147491.0,240233769.0,235756720.0,69624449.0,12,50,4,2019,0
5830,New York,2019-12-22,255211106.0,247147491.0,238220084.0,62124094.0,12,51,4,2019,0
7679,New York,2019-12-29,248394540.0,255211106.0,245240120.0,63821678.0,12,52,4,2019,0
498,New York,2020-01-05,245424005.0,248394540.0,239914025.0,65975308.0,1,1,1,2020,0
1014,New York,2020-01-12,240445415.0,245424005.0,249630625.0,65131373.0,1,2,1,2020,0
4755,New York,2020-01-19,247951897.0,240445415.0,240815212.0,64550348.0,1,3,1,2020,0
6604,New York,2020-01-26,224104617.0,247951897.0,240233769.0,65781090.0,1,4,1,2020,0
326,New York,2020-02-02,240088803.0,224104617.0,247147491.0,67950100.0,2,5,1,2020,0
842,New York,2020-02-09,241490835.0,240088803.0,255211106.0,68032027.0,2,6,1,2020,0
4067,New York,2020-02-16,232977877.0,241490835.0,248394540.0,66997849.0,2,7,1,2020,0
5916,New York,2020-02-23,235085112.0,232977877.0,245424005.0,71026573.0,2,8,1,2020,0
240,New York,2020-03-01,243570108.0,235085112.0,240445415.0,77737212.0,3,9,1,2020,0
756,New York,2020-03-08,261730062.0,243570108.0,247951897.0,74754103.0,3,10,1,2020,0
3809,New York,2020-03-15,290204864.0,261730062.0,224104617.0,66997769.0,3,11,1,2020,0
5658,New York,2020-03-22,288087083.0,290204864.0,240088803.0,69116707.0,3,12,1,2020,0
7507,New York,2020-03-29,240171905.0,288087083.0,241490835.0,73606502.0,3,13,1,2020,0
541,New York,2020-04-05,252080000.0,240171905.0,232977877.0,75076161.0,4,14,2,2020,0
1057,New York,2020-04-12,255897518.0,252080000.0,235085112.0,73888833.0,4,15,2,2020,0
4884,New York,2020-04-19,248987203.0,255897518.0,243570108.0,73958962.0,4,16,2,2020,0
6733,New York,2020-04-26,244370860.0,248987203.0,261730062.0,79488160.0,4,17,2,2020,0
412,New York,2020-05-03,254010485.0,244370860.0,290204864.0,258592907.0,5,18,2,2020,0
928,New York,2020-05-10,266107943.0,254010485.0,288087083.0,252546939.0,5,19,2,2020,0
4368,New York,2020-05-17,258711536.0,266107943.0,240171905.0,235475053.0,5,20,2,2020,0
6217,New York,2020-05-24,290287214.0,258711536.0,252080000.0,235756720.0,5,21,2,2020,0
7980,New York,2020-05-31,275277517.0,290287214.0,255897518.0,238220084.0,5,22,2,2020,0
713,New York,2020-06-07,287660278.0,275277517.0,248987203.0,245240120.0,6,23,2,2020,0
3637,New York,2020-06-14,288739608.0,287660278.0,244370860.0,239914025.0,6,24,2,2020,0
5486,New York,2020-06-21,283288685.0,288739608.0,254010485.0,249630625.0,6,25,2,2020,0
7335,New York,2020-06-28,305546964.0,283288685.0,266107943.0,240815212.0,6,26,2,2020,0
584,New York,2020-07-05,322977709.0,305546964.0,258711536.0,240233769.0,7,27,3,2020,0
1100,New York,2020-07-12,301481910.0,322977709.0,290287214.0,247147491.0,7,28,3,2020,0
4970,New York,2020-07-19,301434293.0,301481910.0,275277517.0,255211106.0,7,29,3,2020,0
6819,New York,2020-07-26,293590908.0,301434293.0,287660278.0,248394540.0,7,30,3,2020,0
369,New York,2020-08-02,303165565.0,293590908.0,288739608.0,245424005.0,8,31,3,2020,0
885,New York,2020-08-09,293584276.0,303165565.0,283288685.0,240445415.0,8,32,3,2020,0
4196,New York,2020-08-16,291656929.0,293584276.0,305546964.0,247951897.0,8,33,3,2020,0
6045,New York,2020-08-23,278739405.0,291656929.0,322977709.0,224104617.0,8,34,3,2020,0
7851,New York,2020-08-30,276545914.0,278739405.0,301481910.0,240088803.0,8,35,3,2020,0
627,New York,2020-09-06,277206444.0,276545914.0,301434293.0,241490835.0,9,36,3,2020,0
3379,New York,2020-09-13,268753109.0,277206444.0,293590908.0,232977877.0,9,37,3,2020,0
5228,New York,2020-09-20,259300455.0,268753109.0,303165565.0,235085112.0,9,38,3,2020,0
7077,New York,2020-09-27,262863201.0,259300455.0,293584276.0,243570108.0,9,39,3,2020,0
455,New York,2020-10-04,264421970.0,262863201.0,291656929.0,261730062.0,10,40,4,2020,0
971,New York,2020-10-11,260363051.0,264421970.0,278739405.0,290204864.0,10,41,4,2020,0
4669,New York,2020-10-18,246736838.0,260363051.0,276545914.0,288087083.0,10,42,4,2020,0
6518,New York,2020-10-25,247228483.0,246736838.0,277206444.0,240171905.0,10,43,4,2020,0
283,New York,2020-11-01,242029203.0,247228483.0,268753109.0,252080000.0,11,44,4,2020,0
799,New York,2020-11-08,256085339.0,242029203.0,259300455.0,255897518.0,11,45,4,2020,0
3938,New York,2020-11-15,252229856.0,256085339.0,262863201.0,248987203.0,11,46,4,2020,0
5787,New York,2020-11-22,257463053.0,252229856.0,264421970.0,244370860.0,11,47,4,2020,0
7636,New York,2020-11-29,260037359.0,257463053.0,260363051.0,254010485.0,11,48,4,2020,0
670,New York,2020-12-06,237551612.0,260037359.0,246736838.0,266107943.0,12,49,4,2020,0
3508,New York,2020-12-13,254187772.0,237551612.0,247228483.0,258711536.0,12,50,4,2020,0
5357,New York,2020-12-20,254085289.0,254187772.0,242029203.0,290287214.0,12,51,4,2020,0
7206,New York,2020-12-27,258533687.0,254085289.0,256085339.0,275277517.0,12,52,4,2020,0
1229,New York,2021-01-03,248280769.0,258533687.0,252229856.0,287660278.0,1,53,1,2021,0
1745,New York,2021-01-10,250105857.0,248280769.0,257463053.0,288739608.0,1,1,1,2021,0
4282,New York,2021-01-17,250502308.0,250105857.0,260037359.0,283288685.0,1,2,1,2021,0
6131,New York,2021-01-24,241055112.0,250502308.0,237551612.0,305546964.0,1,3,1,2021,0
7937,New York,2021-01-31,245213129.0,241055112.0,254187772.0,322977709.0,1,4,1,2021,0
1530,New York,2021-02-07,252825598.0,245213129.0,254085289.0,301481910.0,2,5,1,2021,0
3551,New York,2021-02-14,245769666.0,252825598.0,258533687.0,301434293.0,2,6,1,2021,0
5400,New York,2021-02-21,240380607.0,245769666.0,248280769.0,293590908.0,2,7,1,2021,0
7249,New York,2021-02-28,248778098.0,240380607.0,250105857.0,303165565.0,2,8,1,2021,0
1573,New York,2021-03-07,265880962.0,248778098.0,250502308.0,293584276.0,3,9,1,2021,0
3594,New York,2021-03-14,302978825.0,265880962.0,241055112.0,291656929.0,3,10,1,2021,0
5443,New York,2021-03-21,298280258.0,302978825.0,245213129.0,278739405.0,3,11,1,2021,0
7292,New York,2021-03-28,252738722.0,298280258.0,252825598.0,276545914.0,3,12,1,2021,0
1315,New York,2021-04-04,260397144.0,252738722.0,245769666.0,277206444.0,4,13,2,2021,0
1831,New York,2021-04-11,263431940.0,260397144.0,240380607.0,268753109.0,4,14,2,2021,0
4540,New York,2021-04-18,251939169.0,263431940.0,248778098.0,259300455.0,4,15,2,2021,0
6389,New York,2021-04-25,259017716.0,251939169.0,265880962.0,262863201.0,4,16,2,2021,0
1186,New York,2021-05-02,265315458.0,259017716.0,302978825.0,264421970.0,5,17,2,2021,0
1702,New York,2021-05-09,274095648.0,265315458.0,298280258.0,260363051.0,5,18,2,2021,0
4153,New York,2021-05-16,272939159.0,274095648.0,252738722.0,246736838.0,5,19,2,2021,0
6002,New York,2021-05-23,305640440.0,272939159.0,260397144.0,247228483.0,5,20,2,2021,0
7808,New York,2021-05-30,295447775.0,305640440.0,263431940.0,242029203.0,5,21,2,2021,0
1487,New York,2021-06-06,287621787.0,295447775.0,251939169.0,256085339.0,6,22,2,2021,0
3336,New York,2021-06-13,310781452.0,287621787.0,259017716.0,252229856.0,6,23,2,2021,0
5185,New York,2021-06-20,299271437.0,310781452.0,265315458.0,257463053.0,6,24,2,2021,0
7034,New York,2021-06-27,303611432.0,299271437.0,274095648.0,260037359.0,6,25,2,2021,0
1358,New York,2021-07-04,324347057.0,303611432.0,272939159.0,237551612.0,7,26,3,2021,0
1874,New York,2021-07-11,302761906.0,324347057.0,305640440.0,254187772.0,7,27,3,2021,0
4583,New York,2021-07-18,300180175.0,302761906.0,295447775.0,254085289.0,7,28,3,2021,0
6432,New York,2021-07-25,304886897.0,300180175.0,287621787.0,258533687.0,7,29,3,2021,0
1143,New York,2021-08-01,301849752.0,304886897.0,310781452.0,248280769.0,8,30,3,2021,0
1659,New York,2021-08-08,303039915.0,301849752.0,299271437.0,250105857.0,8,31,3,2021,0
3895,New York,2021-08-15,313023910.0,303039915.0,303611432.0,250502308.0,8,32,3,2021,0
5744,New York,2021-08-22,294983606.0,313023910.0,324347057.0,241055112.0,8,33,3,2021,0
7593,New York,2021-08-29,295457102.0,294983606.0,302761906.0,245213129.0,8,34,3,2021,0
1401,New York,2021-09-05,295669694.0,295457102.0,300180175.0,252825598.0,9,35,3,2021,0
1917,New York,2021-09-12,286048551.0,295669694.0,304886897.0,245769666.0,9,36,3,2021,0
5013,New York,2021-09-19,279297072.0,286048551.0,301849752.0,240380607.0,9,37,3,2021,0
6862,New York,2021-09-26,277853468.0,279297072.0,303039915.0,248778098.0,9,38,3,2021,0
1272,New York,2021-10-03,403887300.0,277853468.0,313023910.0,265880962.0,10,39,4,2021,0
1788,New York,2021-10-10,403148965.0,403887300.0,294983606.0,302978825.0,10,40,4,2021,0
4454,New York,2021-10-17,383288006.0,403148965.0,295457102.0,298280258.0,10,41,4,2021,0
6303,New York,2021-10-24,380250399.0,383288006.0,295669694.0,252738722.0,10,42,4,2021,0
8066,New York,2021-10-31,373302523.0,380250399.0,286048551.0,260397144.0,10,43,4,2021,0
1616,New York,2021-11-07,387419582.0,373302523.0,279297072.0,263431940.0,11,44,4,2021,0
3723,New York,2021-11-14,391749072.0,387419582.0,277853468.0,251939169.0,11,45,4,2021,0
5572,New York,2021-11-21,397448170.0,391749072.0,403887300.0,259017716.0,11,46,4,2021,0
7421,New York,2021-11-28,379356773.0,397448170.0,403148965.0,265315458.0,11,47,4,2021,0
1444,New York,2021-12-05,373755427.0,379356773.0,383288006.0,274095648.0,12,48,4,2021,0
1960,New York,2021-12-12,389500262.0,373755427.0,380250399.0,272939159.0,12,49,4,2021,0
5056,New York,2021-12-19,399508748.0,389500262.0,373302523.0,305640440.0,12,50,4,2021,0
6905,New York,2021-12-26,394759409.0,399508748.0,387419582.0,295447775.0,12,51,4,2021,0
2046,New York,2022-01-02,377001512.0,394759409.0,391749072.0,287621787.0,1,52,1,2022,0
2562,New York,2022-01-09,379375721.0,377001512.0,397448170.0,310781452.0,1,1,1,2022,0
4024,New York,2022-01-16,391697963.0,379375721.0,379356773.0,299271437.0,1,2,1,2022,0
5873,New York,2022-01-23,363372584.0,391697963.0,373755427.0,303611432.0,1,3,1,2022,0
7722,New York,2022-01-30,373188824.0,363372584.0,389500262.0,324347057.0,1,4,1,2022,0
2347,New York,2022-02-06,378756475.0,373188824.0,399508748.0,302761906.0,2,5,1,2022,0
3250,New York,2022-02-13,381278051.0,378756475.0,394759409.0,300180175.0,2,6,1,2022,0
5099,New York,2022-02-20,368925238.0,381278051.0,377001512.0,304886897.0,2,7,1,2022,0
6948,New York,2022-02-27,377390305.0,368925238.0,379375721.0,301849752.0,2,8,1,2022,0
2390,New York,2022-03-06,390502426.0,377390305.0,391697963.0,303039915.0,3,9,1,2022,0
3293,New York,2022-03-13,394353051.0,390502426.0,363372584.0,313023910.0,3,10,1,2022,0
5142,New York,2022-03-20,393035586.0,394353051.0,373188824.0,294983606.0,3,11,1,2022,0
6991,New York,2022-03-27,394467219.0,393035586.0,378756475.0,295457102.0,3,12,1,2022,0
2132,New York,2022-04-03,402829224.0,394467219.0,381278051.0,295669694.0,4,13,2,2022,0
2648,New York,2022-04-10,408505909.0,402829224.0,368925238.0,286048551.0,4,14,2,2022,0
4325,New York,2022-04-17,415468707.0,408505909.0,377390305.0,279297072.0,4,15,2,2022,0
6174,New York,2022-04-24,390688799.0,415468707.0,390502426.0,277853468.0,4,16,2,2022,0
2003,New York,2022-05-01,409395897.0,390688799.0,394353051.0,403887300.0,5,17,2,2022,0
2519,New York,2022-05-08,423986355.0,409395897.0,393035586.0,403148965.0,5,18,2,2022,0
3852,New York,2022-05-15,432556480.0,423986355.0,394467219.0,383288006.0,5,19,2,2022,0
5701,New York,2022-05-22,463629758.0,432556480.0,402829224.0,380250399.0,5,20,2,2022,0
7550,New York,2022-05-29,449893992.0,463629758.0,408505909.0,373302523.0,5,21,2,2022,0
2304,New York,2022-06-05,452815638.0,449893992.0,415468707.0,387419582.0,6,22,2,2022,0
2820,New York,2022-06-12,463353692.0,452815638.0,390688799.0,391749072.0,6,23,2,2022,0
4927,New York,2022-06-19,455675393.0,463353692.0,409395897.0,397448170.0,6,24,2,2022,0
6776,New York,2022-06-26,471218054.0,455675393.0,423986355.0,379356773.0,6,25,2,2022,0
2175,New York,2022-07-03,505790145.0,471218054.0,432556480.0,373755427.0,7,26,3,2022,0
2691,New York,2022-07-10,469314536.0,505790145.0,463629758.0,389500262.0,7,27,3,2022,0
4411,New York,2022-07-17,472504382.0,469314536.0,449893992.0,399508748.0,7,28,3,2022,0
6260,New York,2022-07-24,470465101.0,472504382.0,452815638.0,394759409.0,7,29,3,2022,0
8023,New York,2022-07-31,467768087.0,470465101.0,463353692.0,377001512.0,7,30,3,2022,0
2476,New York,2022-08-07,471705695.0,467768087.0,455675393.0,379375721.0,8,31,3,2022,0
3680,New York,2022-08-14,471032964.0,471705695.0,471218054.0,391697963.0,8,32,3,2022,0
5529,New York,2022-08-21,456045797.0,471032964.0,505790145.0,363372584.0,8,33,3,2022,0
7378,New York,2022-08-28,451314586.0,456045797.0,469314536.0,373188824.0,8,34,3,2022,0
2218,New York,2022-09-04,454228372.0,451314586.0,472504382.0,378756475.0,9,35,3,2022,0
2734,New York,2022-09-11,436726667.0,454228372.0,470465101.0,381278051.0,9,36,3,2022,0
4626,New York,2022-09-18,433258418.0,436726667.0,467768087.0,368925238.0,9,37,3,2022,0
6475,New York,2022-09-25,426238755.0,433258418.0,471705695.0,377390305.0,9,38,3,2022,0
2089,New York,2022-10-02,420702848.0,426238755.0,471032964.0,390502426.0,10,39,4,2022,0
2605,New York,2022-10-09,423193051.0,420702848.0,456045797.0,394353051.0,10,40,4,2022,0
4239,New York,2022-10-16,411644555.0,423193051.0,451314586.0,393035586.0,10,41,4,2022,0
6088,New York,2022-10-23,407301140.0,411644555.0,454228372.0,394467219.0,10,42,4,2022,0
7894,New York,2022-10-30,404190797.0,407301140.0,436726667.0,402829224.0,10,43,4,2022,0
2433,New York,2022-11-06,414658873.0,404190797.0,433258418.0,408505909.0,11,44,4,2022,0
3465,New York,2022-11-13,415690861.0,414658873.0,426238755.0,415468707.0,11,45,4,2022,0
5314,New York,2022-11-20,413445519.0,415690861.0,420702848.0,390688799.0,11,46,4,2022,0
7163,New York,2022-11-27,426665132.0,413445519.0,423193051.0,409395897.0,11,47,4,2022,0
2261,New York,2022-12-04,390891171.0,426665132.0,411644555.0,423986355.0,12,48,4,2022,0
2777,New York,2022-12-11,417981285.0,390891171.0,407301140.0,432556480.0,12,49,4,2022,0
4712,New York,2022-12-18,421615746.0,417981285.0,404190797.0,463629758.0,12,50,4,2022,0
6561,New York,2022-12-25,442906401.0,421615746.0,414658873.0,449893992.0,12,51,4,2022,0
2863,New York,2023-01-01,398803114.0,442906401.0,415690861.0,452815638.0,1,52,1,2023,0
3078,New York,2023-01-08,401146602.0,398803114.0,413445519.0,463353692.0,1,1,1,2023,0
3766,New York,2023-01-15,403348511.0,401146602.0,426665132.0,455675393.0,1,2,1,2023,0
5615,New York,2023-01-22,393187483.0,403348511.0,390891171.0,471218054.0,1,3,1,2023,0
7464,New York,2023-01-29,394145633.0,393187483.0,417981285.0,505790145.0,1,4,1,2023,0
2949,New York,2023-02-05,398935375.0,394145633.0,421615746.0,469314536.0,2,5,1,2023,0
3164,New York,2023-02-12,416142348.0,398935375.0,442906401.0,472504382.0,2,6,1,2023,0
4798,New York,2023-02-19,397662728.0,416142348.0,398803114.0,470465101.0,2,7,1,2023,0
6647,New York,2023-02-26,399007849.0,397662728.0,401146602.0,467768087.0,2,8,1,2023,0
2992,New York,2023-03-05,426576706.0,399007849.0,403348511.0,471705695.0,3,9,1,2023,0
3207,New York,2023-03-12,462900603.0,426576706.0,393187483.0,471032964.0,3,10,1,2023,0
4841,New York,2023-03-19,457965797.0,462900603.0,394145633.0,456045797.0,3,11,1,2023,0
6690,New York,2023-03-26,406905861.0,457965797.0,398935375.0,451314586.0,3,12,1,2023,0
2906,New York,2023-04-02,413078348.0,406905861.0,416142348.0,454228372.0,4,13,2,2023,0
3121,New York,2023-04-09,437785678.0,413078348.0,397662728.0,436726667.0,4,14,2,2023,0
4110,New York,2023-04-16,438996451.0,437785678.0,399007849.0,433258418.0,4,15,2,2023,0
5959,New York,2023-04-23,422336065.0,438996451.0,426576706.0,426238755.0,4,16,2,2023,0
7765,New York,2023-04-30,427489275.0,422336065.0,462900603.0,420702848.0,4,17,2,2023,0
3035,New York,2023-05-07,448720270.0,427489275.0,457965797.0,423193051.0,5,18,2,2023,0
112,North Carolina,2019-10-06,212919688.0,448720270.0,406905861.0,411644555.0,10,40,4,2019,0
3423,North Carolina,2019-10-13,201468061.0,212919688.0,413078348.0,407301140.0,10,41,4,2019,0
5272,North Carolina,2019-10-20,192796952.0,201468061.0,437785678.0,404190797.0,10,42,4,2019,0
7121,North Carolina,2019-10-27,185626411.0,192796952.0,438996451.0,414658873.0,10,43,4,2019,0
69,North Carolina,2019-11-03,188325661.0,185626411.0,422336065.0,415690861.0,11,44,4,2019,0
198,North Carolina,2019-11-10,188606221.0,188325661.0,427489275.0,413445519.0,11,45,4,2019,0
4498,North Carolina,2019-11-17,187088913.0,188606221.0,448720270.0,426665132.0,11,46,4,2019,0
6347,North Carolina,2019-11-24,188661091.0,187088913.0,212919688.0,390891171.0,11,47,4,2019,0
26,North Carolina,2019-12-01,182341458.0,188661091.0,201468061.0,417981285.0,12,48,4,2019,0
155,North Carolina,2019-12-08,190647025.0,182341458.0,192796952.0,421615746.0,12,49,4,2019,0
3982,North Carolina,2019-12-15,180282479.0,190647025.0,185626411.0,442906401.0,12,50,4,2019,0
5831,North Carolina,2019-12-22,202939686.0,180282479.0,188325661.0,398803114.0,12,51,4,2019,0
7680,North Carolina,2019-12-29,179605854.0,202939686.0,188606221.0,401146602.0,12,52,4,2019,0
499,North Carolina,2020-01-05,178890818.0,179605854.0,187088913.0,403348511.0,1,1,1,2020,0
1015,North Carolina,2020-01-12,183461142.0,178890818.0,188661091.0,393187483.0,1,2,1,2020,0
4756,North Carolina,2020-01-19,182962942.0,183461142.0,182341458.0,394145633.0,1,3,1,2020,0
6605,North Carolina,2020-01-26,179715822.0,182962942.0,190647025.0,398935375.0,1,4,1,2020,0
327,North Carolina,2020-02-02,186628120.0,179715822.0,180282479.0,416142348.0,2,5,1,2020,0
843,North Carolina,2020-02-09,184957410.0,186628120.0,202939686.0,397662728.0,2,6,1,2020,0
4068,North Carolina,2020-02-16,180716590.0,184957410.0,179605854.0,399007849.0,2,7,1,2020,0
5917,North Carolina,2020-02-23,179535690.0,180716590.0,178890818.0,426576706.0,2,8,1,2020,0
241,North Carolina,2020-03-01,191518855.0,179535690.0,183461142.0,462900603.0,3,9,1,2020,0
757,North Carolina,2020-03-08,196435895.0,191518855.0,182962942.0,457965797.0,3,10,1,2020,0
3810,North Carolina,2020-03-15,232460480.0,196435895.0,179715822.0,406905861.0,3,11,1,2020,0
5659,North Carolina,2020-03-22,214675670.0,232460480.0,186628120.0,413078348.0,3,12,1,2020,0
7508,North Carolina,2020-03-29,198659312.0,214675670.0,184957410.0,437785678.0,3,13,1,2020,0
542,North Carolina,2020-04-05,201730136.0,198659312.0,180716590.0,438996451.0,4,14,2,2020,0
1058,North Carolina,2020-04-12,205079929.0,201730136.0,179535690.0,422336065.0,4,15,2,2020,0
4885,North Carolina,2020-04-19,204203390.0,205079929.0,191518855.0,427489275.0,4,16,2,2020,0
6734,North Carolina,2020-04-26,203758327.0,204203390.0,196435895.0,448720270.0,4,17,2,2020,0
413,North Carolina,2020-05-03,218258711.0,203758327.0,232460480.0,212919688.0,5,18,2,2020,0
929,North Carolina,2020-05-10,214465564.0,218258711.0,214675670.0,201468061.0,5,19,2,2020,0
4369,North Carolina,2020-05-17,221743633.0,214465564.0,198659312.0,192796952.0,5,20,2,2020,0
6218,North Carolina,2020-05-24,226324935.0,221743633.0,201730136.0,185626411.0,5,21,2,2020,0
7981,North Carolina,2020-05-31,220754539.0,226324935.0,205079929.0,188325661.0,5,22,2,2020,0
714,North Carolina,2020-06-07,227809117.0,220754539.0,204203390.0,188606221.0,6,23,2,2020,0
3638,North Carolina,2020-06-14,225712158.0,227809117.0,203758327.0,187088913.0,6,24,2,2020,0
5487,North Carolina,2020-06-21,221508793.0,225712158.0,218258711.0,188661091.0,6,25,2,2020,0
7336,North Carolina,2020-06-28,234828043.0,221508793.0,214465564.0,182341458.0,6,26,2,2020,0
585,North Carolina,2020-07-05,241370137.0,234828043.0,221743633.0,190647025.0,7,27,3,2020,0
1101,North Carolina,2020-07-12,227165539.0,241370137.0,226324935.0,180282479.0,7,28,3,2020,0
4971,North Carolina,2020-07-19,239036602.0,227165539.0,220754539.0,202939686.0,7,29,3,2020,0
6820,North Carolina,2020-07-26,230211946.0,239036602.0,227809117.0,179605854.0,7,30,3,2020,0
370,North Carolina,2020-08-02,234057033.0,230211946.0,225712158.0,178890818.0,8,31,3,2020,0
886,North Carolina,2020-08-09,229864947.0,234057033.0,221508793.0,183461142.0,8,32,3,2020,0
4197,North Carolina,2020-08-16,228995927.0,229864947.0,234828043.0,182962942.0,8,33,3,2020,0
6046,North Carolina,2020-08-23,222834291.0,228995927.0,241370137.0,179715822.0,8,34,3,2020,0
7852,North Carolina,2020-08-30,233981321.0,222834291.0,227165539.0,186628120.0,8,35,3,2020,0
628,North Carolina,2020-09-06,236127507.0,233981321.0,239036602.0,184957410.0,9,36,3,2020,0
3380,North Carolina,2020-09-13,218369410.0,236127507.0,230211946.0,180716590.0,9,37,3,2020,0
5229,North Carolina,2020-09-20,213160625.0,218369410.0,234057033.0,179535690.0,9,38,3,2020,0
7078,North Carolina,2020-09-27,213896722.0,213160625.0,229864947.0,191518855.0,9,39,3,2020,0
456,North Carolina,2020-10-04,219051176.0,213896722.0,228995927.0,196435895.0,10,40,4,2020,0
972,North Carolina,2020-10-11,214391731.0,219051176.0,222834291.0,232460480.0,10,41,4,2020,0
4670,North Carolina,2020-10-18,206647393.0,214391731.0,233981321.0,214675670.0,10,42,4,2020,0
6519,North Carolina,2020-10-25,207366035.0,206647393.0,236127507.0,198659312.0,10,43,4,2020,0
284,North Carolina,2020-11-01,206272025.0,207366035.0,218369410.0,201730136.0,11,44,4,2020,0
800,North Carolina,2020-11-08,205375020.0,206272025.0,213160625.0,205079929.0,11,45,4,2020,0
3939,North Carolina,2020-11-15,202009933.0,205375020.0,213896722.0,204203390.0,11,46,4,2020,0
5788,North Carolina,2020-11-22,210278428.0,202009933.0,219051176.0,203758327.0,11,47,4,2020,0
7637,North Carolina,2020-11-29,195949554.0,210278428.0,214391731.0,218258711.0,11,48,4,2020,0
671,North Carolina,2020-12-06,195796595.0,195949554.0,206647393.0,214465564.0,12,49,4,2020,0
3509,North Carolina,2020-12-13,201006438.0,195796595.0,207366035.0,221743633.0,12,50,4,2020,0
5358,North Carolina,2020-12-20,211981451.0,201006438.0,206272025.0,226324935.0,12,51,4,2020,0
7207,North Carolina,2020-12-27,192971375.0,211981451.0,205375020.0,220754539.0,12,52,4,2020,0
1230,North Carolina,2021-01-03,197454738.0,192971375.0,202009933.0,227809117.0,1,53,1,2021,0
1746,North Carolina,2021-01-10,198023453.0,197454738.0,210278428.0,225712158.0,1,1,1,2021,0
4283,North Carolina,2021-01-17,198861442.0,198023453.0,195949554.0,221508793.0,1,2,1,2021,0
6132,North Carolina,2021-01-24,194192190.0,198861442.0,195796595.0,234828043.0,1,3,1,2021,0
7938,North Carolina,2021-01-31,194920348.0,194192190.0,201006438.0,241370137.0,1,4,1,2021,0
1531,North Carolina,2021-02-07,197921622.0,194920348.0,211981451.0,227165539.0,2,5,1,2021,0
3552,North Carolina,2021-02-14,193478579.0,197921622.0,192971375.0,239036602.0,2,6,1,2021,0
5401,North Carolina,2021-02-21,197170475.0,193478579.0,197454738.0,230211946.0,2,7,1,2021,0
7250,North Carolina,2021-02-28,205260322.0,197170475.0,198023453.0,234057033.0,2,8,1,2021,0
1574,North Carolina,2021-03-07,213801184.0,205260322.0,198861442.0,229864947.0,3,9,1,2021,0
3595,North Carolina,2021-03-14,250149444.0,213801184.0,194192190.0,228995927.0,3,10,1,2021,0
5444,North Carolina,2021-03-21,231871133.0,250149444.0,194920348.0,222834291.0,3,11,1,2021,0
7293,North Carolina,2021-03-28,214576034.0,231871133.0,197921622.0,233981321.0,3,12,1,2021,0
1316,North Carolina,2021-04-04,218644433.0,214576034.0,193478579.0,236127507.0,4,13,2,2021,0
1832,North Carolina,2021-04-11,227854030.0,218644433.0,197170475.0,218369410.0,4,14,2,2021,0
4541,North Carolina,2021-04-18,222625362.0,227854030.0,205260322.0,213160625.0,4,15,2,2021,0
6390,North Carolina,2021-04-25,219968570.0,222625362.0,213801184.0,213896722.0,4,16,2,2021,0
1187,North Carolina,2021-05-02,234669454.0,219968570.0,250149444.0,219051176.0,5,17,2,2021,0
1703,North Carolina,2021-05-09,232823526.0,234669454.0,231871133.0,214391731.0,5,18,2,2021,0
4154,North Carolina,2021-05-16,230922247.0,232823526.0,214576034.0,206647393.0,5,19,2,2021,0
6003,North Carolina,2021-05-23,237750009.0,230922247.0,218644433.0,207366035.0,5,20,2,2021,0
7809,North Carolina,2021-05-30,243956230.0,237750009.0,227854030.0,206272025.0,5,21,2,2021,0
1488,North Carolina,2021-06-06,245680592.0,243956230.0,222625362.0,205375020.0,6,22,2,2021,0
3337,North Carolina,2021-06-13,244831126.0,245680592.0,219968570.0,202009933.0,6,23,2,2021,0
5186,North Carolina,2021-06-20,240639006.0,244831126.0,234669454.0,210278428.0,6,24,2,2021,0
7035,North Carolina,2021-06-27,246422545.0,240639006.0,232823526.0,195949554.0,6,25,2,2021,0
1359,North Carolina,2021-07-04,262767858.0,246422545.0,230922247.0,195796595.0,7,26,3,2021,0
1875,North Carolina,2021-07-11,243558258.0,262767858.0,237750009.0,201006438.0,7,27,3,2021,0
4584,North Carolina,2021-07-18,255252519.0,243558258.0,243956230.0,211981451.0,7,28,3,2021,0
6433,North Carolina,2021-07-25,250374722.0,255252519.0,245680592.0,192971375.0,7,29,3,2021,0
1144,North Carolina,2021-08-01,259772020.0,250374722.0,244831126.0,197454738.0,8,30,3,2021,0
1660,North Carolina,2021-08-08,250510025.0,259772020.0,240639006.0,198023453.0,8,31,3,2021,0
3896,North Carolina,2021-08-15,252832998.0,250510025.0,246422545.0,198861442.0,8,32,3,2021,0
5745,North Carolina,2021-08-22,247922537.0,252832998.0,262767858.0,194192190.0,8,33,3,2021,0
7594,North Carolina,2021-08-29,254935960.0,247922537.0,243558258.0,194920348.0,8,34,3,2021,0
1402,North Carolina,2021-09-05,255605154.0,254935960.0,255252519.0,197921622.0,9,35,3,2021,0
1918,North Carolina,2021-09-12,237152612.0,255605154.0,250374722.0,193478579.0,9,36,3,2021,0
5014,North Carolina,2021-09-19,236472548.0,237152612.0,259772020.0,197170475.0,9,37,3,2021,0
6863,North Carolina,2021-09-26,229811509.0,236472548.0,250510025.0,205260322.0,9,38,3,2021,0
1273,North Carolina,2021-10-03,339832033.0,229811509.0,252832998.0,213801184.0,10,39,4,2021,0
1789,North Carolina,2021-10-10,329225663.0,339832033.0,247922537.0,250149444.0,10,40,4,2021,0
4455,North Carolina,2021-10-17,326334722.0,329225663.0,254935960.0,231871133.0,10,41,4,2021,0
6304,North Carolina,2021-10-24,321305791.0,326334722.0,255605154.0,214576034.0,10,42,4,2021,0
8067,North Carolina,2021-10-31,318918242.0,321305791.0,237152612.0,218644433.0,10,43,4,2021,0
1617,North Carolina,2021-11-07,314989401.0,318918242.0,236472548.0,227854030.0,11,44,4,2021,0
3724,North Carolina,2021-11-14,319937028.0,314989401.0,229811509.0,222625362.0,11,45,4,2021,0
5573,North Carolina,2021-11-21,323170370.0,319937028.0,339832033.0,219968570.0,11,46,4,2021,0
7422,North Carolina,2021-11-28,301100478.0,323170370.0,329225663.0,234669454.0,11,47,4,2021,0
1445,North Carolina,2021-12-05,316615927.0,301100478.0,326334722.0,232823526.0,12,48,4,2021,0
1961,North Carolina,2021-12-12,304892072.0,316615927.0,321305791.0,230922247.0,12,49,4,2021,0
5057,North Carolina,2021-12-19,324501073.0,304892072.0,318918242.0,237750009.0,12,50,4,2021,0
6906,North Carolina,2021-12-26,311816528.0,324501073.0,314989401.0,243956230.0,12,51,4,2021,0
2047,North Carolina,2022-01-02,307769919.0,311816528.0,319937028.0,245680592.0,1,52,1,2022,0
2563,North Carolina,2022-01-09,307415597.0,307769919.0,323170370.0,244831126.0,1,1,1,2022,0
4025,North Carolina,2022-01-16,317739309.0,307415597.0,301100478.0,240639006.0,1,2,1,2022,0
5874,North Carolina,2022-01-23,303277162.0,317739309.0,316615927.0,246422545.0,1,3,1,2022,0
7723,North Carolina,2022-01-30,305642940.0,303277162.0,304892072.0,262767858.0,1,4,1,2022,0
2348,North Carolina,2022-02-06,307446659.0,305642940.0,324501073.0,243558258.0,2,5,1,2022,0
3251,North Carolina,2022-02-13,305513058.0,307446659.0,311816528.0,255252519.0,2,6,1,2022,0
5100,North Carolina,2022-02-20,304085030.0,305513058.0,307769919.0,250374722.0,2,7,1,2022,0
6949,North Carolina,2022-02-27,320728629.0,304085030.0,307415597.0,259772020.0,2,8,1,2022,0
2391,North Carolina,2022-03-06,327412713.0,320728629.0,317739309.0,250510025.0,3,9,1,2022,0
3294,North Carolina,2022-03-13,327342070.0,327412713.0,303277162.0,252832998.0,3,10,1,2022,0
5143,North Carolina,2022-03-20,324796946.0,327342070.0,305642940.0,247922537.0,3,11,1,2022,0
6992,North Carolina,2022-03-27,331119762.0,324796946.0,307446659.0,254935960.0,3,12,1,2022,0
2133,North Carolina,2022-04-03,335983497.0,331119762.0,305513058.0,255605154.0,4,13,2,2022,0
2649,North Carolina,2022-04-10,345884805.0,335983497.0,304085030.0,237152612.0,4,14,2,2022,0
4326,North Carolina,2022-04-17,346129560.0,345884805.0,320728629.0,236472548.0,4,15,2,2022,0
6175,North Carolina,2022-04-24,338935745.0,346129560.0,327412713.0,229811509.0,4,16,2,2022,0
2004,North Carolina,2022-05-01,359106865.0,338935745.0,327342070.0,339832033.0,5,17,2,2022,0
2520,North Carolina,2022-05-08,354025895.0,359106865.0,324796946.0,329225663.0,5,18,2,2022,0
3853,North Carolina,2022-05-15,349324173.0,354025895.0,331119762.0,326334722.0,5,19,2,2022,0
5702,North Carolina,2022-05-22,375923742.0,349324173.0,335983497.0,321305791.0,5,20,2,2022,0
7551,North Carolina,2022-05-29,377415583.0,375923742.0,345884805.0,318918242.0,5,21,2,2022,0
2305,North Carolina,2022-06-05,360594346.0,377415583.0,346129560.0,314989401.0,6,22,2,2022,0
2821,North Carolina,2022-06-12,365018163.0,360594346.0,338935745.0,319937028.0,6,23,2,2022,0
4928,North Carolina,2022-06-19,374160521.0,365018163.0,359106865.0,323170370.0,6,24,2,2022,0
6777,North Carolina,2022-06-26,372911005.0,374160521.0,354025895.0,301100478.0,6,25,2,2022,0
2176,North Carolina,2022-07-03,391066707.0,372911005.0,349324173.0,316615927.0,7,26,3,2022,0
2692,North Carolina,2022-07-10,364210620.0,391066707.0,375923742.0,304892072.0,7,27,3,2022,0
4412,North Carolina,2022-07-17,373161787.0,364210620.0,377415583.0,324501073.0,7,28,3,2022,0
6261,North Carolina,2022-07-24,375550450.0,373161787.0,360594346.0,311816528.0,7,29,3,2022,0
8024,North Carolina,2022-07-31,388253576.0,375550450.0,365018163.0,307769919.0,7,30,3,2022,0
2477,North Carolina,2022-08-07,385628351.0,388253576.0,374160521.0,307415597.0,8,31,3,2022,0
3681,North Carolina,2022-08-14,383416221.0,385628351.0,372911005.0,317739309.0,8,32,3,2022,0
5530,North Carolina,2022-08-21,374279033.0,383416221.0,391066707.0,303277162.0,8,33,3,2022,0
7379,North Carolina,2022-08-28,390886096.0,374279033.0,364210620.0,305642940.0,8,34,3,2022,0
2219,North Carolina,2022-09-04,387763951.0,390886096.0,373161787.0,307446659.0,9,35,3,2022,0
2735,North Carolina,2022-09-11,359529906.0,387763951.0,375550450.0,305513058.0,9,36,3,2022,0
4627,North Carolina,2022-09-18,362873266.0,359529906.0,388253576.0,304085030.0,9,37,3,2022,0
6476,North Carolina,2022-09-25,364029672.0,362873266.0,385628351.0,320728629.0,9,38,3,2022,0
2090,North Carolina,2022-10-02,366438629.0,364029672.0,383416221.0,327412713.0,10,39,4,2022,0
2606,North Carolina,2022-10-09,346157533.0,366438629.0,374279033.0,327342070.0,10,40,4,2022,0
4240,North Carolina,2022-10-16,348578178.0,346157533.0,390886096.0,324796946.0,10,41,4,2022,0
6089,North Carolina,2022-10-23,341495602.0,348578178.0,387763951.0,331119762.0,10,42,4,2022,0
7895,North Carolina,2022-10-30,339188862.0,341495602.0,359529906.0,335983497.0,10,43,4,2022,0
2434,North Carolina,2022-11-06,336065450.0,339188862.0,362873266.0,345884805.0,11,44,4,2022,0
3466,North Carolina,2022-11-13,337474742.0,336065450.0,364029672.0,346129560.0,11,45,4,2022,0
5315,North Carolina,2022-11-20,347135355.0,337474742.0,366438629.0,338935745.0,11,46,4,2022,0
7164,North Carolina,2022-11-27,327820084.0,347135355.0,346157533.0,359106865.0,11,47,4,2022,0
2262,North Carolina,2022-12-04,329838246.0,327820084.0,348578178.0,354025895.0,12,48,4,2022,0
2778,North Carolina,2022-12-11,331479550.0,329838246.0,341495602.0,349324173.0,12,49,4,2022,0
4713,North Carolina,2022-12-18,349522958.0,331479550.0,339188862.0,375923742.0,12,50,4,2022,0
6562,North Carolina,2022-12-25,344835447.0,349522958.0,336065450.0,377415583.0,12,51,4,2022,0
2864,North Carolina,2023-01-01,329375264.0,344835447.0,337474742.0,360594346.0,1,52,1,2023,0
3079,North Carolina,2023-01-08,322909955.0,329375264.0,347135355.0,365018163.0,1,1,1,2023,0
3767,North Carolina,2023-01-15,337781732.0,322909955.0,327820084.0,374160521.0,1,2,1,2023,0
5616,North Carolina,2023-01-22,319300280.0,337781732.0,329838246.0,372911005.0,1,3,1,2023,0
7465,North Carolina,2023-01-29,324629872.0,319300280.0,331479550.0,391066707.0,1,4,1,2023,0
2950,North Carolina,2023-02-05,324210092.0,324629872.0,349522958.0,364210620.0,2,5,1,2023,0
3165,North Carolina,2023-02-12,331090097.0,324210092.0,344835447.0,373161787.0,2,6,1,2023,0
4799,North Carolina,2023-02-19,332000464.0,331090097.0,329375264.0,375550450.0,2,7,1,2023,0
6648,North Carolina,2023-02-26,339919144.0,332000464.0,322909955.0,388253576.0,2,8,1,2023,0
2993,North Carolina,2023-03-05,352498465.0,339919144.0,337781732.0,385628351.0,3,9,1,2023,0
3208,North Carolina,2023-03-12,382671103.0,352498465.0,319300280.0,383416221.0,3,10,1,2023,0
4842,North Carolina,2023-03-19,362190665.0,382671103.0,324629872.0,374279033.0,3,11,1,2023,0
6691,North Carolina,2023-03-26,347895365.0,362190665.0,324210092.0,390886096.0,3,12,1,2023,0
2907,North Carolina,2023-04-02,350781557.0,347895365.0,331090097.0,387763951.0,4,13,2,2023,0
3122,North Carolina,2023-04-09,359940244.0,350781557.0,332000464.0,359529906.0,4,14,2,2023,0
4111,North Carolina,2023-04-16,360726490.0,359940244.0,339919144.0,362873266.0,4,15,2,2023,0
5960,North Carolina,2023-04-23,364452660.0,360726490.0,352498465.0,364029672.0,4,16,2,2023,0
7766,North Carolina,2023-04-30,368494194.0,364452660.0,382671103.0,366438629.0,4,17,2,2023,0
3036,North Carolina,2023-05-07,373088425.0,368494194.0,362190665.0,346157533.0,5,18,2,2023,0
113,Ohio,2019-10-06,219232699.0,373088425.0,347895365.0,348578178.0,10,40,4,2019,0
3424,Ohio,2019-10-13,211680283.0,219232699.0,350781557.0,341495602.0,10,41,4,2019,0
5273,Ohio,2019-10-20,201987064.0,211680283.0,359940244.0,339188862.0,10,42,4,2019,0
7122,Ohio,2019-10-27,197831851.0,201987064.0,360726490.0,336065450.0,10,43,4,2019,0
70,Ohio,2019-11-03,198087098.0,197831851.0,364452660.0,337474742.0,11,44,4,2019,0
199,Ohio,2019-11-10,198142592.0,198087098.0,368494194.0,347135355.0,11,45,4,2019,0
4499,Ohio,2019-11-17,200628466.0,198142592.0,373088425.0,327820084.0,11,46,4,2019,0
6348,Ohio,2019-11-24,204767243.0,200628466.0,219232699.0,329838246.0,11,47,4,2019,0
27,Ohio,2019-12-01,194452564.0,204767243.0,211680283.0,331479550.0,12,48,4,2019,0
156,Ohio,2019-12-08,196752183.0,194452564.0,201987064.0,349522958.0,12,49,4,2019,0
3983,Ohio,2019-12-15,202276981.0,196752183.0,197831851.0,344835447.0,12,50,4,2019,0
5832,Ohio,2019-12-22,214289031.0,202276981.0,198087098.0,329375264.0,12,51,4,2019,0
7681,Ohio,2019-12-29,199101096.0,214289031.0,198142592.0,322909955.0,12,52,4,2019,0
500,Ohio,2020-01-05,194707669.0,199101096.0,200628466.0,337781732.0,1,1,1,2020,0
1016,Ohio,2020-01-12,195597051.0,194707669.0,204767243.0,319300280.0,1,2,1,2020,0
4757,Ohio,2020-01-19,201220136.0,195597051.0,194452564.0,324629872.0,1,3,1,2020,0
6606,Ohio,2020-01-26,185511873.0,201220136.0,196752183.0,324210092.0,1,4,1,2020,0
328,Ohio,2020-02-02,194171999.0,185511873.0,202276981.0,331090097.0,2,5,1,2020,0
844,Ohio,2020-02-09,194908906.0,194171999.0,214289031.0,332000464.0,2,6,1,2020,0
4069,Ohio,2020-02-16,193373327.0,194908906.0,199101096.0,339919144.0,2,7,1,2020,0
5918,Ohio,2020-02-23,198453917.0,193373327.0,194707669.0,352498465.0,2,8,1,2020,0
242,Ohio,2020-03-01,207137431.0,198453917.0,195597051.0,382671103.0,3,9,1,2020,0
758,Ohio,2020-03-08,210814996.0,207137431.0,201220136.0,362190665.0,3,10,1,2020,0
3811,Ohio,2020-03-15,240524150.0,210814996.0,185511873.0,347895365.0,3,11,1,2020,0
5660,Ohio,2020-03-22,228133662.0,240524150.0,194171999.0,350781557.0,3,12,1,2020,0
7509,Ohio,2020-03-29,199404366.0,228133662.0,194908906.0,359940244.0,3,13,1,2020,0
543,Ohio,2020-04-05,210675230.0,199404366.0,193373327.0,360726490.0,4,14,2,2020,0
1059,Ohio,2020-04-12,214025158.0,210675230.0,198453917.0,364452660.0,4,15,2,2020,0
4886,Ohio,2020-04-19,213052315.0,214025158.0,207137431.0,368494194.0,4,16,2,2020,0
6735,Ohio,2020-04-26,209183034.0,213052315.0,210814996.0,373088425.0,4,17,2,2020,0
414,Ohio,2020-05-03,223836360.0,209183034.0,240524150.0,219232699.0,5,18,2,2020,0
930,Ohio,2020-05-10,226238937.0,223836360.0,228133662.0,211680283.0,5,19,2,2020,0
4370,Ohio,2020-05-17,225003095.0,226238937.0,199404366.0,201987064.0,5,20,2,2020,0
6219,Ohio,2020-05-24,240369773.0,225003095.0,210675230.0,197831851.0,5,21,2,2020,0
7982,Ohio,2020-05-31,236247661.0,240369773.0,214025158.0,198087098.0,5,22,2,2020,0
715,Ohio,2020-06-07,241583579.0,236247661.0,213052315.0,198142592.0,6,23,2,2020,0
3639,Ohio,2020-06-14,238503357.0,241583579.0,209183034.0,200628466.0,6,24,2,2020,0
5488,Ohio,2020-06-21,237637396.0,238503357.0,223836360.0,204767243.0,6,25,2,2020,0
7337,Ohio,2020-06-28,247324697.0,237637396.0,226238937.0,194452564.0,6,26,2,2020,0
586,Ohio,2020-07-05,267702631.0,247324697.0,225003095.0,196752183.0,7,27,3,2020,0
1102,Ohio,2020-07-12,244679996.0,267702631.0,240369773.0,202276981.0,7,28,3,2020,0
4972,Ohio,2020-07-19,248164573.0,244679996.0,236247661.0,214289031.0,7,29,3,2020,0
6821,Ohio,2020-07-26,236520987.0,248164573.0,241583579.0,199101096.0,7,30,3,2020,0
371,Ohio,2020-08-02,238840787.0,236520987.0,238503357.0,194707669.0,8,31,3,2020,0
887,Ohio,2020-08-09,238780801.0,238840787.0,237637396.0,195597051.0,8,32,3,2020,0
4198,Ohio,2020-08-16,240222406.0,238780801.0,247324697.0,201220136.0,8,33,3,2020,0
6047,Ohio,2020-08-23,235466939.0,240222406.0,267702631.0,185511873.0,8,34,3,2020,0
7853,Ohio,2020-08-30,234735308.0,235466939.0,244679996.0,194171999.0,8,35,3,2020,0
629,Ohio,2020-09-06,233961924.0,234735308.0,248164573.0,194908906.0,9,36,3,2020,0
3381,Ohio,2020-09-13,229873378.0,233961924.0,236520987.0,193373327.0,9,37,3,2020,0
5230,Ohio,2020-09-20,226091818.0,229873378.0,238840787.0,198453917.0,9,38,3,2020,0
7079,Ohio,2020-09-27,224932590.0,226091818.0,238780801.0,207137431.0,9,39,3,2020,0
457,Ohio,2020-10-04,227625341.0,224932590.0,240222406.0,210814996.0,10,40,4,2020,0
973,Ohio,2020-10-11,222210218.0,227625341.0,235466939.0,240524150.0,10,41,4,2020,0
4671,Ohio,2020-10-18,217012144.0,222210218.0,234735308.0,228133662.0,10,42,4,2020,0
6520,Ohio,2020-10-25,212195348.0,217012144.0,233961924.0,199404366.0,10,43,4,2020,0
285,Ohio,2020-11-01,212163692.0,212195348.0,229873378.0,210675230.0,11,44,4,2020,0
801,Ohio,2020-11-08,214492819.0,212163692.0,226091818.0,214025158.0,11,45,4,2020,0
3940,Ohio,2020-11-15,219089701.0,214492819.0,224932590.0,213052315.0,11,46,4,2020,0
5789,Ohio,2020-11-22,222840501.0,219089701.0,227625341.0,209183034.0,11,47,4,2020,0
7638,Ohio,2020-11-29,206662430.0,222840501.0,222210218.0,223836360.0,11,48,4,2020,0
672,Ohio,2020-12-06,203933466.0,206662430.0,217012144.0,226238937.0,12,49,4,2020,0
3510,Ohio,2020-12-13,212194947.0,203933466.0,212195348.0,225003095.0,12,50,4,2020,0
5359,Ohio,2020-12-20,221969823.0,212194947.0,212163692.0,240369773.0,12,51,4,2020,0
7208,Ohio,2020-12-27,211281604.0,221969823.0,214492819.0,236247661.0,12,52,4,2020,0
1231,Ohio,2021-01-03,206189548.0,211281604.0,219089701.0,241583579.0,1,53,1,2021,0
1747,Ohio,2021-01-10,206010975.0,206189548.0,222840501.0,238503357.0,1,1,1,2021,0
4284,Ohio,2021-01-17,211318772.0,206010975.0,206662430.0,237637396.0,1,2,1,2021,0
6133,Ohio,2021-01-24,206193706.0,211318772.0,203933466.0,247324697.0,1,3,1,2021,0
7939,Ohio,2021-01-31,210181156.0,206193706.0,212194947.0,267702631.0,1,4,1,2021,0
1532,Ohio,2021-02-07,208721327.0,210181156.0,221969823.0,244679996.0,2,5,1,2021,0
3553,Ohio,2021-02-14,209649080.0,208721327.0,211281604.0,248164573.0,2,6,1,2021,0
5402,Ohio,2021-02-21,205054556.0,209649080.0,206189548.0,236520987.0,2,7,1,2021,0
7251,Ohio,2021-02-28,215469980.0,205054556.0,206010975.0,238840787.0,2,8,1,2021,0
1575,Ohio,2021-03-07,225933533.0,215469980.0,211318772.0,238780801.0,3,9,1,2021,0
3596,Ohio,2021-03-14,256382315.0,225933533.0,206193706.0,240222406.0,3,10,1,2021,0
5445,Ohio,2021-03-21,244453801.0,256382315.0,210181156.0,235466939.0,3,11,1,2021,0
7294,Ohio,2021-03-28,218687883.0,244453801.0,208721327.0,234735308.0,3,12,1,2021,0
1317,Ohio,2021-04-04,230104966.0,218687883.0,209649080.0,233961924.0,4,13,2,2021,0
1833,Ohio,2021-04-11,228406975.0,230104966.0,205054556.0,229873378.0,4,14,2,2021,0
4542,Ohio,2021-04-18,225595014.0,228406975.0,215469980.0,226091818.0,4,15,2,2021,0
6391,Ohio,2021-04-25,229411900.0,225595014.0,225933533.0,224932590.0,4,16,2,2021,0
1188,Ohio,2021-05-02,241188313.0,229411900.0,256382315.0,227625341.0,5,17,2,2021,0
1704,Ohio,2021-05-09,239651791.0,241188313.0,244453801.0,222210218.0,5,18,2,2021,0
4155,Ohio,2021-05-16,236972447.0,239651791.0,218687883.0,217012144.0,5,19,2,2021,0
6004,Ohio,2021-05-23,257609254.0,236972447.0,230104966.0,212195348.0,5,20,2,2021,0
7810,Ohio,2021-05-30,260805091.0,257609254.0,228406975.0,212163692.0,5,21,2,2021,0
1489,Ohio,2021-06-06,255965467.0,260805091.0,225595014.0,214492819.0,6,22,2,2021,0
3338,Ohio,2021-06-13,260247808.0,255965467.0,229411900.0,219089701.0,6,23,2,2021,0
5187,Ohio,2021-06-20,261049329.0,260247808.0,241188313.0,222840501.0,6,24,2,2021,0
7036,Ohio,2021-06-27,255681942.0,261049329.0,239651791.0,206662430.0,6,25,2,2021,0
1360,Ohio,2021-07-04,285647804.0,255681942.0,236972447.0,203933466.0,7,26,3,2021,0
1876,Ohio,2021-07-11,258660829.0,285647804.0,257609254.0,212194947.0,7,27,3,2021,0
4585,Ohio,2021-07-18,255957268.0,258660829.0,260805091.0,221969823.0,7,28,3,2021,0
6434,Ohio,2021-07-25,257077481.0,255957268.0,255965467.0,211281604.0,7,29,3,2021,0
1145,Ohio,2021-08-01,258370632.0,257077481.0,260247808.0,206189548.0,8,30,3,2021,0
1661,Ohio,2021-08-08,257301256.0,258370632.0,261049329.0,206010975.0,8,31,3,2021,0
3897,Ohio,2021-08-15,260135445.0,257301256.0,255681942.0,211318772.0,8,32,3,2021,0
5746,Ohio,2021-08-22,254931700.0,260135445.0,285647804.0,206193706.0,8,33,3,2021,0
7595,Ohio,2021-08-29,263053999.0,254931700.0,258660829.0,210181156.0,8,34,3,2021,0
1403,Ohio,2021-09-05,260169046.0,263053999.0,255957268.0,208721327.0,9,35,3,2021,0
1919,Ohio,2021-09-12,244404075.0,260169046.0,257077481.0,209649080.0,9,36,3,2021,0
5015,Ohio,2021-09-19,245657728.0,244404075.0,258370632.0,205054556.0,9,37,3,2021,0
6864,Ohio,2021-09-26,239275636.0,245657728.0,257301256.0,215469980.0,9,38,3,2021,0
1274,Ohio,2021-10-03,350738187.0,239275636.0,260135445.0,225933533.0,10,39,4,2021,0
1790,Ohio,2021-10-10,347613232.0,350738187.0,254931700.0,256382315.0,10,40,4,2021,0
4456,Ohio,2021-10-17,338945510.0,347613232.0,263053999.0,244453801.0,10,41,4,2021,0
6305,Ohio,2021-10-24,328756527.0,338945510.0,260169046.0,218687883.0,10,42,4,2021,0
8068,Ohio,2021-10-31,327228674.0,328756527.0,244404075.0,230104966.0,10,43,4,2021,0
1618,Ohio,2021-11-07,330215048.0,327228674.0,245657728.0,228406975.0,11,44,4,2021,0
3725,Ohio,2021-11-14,338932007.0,330215048.0,239275636.0,225595014.0,11,45,4,2021,0
5574,Ohio,2021-11-21,343745436.0,338932007.0,350738187.0,229411900.0,11,46,4,2021,0
7423,Ohio,2021-11-28,313850754.0,343745436.0,347613232.0,241188313.0,11,47,4,2021,0
1446,Ohio,2021-12-05,318626998.0,313850754.0,338945510.0,239651791.0,12,48,4,2021,0
1962,Ohio,2021-12-12,329606167.0,318626998.0,328756527.0,236972447.0,12,49,4,2021,0
5058,Ohio,2021-12-19,350739795.0,329606167.0,327228674.0,257609254.0,12,50,4,2021,0
6907,Ohio,2021-12-26,329634201.0,350739795.0,330215048.0,260805091.0,12,51,4,2021,0
2048,Ohio,2022-01-02,317556878.0,329634201.0,338932007.0,255965467.0,1,52,1,2022,0
2564,Ohio,2022-01-09,317735764.0,317556878.0,343745436.0,260247808.0,1,1,1,2022,0
4026,Ohio,2022-01-16,333776108.0,317735764.0,313850754.0,261049329.0,1,2,1,2022,0
5875,Ohio,2022-01-23,312961229.0,333776108.0,318626998.0,255681942.0,1,3,1,2022,0
7724,Ohio,2022-01-30,325142325.0,312961229.0,329606167.0,285647804.0,1,4,1,2022,0
2349,Ohio,2022-02-06,323243634.0,325142325.0,350739795.0,258660829.0,2,5,1,2022,0
3252,Ohio,2022-02-13,327062388.0,323243634.0,329634201.0,255957268.0,2,6,1,2022,0
5101,Ohio,2022-02-20,317667282.0,327062388.0,317556878.0,257077481.0,2,7,1,2022,0
6950,Ohio,2022-02-27,336017692.0,317667282.0,317735764.0,258370632.0,2,8,1,2022,0
2392,Ohio,2022-03-06,341919690.0,336017692.0,333776108.0,257301256.0,3,9,1,2022,0
3295,Ohio,2022-03-13,342923345.0,341919690.0,312961229.0,260135445.0,3,10,1,2022,0
5144,Ohio,2022-03-20,342949048.0,342923345.0,325142325.0,254931700.0,3,11,1,2022,0
6993,Ohio,2022-03-27,345210331.0,342949048.0,323243634.0,263053999.0,3,12,1,2022,0
2134,Ohio,2022-04-03,355092500.0,345210331.0,327062388.0,260169046.0,4,13,2,2022,0
2650,Ohio,2022-04-10,354698622.0,355092500.0,317667282.0,244404075.0,4,14,2,2022,0
4327,Ohio,2022-04-17,364386081.0,354698622.0,336017692.0,245657728.0,4,15,2,2022,0
6176,Ohio,2022-04-24,344406839.0,364386081.0,341919690.0,239275636.0,4,16,2,2022,0
2005,Ohio,2022-05-01,363505083.0,344406839.0,342923345.0,350738187.0,5,17,2,2022,0
2521,Ohio,2022-05-08,362430701.0,363505083.0,342949048.0,347613232.0,5,18,2,2022,0
3854,Ohio,2022-05-15,374421962.0,362430701.0,345210331.0,338945510.0,5,19,2,2022,0
5703,Ohio,2022-05-22,392819353.0,374421962.0,355092500.0,328756527.0,5,20,2,2022,0
7552,Ohio,2022-05-29,389766405.0,392819353.0,354698622.0,327228674.0,5,21,2,2022,0
2306,Ohio,2022-06-05,379192217.0,389766405.0,364386081.0,330215048.0,6,22,2,2022,0
2822,Ohio,2022-06-12,374709730.0,379192217.0,344406839.0,338932007.0,6,23,2,2022,0
4929,Ohio,2022-06-19,385777555.0,374709730.0,363505083.0,343745436.0,6,24,2,2022,0
6778,Ohio,2022-06-26,393034379.0,385777555.0,362430701.0,313850754.0,6,25,2,2022,0
2177,Ohio,2022-07-03,422656741.0,393034379.0,374421962.0,318626998.0,7,26,3,2022,0
2693,Ohio,2022-07-10,384253588.0,422656741.0,392819353.0,329606167.0,7,27,3,2022,0
4413,Ohio,2022-07-17,384440093.0,384253588.0,389766405.0,350739795.0,7,28,3,2022,0
6262,Ohio,2022-07-24,384467292.0,384440093.0,379192217.0,329634201.0,7,29,3,2022,0
8025,Ohio,2022-07-31,393398135.0,384467292.0,374709730.0,317556878.0,7,30,3,2022,0
2478,Ohio,2022-08-07,398641730.0,393398135.0,385777555.0,317735764.0,8,31,3,2022,0
3682,Ohio,2022-08-14,388633203.0,398641730.0,393034379.0,333776108.0,8,32,3,2022,0
5531,Ohio,2022-08-21,386809038.0,388633203.0,422656741.0,312961229.0,8,33,3,2022,0
7380,Ohio,2022-08-28,391441092.0,386809038.0,384253588.0,325142325.0,8,34,3,2022,0
2220,Ohio,2022-09-04,391219461.0,391441092.0,384440093.0,323243634.0,9,35,3,2022,0
2736,Ohio,2022-09-11,374480054.0,391219461.0,384467292.0,327062388.0,9,36,3,2022,0
4628,Ohio,2022-09-18,377247509.0,374480054.0,393398135.0,317667282.0,9,37,3,2022,0
6477,Ohio,2022-09-25,366224653.0,377247509.0,398641730.0,336017692.0,9,38,3,2022,0
2091,Ohio,2022-10-02,371926158.0,366224653.0,388633203.0,341919690.0,10,39,4,2022,0
2607,Ohio,2022-10-09,367820685.0,371926158.0,386809038.0,342923345.0,10,40,4,2022,0
4241,Ohio,2022-10-16,361905757.0,367820685.0,391441092.0,342949048.0,10,41,4,2022,0
6090,Ohio,2022-10-23,351248017.0,361905757.0,391219461.0,345210331.0,10,42,4,2022,0
7896,Ohio,2022-10-30,351473786.0,351248017.0,374480054.0,355092500.0,10,43,4,2022,0
2435,Ohio,2022-11-06,352545430.0,351473786.0,377247509.0,354698622.0,11,44,4,2022,0
3467,Ohio,2022-11-13,353850999.0,352545430.0,366224653.0,364386081.0,11,45,4,2022,0
5316,Ohio,2022-11-20,364957301.0,353850999.0,371926158.0,344406839.0,11,46,4,2022,0
7165,Ohio,2022-11-27,348892642.0,364957301.0,367820685.0,363505083.0,11,47,4,2022,0
2263,Ohio,2022-12-04,338187047.0,348892642.0,361905757.0,362430701.0,12,48,4,2022,0
2779,Ohio,2022-12-11,349988156.0,338187047.0,351248017.0,374421962.0,12,49,4,2022,0
4714,Ohio,2022-12-18,371400664.0,349988156.0,351473786.0,392819353.0,12,50,4,2022,0
6563,Ohio,2022-12-25,373152315.0,371400664.0,352545430.0,389766405.0,12,51,4,2022,0
2865,Ohio,2023-01-01,334633506.0,373152315.0,353850999.0,379192217.0,1,52,1,2023,0
3080,Ohio,2023-01-08,330617117.0,334633506.0,364957301.0,374709730.0,1,1,1,2023,0
3768,Ohio,2023-01-15,340904511.0,330617117.0,348892642.0,385777555.0,1,2,1,2023,0
5617,Ohio,2023-01-22,335002264.0,340904511.0,338187047.0,393034379.0,1,3,1,2023,0
7466,Ohio,2023-01-29,340561717.0,335002264.0,349988156.0,422656741.0,1,4,1,2023,0
2951,Ohio,2023-02-05,343769116.0,340561717.0,371400664.0,384253588.0,2,5,1,2023,0
3166,Ohio,2023-02-12,351100217.0,343769116.0,373152315.0,384440093.0,2,6,1,2023,0
4800,Ohio,2023-02-19,347650674.0,351100217.0,334633506.0,384467292.0,2,7,1,2023,0
6649,Ohio,2023-02-26,353624113.0,347650674.0,330617117.0,393398135.0,2,8,1,2023,0
2994,Ohio,2023-03-05,370462700.0,353624113.0,340904511.0,398641730.0,3,9,1,2023,0
3209,Ohio,2023-03-12,396326368.0,370462700.0,335002264.0,388633203.0,3,10,1,2023,0
4843,Ohio,2023-03-19,378725666.0,396326368.0,340561717.0,386809038.0,3,11,1,2023,0
6692,Ohio,2023-03-26,350900425.0,378725666.0,343769116.0,391441092.0,3,12,1,2023,0
2908,Ohio,2023-04-02,359887955.0,350900425.0,351100217.0,391219461.0,4,13,2,2023,0
3123,Ohio,2023-04-09,373981010.0,359887955.0,347650674.0,374480054.0,4,14,2,2023,0
4112,Ohio,2023-04-16,374911718.0,373981010.0,353624113.0,377247509.0,4,15,2,2023,0
5961,Ohio,2023-04-23,369690371.0,374911718.0,370462700.0,366224653.0,4,16,2,2023,0
7767,Ohio,2023-04-30,381198123.0,369690371.0,396326368.0,371926158.0,4,17,2,2023,0
3037,Ohio,2023-05-07,385825886.0,381198123.0,378725666.0,367820685.0,5,18,2,2023,0
114,Oklahoma,2019-10-06,85463186.0,385825886.0,350900425.0,361905757.0,10,40,4,2019,0
3425,Oklahoma,2019-10-13,80326243.0,85463186.0,359887955.0,351248017.0,10,41,4,2019,0
5274,Oklahoma,2019-10-20,77607881.0,80326243.0,373981010.0,351473786.0,10,42,4,2019,0
7123,Oklahoma,2019-10-27,75895543.0,77607881.0,374911718.0,352545430.0,10,43,4,2019,0
71,Oklahoma,2019-11-03,78606324.0,75895543.0,369690371.0,353850999.0,11,44,4,2019,0
200,Oklahoma,2019-11-10,79735847.0,78606324.0,381198123.0,364957301.0,11,45,4,2019,0
4500,Oklahoma,2019-11-17,78375343.0,79735847.0,385825886.0,348892642.0,11,46,4,2019,0
6349,Oklahoma,2019-11-24,78566416.0,78375343.0,85463186.0,338187047.0,11,47,4,2019,0
28,Oklahoma,2019-12-01,77743070.0,78566416.0,80326243.0,349988156.0,12,48,4,2019,0
157,Oklahoma,2019-12-08,79333316.0,77743070.0,77607881.0,371400664.0,12,49,4,2019,0
3984,Oklahoma,2019-12-15,75511949.0,79333316.0,75895543.0,373152315.0,12,50,4,2019,0
5833,Oklahoma,2019-12-22,79011300.0,75511949.0,78606324.0,334633506.0,12,51,4,2019,0
7682,Oklahoma,2019-12-29,74528181.0,79011300.0,79735847.0,330617117.0,12,52,4,2019,0
501,Oklahoma,2020-01-05,74745582.0,74528181.0,78375343.0,340904511.0,1,1,1,2020,0
1017,Oklahoma,2020-01-12,76919151.0,74745582.0,78566416.0,335002264.0,1,2,1,2020,0
4758,Oklahoma,2020-01-19,75239593.0,76919151.0,77743070.0,340561717.0,1,3,1,2020,0
6607,Oklahoma,2020-01-26,72603775.0,75239593.0,79333316.0,343769116.0,1,4,1,2020,0
329,Oklahoma,2020-02-02,76740454.0,72603775.0,75511949.0,351100217.0,2,5,1,2020,0
845,Oklahoma,2020-02-09,76848767.0,76740454.0,79011300.0,347650674.0,2,6,1,2020,0
4070,Oklahoma,2020-02-16,76079559.0,76848767.0,74528181.0,353624113.0,2,7,1,2020,0
5919,Oklahoma,2020-02-23,75792847.0,76079559.0,74745582.0,370462700.0,2,8,1,2020,0
243,Oklahoma,2020-03-01,82141566.0,75792847.0,76919151.0,396326368.0,3,9,1,2020,0
759,Oklahoma,2020-03-08,85093040.0,82141566.0,75239593.0,378725666.0,3,10,1,2020,0
3812,Oklahoma,2020-03-15,90347234.0,85093040.0,72603775.0,350900425.0,3,11,1,2020,0
5661,Oklahoma,2020-03-22,88597026.0,90347234.0,76740454.0,359887955.0,3,12,1,2020,0
7510,Oklahoma,2020-03-29,80631133.0,88597026.0,76848767.0,373981010.0,3,13,1,2020,0
544,Oklahoma,2020-04-05,83714875.0,80631133.0,76079559.0,374911718.0,4,14,2,2020,0
1060,Oklahoma,2020-04-12,84529308.0,83714875.0,75792847.0,369690371.0,4,15,2,2020,0
4887,Oklahoma,2020-04-19,83048164.0,84529308.0,82141566.0,381198123.0,4,16,2,2020,0
6736,Oklahoma,2020-04-26,83200720.0,83048164.0,85093040.0,385825886.0,4,17,2,2020,0
415,Oklahoma,2020-05-03,88871582.0,83200720.0,90347234.0,85463186.0,5,18,2,2020,0
931,Oklahoma,2020-05-10,87590117.0,88871582.0,88597026.0,80326243.0,5,19,2,2020,0
4371,Oklahoma,2020-05-17,86966076.0,87590117.0,80631133.0,77607881.0,5,20,2,2020,0
6220,Oklahoma,2020-05-24,89019569.0,86966076.0,83714875.0,75895543.0,5,21,2,2020,0
7983,Oklahoma,2020-05-31,86013312.0,89019569.0,84529308.0,78606324.0,5,22,2,2020,0
716,Oklahoma,2020-06-07,94400100.0,86013312.0,83048164.0,79735847.0,6,23,2,2020,0
3640,Oklahoma,2020-06-14,92684021.0,94400100.0,83200720.0,78375343.0,6,24,2,2020,0
5489,Oklahoma,2020-06-21,90904542.0,92684021.0,88871582.0,78566416.0,6,25,2,2020,0
7338,Oklahoma,2020-06-28,90695835.0,90904542.0,87590117.0,77743070.0,6,26,2,2020,0
587,Oklahoma,2020-07-05,99205083.0,90695835.0,86966076.0,79333316.0,7,27,3,2020,0
1103,Oklahoma,2020-07-12,91139685.0,99205083.0,89019569.0,75511949.0,7,28,3,2020,0
4973,Oklahoma,2020-07-19,93341990.0,91139685.0,86013312.0,79011300.0,7,29,3,2020,0
6822,Oklahoma,2020-07-26,89731978.0,93341990.0,94400100.0,74528181.0,7,30,3,2020,0
372,Oklahoma,2020-08-02,90586373.0,89731978.0,92684021.0,74745582.0,8,31,3,2020,0
888,Oklahoma,2020-08-09,93480651.0,90586373.0,90904542.0,76919151.0,8,32,3,2020,0
4199,Oklahoma,2020-08-16,94816278.0,93480651.0,90695835.0,75239593.0,8,33,3,2020,0
6048,Oklahoma,2020-08-23,90109170.0,94816278.0,99205083.0,72603775.0,8,34,3,2020,0
7854,Oklahoma,2020-08-30,90142387.0,90109170.0,91139685.0,76740454.0,8,35,3,2020,0
630,Oklahoma,2020-09-06,94396915.0,90142387.0,93341990.0,76848767.0,9,36,3,2020,0
3382,Oklahoma,2020-09-13,89514980.0,94396915.0,89731978.0,76079559.0,9,37,3,2020,0
5231,Oklahoma,2020-09-20,88421653.0,89514980.0,90586373.0,75792847.0,9,38,3,2020,0
7080,Oklahoma,2020-09-27,85283480.0,88421653.0,93480651.0,82141566.0,9,39,3,2020,0
458,Oklahoma,2020-10-04,88335873.0,85283480.0,94816278.0,85093040.0,10,40,4,2020,0
974,Oklahoma,2020-10-11,87882414.0,88335873.0,90109170.0,90347234.0,10,41,4,2020,0
4672,Oklahoma,2020-10-18,85645824.0,87882414.0,90142387.0,88597026.0,10,42,4,2020,0
6521,Oklahoma,2020-10-25,80946232.0,85645824.0,94396915.0,80631133.0,10,43,4,2020,0
286,Oklahoma,2020-11-01,81182720.0,80946232.0,89514980.0,83714875.0,11,44,4,2020,0
802,Oklahoma,2020-11-08,86781884.0,81182720.0,88421653.0,84529308.0,11,45,4,2020,0
3941,Oklahoma,2020-11-15,83683257.0,86781884.0,85283480.0,83048164.0,11,46,4,2020,0
5790,Oklahoma,2020-11-22,85284485.0,83683257.0,88335873.0,83200720.0,11,47,4,2020,0
7639,Oklahoma,2020-11-29,81307554.0,85284485.0,87882414.0,88871582.0,11,48,4,2020,0
673,Oklahoma,2020-12-06,80958930.0,81307554.0,85645824.0,87590117.0,12,49,4,2020,0
3511,Oklahoma,2020-12-13,82702750.0,80958930.0,80946232.0,86966076.0,12,50,4,2020,0
5360,Oklahoma,2020-12-20,81442287.0,82702750.0,81182720.0,89019569.0,12,51,4,2020,0
7209,Oklahoma,2020-12-27,79754543.0,81442287.0,86781884.0,86013312.0,12,52,4,2020,0
1232,Oklahoma,2021-01-03,79645363.0,79754543.0,83683257.0,94400100.0,1,53,1,2021,0
1748,Oklahoma,2021-01-10,82319646.0,79645363.0,85284485.0,92684021.0,1,1,1,2021,0
4285,Oklahoma,2021-01-17,80475327.0,82319646.0,81307554.0,90904542.0,1,2,1,2021,0
6134,Oklahoma,2021-01-24,78059157.0,80475327.0,80958930.0,90695835.0,1,3,1,2021,0
7940,Oklahoma,2021-01-31,79728181.0,78059157.0,82702750.0,99205083.0,1,4,1,2021,0
1533,Oklahoma,2021-02-07,84110542.0,79728181.0,81442287.0,91139685.0,2,5,1,2021,0
3554,Oklahoma,2021-02-14,84187147.0,84110542.0,79754543.0,93341990.0,2,6,1,2021,0
5403,Oklahoma,2021-02-21,73866345.0,84187147.0,79645363.0,89731978.0,2,7,1,2021,0
7252,Oklahoma,2021-02-28,85254959.0,73866345.0,82319646.0,90586373.0,2,8,1,2021,0
1576,Oklahoma,2021-03-07,90099344.0,85254959.0,80475327.0,93480651.0,3,9,1,2021,0
3597,Oklahoma,2021-03-14,95931310.0,90099344.0,78059157.0,94816278.0,3,10,1,2021,0
5446,Oklahoma,2021-03-21,94265848.0,95931310.0,79728181.0,90109170.0,3,11,1,2021,0
7295,Oklahoma,2021-03-28,86437960.0,94265848.0,84110542.0,90142387.0,3,12,1,2021,0
1318,Oklahoma,2021-04-04,90092014.0,86437960.0,84187147.0,94396915.0,4,13,2,2021,0
1834,Oklahoma,2021-04-11,90326404.0,90092014.0,73866345.0,89514980.0,4,14,2,2021,0
4543,Oklahoma,2021-04-18,87746182.0,90326404.0,85254959.0,88421653.0,4,15,2,2021,0
6392,Oklahoma,2021-04-25,89062163.0,87746182.0,90099344.0,85283480.0,4,16,2,2021,0
1189,Oklahoma,2021-05-02,94001881.0,89062163.0,95931310.0,88335873.0,5,17,2,2021,0
1705,Oklahoma,2021-05-09,96078346.0,94001881.0,94265848.0,87882414.0,5,18,2,2021,0
4156,Oklahoma,2021-05-16,91205565.0,96078346.0,86437960.0,85645824.0,5,19,2,2021,0
6005,Oklahoma,2021-05-23,93113160.0,91205565.0,90092014.0,80946232.0,5,20,2,2021,0
7811,Oklahoma,2021-05-30,91015535.0,93113160.0,90326404.0,81182720.0,5,21,2,2021,0
1490,Oklahoma,2021-06-06,98464486.0,91015535.0,87746182.0,86781884.0,6,22,2,2021,0
3339,Oklahoma,2021-06-13,102717507.0,98464486.0,89062163.0,83683257.0,6,23,2,2021,0
5188,Oklahoma,2021-06-20,102288533.0,102717507.0,94001881.0,85284485.0,6,24,2,2021,0
7037,Oklahoma,2021-06-27,96237763.0,102288533.0,96078346.0,81307554.0,6,25,2,2021,0
1361,Oklahoma,2021-07-04,101861976.0,96237763.0,91205565.0,80958930.0,7,26,3,2021,0
1877,Oklahoma,2021-07-11,98249579.0,101861976.0,93113160.0,82702750.0,7,27,3,2021,0
4586,Oklahoma,2021-07-18,100015739.0,98249579.0,91015535.0,81442287.0,7,28,3,2021,0
6435,Oklahoma,2021-07-25,97954901.0,100015739.0,98464486.0,79754543.0,7,29,3,2021,0
1146,Oklahoma,2021-08-01,97749346.0,97954901.0,102717507.0,79645363.0,8,30,3,2021,0
1662,Oklahoma,2021-08-08,102015570.0,97749346.0,102288533.0,82319646.0,8,31,3,2021,0
3898,Oklahoma,2021-08-15,104210130.0,102015570.0,96237763.0,80475327.0,8,32,3,2021,0
5747,Oklahoma,2021-08-22,98328221.0,104210130.0,101861976.0,78059157.0,8,33,3,2021,0
7596,Oklahoma,2021-08-29,99095059.0,98328221.0,98249579.0,79728181.0,8,34,3,2021,0
1404,Oklahoma,2021-09-05,102611166.0,99095059.0,100015739.0,84110542.0,9,35,3,2021,0
1920,Oklahoma,2021-09-12,98084759.0,102611166.0,97954901.0,84187147.0,9,36,3,2021,0
5016,Oklahoma,2021-09-19,97937979.0,98084759.0,97749346.0,73866345.0,9,37,3,2021,0
6865,Oklahoma,2021-09-26,93647773.0,97937979.0,102015570.0,85254959.0,9,38,3,2021,0
1275,Oklahoma,2021-10-03,139578545.0,93647773.0,104210130.0,90099344.0,10,39,4,2021,0
1791,Oklahoma,2021-10-10,138432304.0,139578545.0,98328221.0,95931310.0,10,40,4,2021,0
4457,Oklahoma,2021-10-17,133311603.0,138432304.0,99095059.0,94265848.0,10,41,4,2021,0
6306,Oklahoma,2021-10-24,129819104.0,133311603.0,102611166.0,86437960.0,10,42,4,2021,0
8069,Oklahoma,2021-10-31,128210997.0,129819104.0,98084759.0,90092014.0,10,43,4,2021,0
1619,Oklahoma,2021-11-07,133270330.0,128210997.0,97937979.0,90326404.0,11,44,4,2021,0
3726,Oklahoma,2021-11-14,132050715.0,133270330.0,93647773.0,87746182.0,11,45,4,2021,0
5575,Oklahoma,2021-11-21,132271455.0,132050715.0,139578545.0,89062163.0,11,46,4,2021,0
7424,Oklahoma,2021-11-28,124661602.0,132271455.0,138432304.0,94001881.0,11,47,4,2021,0
1447,Oklahoma,2021-12-05,128954975.0,124661602.0,133311603.0,96078346.0,12,48,4,2021,0
1963,Oklahoma,2021-12-12,128121755.0,128954975.0,129819104.0,91205565.0,12,49,4,2021,0
5059,Oklahoma,2021-12-19,128793171.0,128121755.0,128210997.0,93113160.0,12,50,4,2021,0
6908,Oklahoma,2021-12-26,128582524.0,128793171.0,133270330.0,91015535.0,12,51,4,2021,0
2049,Oklahoma,2022-01-02,122812646.0,128582524.0,132050715.0,98464486.0,1,52,1,2022,0
2565,Oklahoma,2022-01-09,125894614.0,122812646.0,132271455.0,102717507.0,1,1,1,2022,0
4027,Oklahoma,2022-01-16,130810460.0,125894614.0,124661602.0,102288533.0,1,2,1,2022,0
5876,Oklahoma,2022-01-23,123087658.0,130810460.0,128954975.0,96237763.0,1,3,1,2022,0
7725,Oklahoma,2022-01-30,126661785.0,123087658.0,128121755.0,101861976.0,1,4,1,2022,0
2350,Oklahoma,2022-02-06,127526645.0,126661785.0,128793171.0,98249579.0,2,5,1,2022,0
3253,Oklahoma,2022-02-13,133213656.0,127526645.0,128582524.0,100015739.0,2,6,1,2022,0
5102,Oklahoma,2022-02-20,122053638.0,133213656.0,122812646.0,97954901.0,2,7,1,2022,0
6951,Oklahoma,2022-02-27,130023890.0,122053638.0,125894614.0,97749346.0,2,8,1,2022,0
2393,Oklahoma,2022-03-06,137714109.0,130023890.0,130810460.0,102015570.0,3,9,1,2022,0
3296,Oklahoma,2022-03-13,136461942.0,137714109.0,123087658.0,104210130.0,3,10,1,2022,0
5145,Oklahoma,2022-03-20,134978035.0,136461942.0,126661785.0,98328221.0,3,11,1,2022,0
6994,Oklahoma,2022-03-27,132847810.0,134978035.0,127526645.0,99095059.0,3,12,1,2022,0
2135,Oklahoma,2022-04-03,141210550.0,132847810.0,133213656.0,102611166.0,4,13,2,2022,0
2651,Oklahoma,2022-04-10,141755939.0,141210550.0,122053638.0,98084759.0,4,14,2,2022,0
4328,Oklahoma,2022-04-17,140765828.0,141755939.0,130023890.0,97937979.0,4,15,2,2022,0
6177,Oklahoma,2022-04-24,133940731.0,140765828.0,137714109.0,93647773.0,4,16,2,2022,0
2006,Oklahoma,2022-05-01,137163267.0,133940731.0,136461942.0,139578545.0,5,17,2,2022,0
2522,Oklahoma,2022-05-08,141285993.0,137163267.0,134978035.0,138432304.0,5,18,2,2022,0
3855,Oklahoma,2022-05-15,143855272.0,141285993.0,132847810.0,133311603.0,5,19,2,2022,0
5704,Oklahoma,2022-05-22,139771359.0,143855272.0,141210550.0,129819104.0,5,20,2,2022,0
7553,Oklahoma,2022-05-29,135755044.0,139771359.0,141755939.0,128210997.0,5,21,2,2022,0
2307,Oklahoma,2022-06-05,142131462.0,135755044.0,140765828.0,133270330.0,6,22,2,2022,0
2823,Oklahoma,2022-06-12,147942449.0,142131462.0,133940731.0,132050715.0,6,23,2,2022,0
4930,Oklahoma,2022-06-19,152890845.0,147942449.0,137163267.0,132271455.0,6,24,2,2022,0
6779,Oklahoma,2022-06-26,147588860.0,152890845.0,141285993.0,124661602.0,6,25,2,2022,0
2178,Oklahoma,2022-07-03,153118813.0,147588860.0,143855272.0,128954975.0,7,26,3,2022,0
2694,Oklahoma,2022-07-10,151769464.0,153118813.0,139771359.0,128121755.0,7,27,3,2022,0
4414,Oklahoma,2022-07-17,152584163.0,151769464.0,135755044.0,128793171.0,7,28,3,2022,0
6263,Oklahoma,2022-07-24,148155011.0,152584163.0,142131462.0,128582524.0,7,29,3,2022,0
8026,Oklahoma,2022-07-31,152306097.0,148155011.0,147942449.0,122812646.0,7,30,3,2022,0
2479,Oklahoma,2022-08-07,157651928.0,152306097.0,152890845.0,125894614.0,8,31,3,2022,0
3683,Oklahoma,2022-08-14,159549607.0,157651928.0,147588860.0,130810460.0,8,32,3,2022,0
5532,Oklahoma,2022-08-21,150724443.0,159549607.0,153118813.0,123087658.0,8,33,3,2022,0
7381,Oklahoma,2022-08-28,149157622.0,150724443.0,151769464.0,126661785.0,8,34,3,2022,0
2221,Oklahoma,2022-09-04,156360685.0,149157622.0,152584163.0,127526645.0,9,35,3,2022,0
2737,Oklahoma,2022-09-11,153309864.0,156360685.0,148155011.0,133213656.0,9,36,3,2022,0
4629,Oklahoma,2022-09-18,151038592.0,153309864.0,152306097.0,122053638.0,9,37,3,2022,0
6478,Oklahoma,2022-09-25,145687932.0,151038592.0,157651928.0,130023890.0,9,38,3,2022,0
2092,Oklahoma,2022-10-02,144114760.0,145687932.0,159549607.0,137714109.0,10,39,4,2022,0
2608,Oklahoma,2022-10-09,147640275.0,144114760.0,150724443.0,136461942.0,10,40,4,2022,0
4242,Oklahoma,2022-10-16,141443211.0,147640275.0,149157622.0,134978035.0,10,41,4,2022,0
6091,Oklahoma,2022-10-23,134986428.0,141443211.0,156360685.0,132847810.0,10,42,4,2022,0
7897,Oklahoma,2022-10-30,132940053.0,134986428.0,153309864.0,141210550.0,10,43,4,2022,0
2436,Oklahoma,2022-11-06,138164354.0,132940053.0,151038592.0,141755939.0,11,44,4,2022,0
3468,Oklahoma,2022-11-13,137896121.0,138164354.0,145687932.0,140765828.0,11,45,4,2022,0
5317,Oklahoma,2022-11-20,135567427.0,137896121.0,144114760.0,133940731.0,11,46,4,2022,0
7166,Oklahoma,2022-11-27,132993117.0,135567427.0,147640275.0,137163267.0,11,47,4,2022,0
2264,Oklahoma,2022-12-04,133222494.0,132993117.0,141443211.0,141285993.0,12,48,4,2022,0
2780,Oklahoma,2022-12-11,136075677.0,133222494.0,134986428.0,143855272.0,12,49,4,2022,0
4715,Oklahoma,2022-12-18,137614796.0,136075677.0,132940053.0,139771359.0,12,50,4,2022,0
6564,Oklahoma,2022-12-25,139698733.0,137614796.0,138164354.0,135755044.0,12,51,4,2022,0
2866,Oklahoma,2023-01-01,128027305.0,139698733.0,137896121.0,142131462.0,1,52,1,2023,0
3081,Oklahoma,2023-01-08,135062547.0,128027305.0,135567427.0,147942449.0,1,1,1,2023,0
3769,Oklahoma,2023-01-15,135596807.0,135062547.0,132993117.0,152890845.0,1,2,1,2023,0
5618,Oklahoma,2023-01-22,130499779.0,135596807.0,133222494.0,147588860.0,1,3,1,2023,0
7467,Oklahoma,2023-01-29,131289925.0,130499779.0,136075677.0,153118813.0,1,4,1,2023,0
2952,Oklahoma,2023-02-05,135216389.0,131289925.0,137614796.0,151769464.0,2,5,1,2023,0
3167,Oklahoma,2023-02-12,139263301.0,135216389.0,139698733.0,152584163.0,2,6,1,2023,0
4801,Oklahoma,2023-02-19,135360155.0,139263301.0,128027305.0,148155011.0,2,7,1,2023,0
6650,Oklahoma,2023-02-26,135256255.0,135360155.0,135062547.0,152306097.0,2,8,1,2023,0
2995,Oklahoma,2023-03-05,149196561.0,135256255.0,135596807.0,157651928.0,3,9,1,2023,0
3210,Oklahoma,2023-03-12,151437049.0,149196561.0,130499779.0,159549607.0,3,10,1,2023,0
4844,Oklahoma,2023-03-19,145942881.0,151437049.0,131289925.0,150724443.0,3,11,1,2023,0
6693,Oklahoma,2023-03-26,137653757.0,145942881.0,135216389.0,149157622.0,3,12,1,2023,0
2909,Oklahoma,2023-04-02,141704836.0,137653757.0,139263301.0,156360685.0,4,13,2,2023,0
3124,Oklahoma,2023-04-09,150712862.0,141704836.0,135360155.0,153309864.0,4,14,2,2023,0
4113,Oklahoma,2023-04-16,147173331.0,150712862.0,135256255.0,151038592.0,4,15,2,2023,0
5962,Oklahoma,2023-04-23,144161747.0,147173331.0,149196561.0,145687932.0,4,16,2,2023,0
7768,Oklahoma,2023-04-30,146135675.0,144161747.0,151437049.0,144114760.0,4,17,2,2023,0
3038,Oklahoma,2023-05-07,154636606.0,146135675.0,145942881.0,147640275.0,5,18,2,2023,0
115,Oregon,2019-10-06,63944985.0,154636606.0,137653757.0,141443211.0,10,40,4,2019,0
3426,Oregon,2019-10-13,62778735.0,63944985.0,141704836.0,134986428.0,10,41,4,2019,0
5275,Oregon,2019-10-20,61126837.0,62778735.0,150712862.0,132940053.0,10,42,4,2019,0
7124,Oregon,2019-10-27,59546507.0,61126837.0,147173331.0,138164354.0,10,43,4,2019,0
72,Oregon,2019-11-03,60796877.0,59546507.0,144161747.0,137896121.0,11,44,4,2019,0
201,Oregon,2019-11-10,61552925.0,60796877.0,146135675.0,135567427.0,11,45,4,2019,0
4501,Oregon,2019-11-17,61015742.0,61552925.0,154636606.0,132993117.0,11,46,4,2019,0
6350,Oregon,2019-11-24,60959599.0,61015742.0,63944985.0,133222494.0,11,47,4,2019,0
29,Oregon,2019-12-01,58257574.0,60959599.0,62778735.0,136075677.0,12,48,4,2019,0
158,Oregon,2019-12-08,59857038.0,58257574.0,61126837.0,137614796.0,12,49,4,2019,0
3985,Oregon,2019-12-15,59979191.0,59857038.0,59546507.0,139698733.0,12,50,4,2019,0
5834,Oregon,2019-12-22,65582615.0,59979191.0,60796877.0,128027305.0,12,51,4,2019,0
7683,Oregon,2019-12-29,58675369.0,65582615.0,61552925.0,135062547.0,12,52,4,2019,0
502,Oregon,2020-01-05,59870249.0,58675369.0,61015742.0,135596807.0,1,1,1,2020,0
1018,Oregon,2020-01-12,58578362.0,59870249.0,60959599.0,130499779.0,1,2,1,2020,0
4759,Oregon,2020-01-19,56795066.0,58578362.0,58257574.0,131289925.0,1,3,1,2020,0
6608,Oregon,2020-01-26,58377817.0,56795066.0,59857038.0,135216389.0,1,4,1,2020,0
330,Oregon,2020-02-02,60557263.0,58377817.0,59979191.0,139263301.0,2,5,1,2020,0
846,Oregon,2020-02-09,59559349.0,60557263.0,65582615.0,135360155.0,2,6,1,2020,0
4071,Oregon,2020-02-16,56802264.0,59559349.0,58675369.0,135256255.0,2,7,1,2020,0
5920,Oregon,2020-02-23,59501128.0,56802264.0,59870249.0,149196561.0,2,8,1,2020,0
244,Oregon,2020-03-01,64230390.0,59501128.0,58578362.0,151437049.0,3,9,1,2020,0
760,Oregon,2020-03-08,65194564.0,64230390.0,56795066.0,145942881.0,3,10,1,2020,0
3813,Oregon,2020-03-15,72106968.0,65194564.0,58377817.0,137653757.0,3,11,1,2020,0
5662,Oregon,2020-03-22,70139255.0,72106968.0,60557263.0,141704836.0,3,12,1,2020,0
7511,Oregon,2020-03-29,62638431.0,70139255.0,59559349.0,150712862.0,3,13,1,2020,0
545,Oregon,2020-04-05,65216666.0,62638431.0,56802264.0,147173331.0,4,14,2,2020,0
1061,Oregon,2020-04-12,67070539.0,65216666.0,59501128.0,144161747.0,4,15,2,2020,0
4888,Oregon,2020-04-19,68700501.0,67070539.0,64230390.0,146135675.0,4,16,2,2020,0
6737,Oregon,2020-04-26,67450880.0,68700501.0,65194564.0,154636606.0,4,17,2,2020,0
416,Oregon,2020-05-03,73277376.0,67450880.0,72106968.0,63944985.0,5,18,2,2020,0
932,Oregon,2020-05-10,77387146.0,73277376.0,70139255.0,62778735.0,5,19,2,2020,0
4372,Oregon,2020-05-17,69490829.0,77387146.0,62638431.0,61126837.0,5,20,2,2020,0
6221,Oregon,2020-05-24,71299206.0,69490829.0,65216666.0,59546507.0,5,21,2,2020,0
7984,Oregon,2020-05-31,73202193.0,71299206.0,67070539.0,60796877.0,5,22,2,2020,0
717,Oregon,2020-06-07,75237396.0,73202193.0,68700501.0,61552925.0,6,23,2,2020,0
3641,Oregon,2020-06-14,76096147.0,75237396.0,67450880.0,61015742.0,6,24,2,2020,0
5490,Oregon,2020-06-21,73685178.0,76096147.0,73277376.0,60959599.0,6,25,2,2020,0
7339,Oregon,2020-06-28,75752558.0,73685178.0,77387146.0,58257574.0,6,26,2,2020,0
588,Oregon,2020-07-05,79284077.0,75752558.0,69490829.0,59857038.0,7,27,3,2020,0
1104,Oregon,2020-07-12,75629014.0,79284077.0,71299206.0,59979191.0,7,28,3,2020,0
4974,Oregon,2020-07-19,77462421.0,75629014.0,73202193.0,65582615.0,7,29,3,2020,0
6823,Oregon,2020-07-26,77350341.0,77462421.0,75237396.0,58675369.0,7,30,3,2020,0
373,Oregon,2020-08-02,80871404.0,77350341.0,76096147.0,59870249.0,8,31,3,2020,0
889,Oregon,2020-08-09,77553114.0,80871404.0,73685178.0,58578362.0,8,32,3,2020,0
4200,Oregon,2020-08-16,77714158.0,77553114.0,75752558.0,56795066.0,8,33,3,2020,0
6049,Oregon,2020-08-23,75260646.0,77714158.0,79284077.0,58377817.0,8,34,3,2020,0
7855,Oregon,2020-08-30,76088846.0,75260646.0,75629014.0,60557263.0,8,35,3,2020,0
631,Oregon,2020-09-06,77441416.0,76088846.0,77462421.0,59559349.0,9,36,3,2020,0
3383,Oregon,2020-09-13,71781836.0,77441416.0,77350341.0,56802264.0,9,37,3,2020,0
5232,Oregon,2020-09-20,66947712.0,71781836.0,80871404.0,59501128.0,9,38,3,2020,0
7081,Oregon,2020-09-27,66149796.0,66947712.0,77553114.0,64230390.0,9,39,3,2020,0
459,Oregon,2020-10-04,70735758.0,66149796.0,77714158.0,65194564.0,10,40,4,2020,0
975,Oregon,2020-10-11,68755331.0,70735758.0,75260646.0,72106968.0,10,41,4,2020,0
4673,Oregon,2020-10-18,65409369.0,68755331.0,76088846.0,70139255.0,10,42,4,2020,0
6522,Oregon,2020-10-25,64629347.0,65409369.0,77441416.0,62638431.0,10,43,4,2020,0
287,Oregon,2020-11-01,65902983.0,64629347.0,71781836.0,65216666.0,11,44,4,2020,0
803,Oregon,2020-11-08,67079892.0,65902983.0,66947712.0,67070539.0,11,45,4,2020,0
3942,Oregon,2020-11-15,64517128.0,67079892.0,66149796.0,68700501.0,11,46,4,2020,0
5791,Oregon,2020-11-22,66592957.0,64517128.0,70735758.0,67450880.0,11,47,4,2020,0
7640,Oregon,2020-11-29,62889298.0,66592957.0,68755331.0,73277376.0,11,48,4,2020,0
674,Oregon,2020-12-06,64691824.0,62889298.0,65409369.0,77387146.0,12,49,4,2020,0
3512,Oregon,2020-12-13,64893024.0,64691824.0,64629347.0,69490829.0,12,50,4,2020,0
5361,Oregon,2020-12-20,68988950.0,64893024.0,65902983.0,71299206.0,12,51,4,2020,0
7210,Oregon,2020-12-27,64198267.0,68988950.0,67079892.0,73202193.0,12,52,4,2020,0
1233,Oregon,2021-01-03,65702535.0,64198267.0,64517128.0,75237396.0,1,53,1,2021,0
1749,Oregon,2021-01-10,64053360.0,65702535.0,66592957.0,76096147.0,1,1,1,2021,0
4286,Oregon,2021-01-17,63206425.0,64053360.0,62889298.0,73685178.0,1,2,1,2021,0
6135,Oregon,2021-01-24,62798390.0,63206425.0,64691824.0,75752558.0,1,3,1,2021,0
7941,Oregon,2021-01-31,63397752.0,62798390.0,64893024.0,79284077.0,1,4,1,2021,0
1534,Oregon,2021-02-07,66162742.0,63397752.0,68988950.0,75629014.0,2,5,1,2021,0
3555,Oregon,2021-02-14,63689993.0,66162742.0,64198267.0,77462421.0,2,6,1,2021,0
5404,Oregon,2021-02-21,63403370.0,63689993.0,65702535.0,77350341.0,2,7,1,2021,0
7253,Oregon,2021-02-28,66943352.0,63403370.0,64053360.0,80871404.0,2,8,1,2021,0
1577,Oregon,2021-03-07,70618337.0,66943352.0,63206425.0,77553114.0,3,9,1,2021,0
3598,Oregon,2021-03-14,76233387.0,70618337.0,62798390.0,77714158.0,3,10,1,2021,0
5447,Oregon,2021-03-21,74480607.0,76233387.0,63397752.0,75260646.0,3,11,1,2021,0
7296,Oregon,2021-03-28,66604607.0,74480607.0,66162742.0,76088846.0,3,12,1,2021,0
1319,Oregon,2021-04-04,72067412.0,66604607.0,63689993.0,77441416.0,4,13,2,2021,0
1835,Oregon,2021-04-11,73834808.0,72067412.0,63403370.0,71781836.0,4,14,2,2021,0
4544,Oregon,2021-04-18,75450878.0,73834808.0,66943352.0,66947712.0,4,15,2,2021,0
6393,Oregon,2021-04-25,73646636.0,75450878.0,70618337.0,66149796.0,4,16,2,2021,0
1190,Oregon,2021-05-02,77119514.0,73646636.0,76233387.0,70735758.0,5,17,2,2021,0
1706,Oregon,2021-05-09,80320038.0,77119514.0,74480607.0,68755331.0,5,18,2,2021,0
4157,Oregon,2021-05-16,78986878.0,80320038.0,66604607.0,65409369.0,5,19,2,2021,0
6006,Oregon,2021-05-23,75666448.0,78986878.0,72067412.0,64629347.0,5,20,2,2021,0
7812,Oregon,2021-05-30,79225585.0,75666448.0,73834808.0,65902983.0,5,21,2,2021,0
1491,Oregon,2021-06-06,81955738.0,79225585.0,75450878.0,67079892.0,6,22,2,2021,0
3340,Oregon,2021-06-13,76750662.0,81955738.0,73646636.0,64517128.0,6,23,2,2021,0
5189,Oregon,2021-06-20,82203801.0,76750662.0,77119514.0,66592957.0,6,24,2,2021,0
7038,Oregon,2021-06-27,87618933.0,82203801.0,80320038.0,62889298.0,6,25,2,2021,0
1362,Oregon,2021-07-04,88375865.0,87618933.0,78986878.0,64691824.0,7,26,3,2021,0
1878,Oregon,2021-07-11,83128994.0,88375865.0,75666448.0,64893024.0,7,27,3,2021,0
4587,Oregon,2021-07-18,85334685.0,83128994.0,79225585.0,68988950.0,7,28,3,2021,0
6436,Oregon,2021-07-25,84134566.0,85334685.0,81955738.0,64198267.0,7,29,3,2021,0
1147,Oregon,2021-08-01,87403941.0,84134566.0,76750662.0,65702535.0,8,30,3,2021,0
1663,Oregon,2021-08-08,85425512.0,87403941.0,82203801.0,64053360.0,8,31,3,2021,0
3899,Oregon,2021-08-15,87451793.0,85425512.0,87618933.0,63206425.0,8,32,3,2021,0
5748,Oregon,2021-08-22,81419883.0,87451793.0,88375865.0,62798390.0,8,33,3,2021,0
7597,Oregon,2021-08-29,79469685.0,81419883.0,83128994.0,63397752.0,8,34,3,2021,0
1405,Oregon,2021-09-05,85701988.0,79469685.0,85334685.0,66162742.0,9,35,3,2021,0
1921,Oregon,2021-09-12,80871146.0,85701988.0,84134566.0,63689993.0,9,36,3,2021,0
5017,Oregon,2021-09-19,74940261.0,80871146.0,87403941.0,63403370.0,9,37,3,2021,0
6866,Oregon,2021-09-26,74560310.0,74940261.0,85425512.0,66943352.0,9,38,3,2021,0
1276,Oregon,2021-10-03,109358124.0,74560310.0,87451793.0,70618337.0,10,39,4,2021,0
1792,Oregon,2021-10-10,105944044.0,109358124.0,81419883.0,76233387.0,10,40,4,2021,0
4458,Oregon,2021-10-17,103410414.0,105944044.0,79469685.0,74480607.0,10,41,4,2021,0
6307,Oregon,2021-10-24,99799036.0,103410414.0,85701988.0,66604607.0,10,42,4,2021,0
8070,Oregon,2021-10-31,102488327.0,99799036.0,80871146.0,72067412.0,10,43,4,2021,0
1620,Oregon,2021-11-07,101452515.0,102488327.0,74940261.0,73834808.0,11,44,4,2021,0
3727,Oregon,2021-11-14,101451949.0,101452515.0,74560310.0,75450878.0,11,45,4,2021,0
5576,Oregon,2021-11-21,102440117.0,101451949.0,109358124.0,73646636.0,11,46,4,2021,0
7425,Oregon,2021-11-28,95648672.0,102440117.0,105944044.0,77119514.0,11,47,4,2021,0
1448,Oregon,2021-12-05,99250313.0,95648672.0,103410414.0,80320038.0,12,48,4,2021,0
1964,Oregon,2021-12-12,100207545.0,99250313.0,99799036.0,78986878.0,12,49,4,2021,0
5060,Oregon,2021-12-19,105713197.0,100207545.0,102488327.0,75666448.0,12,50,4,2021,0
6909,Oregon,2021-12-26,100450342.0,105713197.0,101452515.0,79225585.0,12,51,4,2021,0
2050,Oregon,2022-01-02,99078288.0,100450342.0,101451949.0,81955738.0,1,52,1,2022,0
2566,Oregon,2022-01-09,98739520.0,99078288.0,102440117.0,76750662.0,1,1,1,2022,0
4028,Oregon,2022-01-16,99784455.0,98739520.0,95648672.0,82203801.0,1,2,1,2022,0
5877,Oregon,2022-01-23,98759328.0,99784455.0,99250313.0,87618933.0,1,3,1,2022,0
7726,Oregon,2022-01-30,97891572.0,98759328.0,100207545.0,88375865.0,1,4,1,2022,0
2351,Oregon,2022-02-06,101836177.0,97891572.0,105713197.0,83128994.0,2,5,1,2022,0
3254,Oregon,2022-02-13,98688555.0,101836177.0,100450342.0,85334685.0,2,6,1,2022,0
5103,Oregon,2022-02-20,97925864.0,98688555.0,99078288.0,84134566.0,2,7,1,2022,0
6952,Oregon,2022-02-27,99904233.0,97925864.0,98739520.0,87403941.0,2,8,1,2022,0
2394,Oregon,2022-03-06,104964035.0,99904233.0,99784455.0,85425512.0,3,9,1,2022,0
3297,Oregon,2022-03-13,105051111.0,104964035.0,98759328.0,87451793.0,3,10,1,2022,0
5146,Oregon,2022-03-20,105717901.0,105051111.0,97891572.0,81419883.0,3,11,1,2022,0
6995,Oregon,2022-03-27,104959456.0,105717901.0,101836177.0,79469685.0,3,12,1,2022,0
2136,Oregon,2022-04-03,110649233.0,104959456.0,98688555.0,85701988.0,4,13,2,2022,0
2652,Oregon,2022-04-10,108260091.0,110649233.0,97925864.0,80871146.0,4,14,2,2022,0
4329,Oregon,2022-04-17,112502886.0,108260091.0,99904233.0,74940261.0,4,15,2,2022,0
6178,Oregon,2022-04-24,107413332.0,112502886.0,104964035.0,74560310.0,4,16,2,2022,0
2007,Oregon,2022-05-01,112386989.0,107413332.0,105051111.0,109358124.0,5,17,2,2022,0
2523,Oregon,2022-05-08,117390519.0,112386989.0,105717901.0,105944044.0,5,18,2,2022,0
3856,Oregon,2022-05-15,114214156.0,117390519.0,104959456.0,103410414.0,5,19,2,2022,0
5705,Oregon,2022-05-22,112911917.0,114214156.0,110649233.0,99799036.0,5,20,2,2022,0
7554,Oregon,2022-05-29,117192390.0,112911917.0,108260091.0,102488327.0,5,21,2,2022,0
2308,Oregon,2022-06-05,120036709.0,117192390.0,112502886.0,101452515.0,6,22,2,2022,0
2824,Oregon,2022-06-12,120298432.0,120036709.0,107413332.0,101451949.0,6,23,2,2022,0
4931,Oregon,2022-06-19,119427324.0,120298432.0,112386989.0,102440117.0,6,24,2,2022,0
6780,Oregon,2022-06-26,127766543.0,119427324.0,117390519.0,95648672.0,6,25,2,2022,0
2179,Oregon,2022-07-03,131648179.0,127766543.0,114214156.0,99250313.0,7,26,3,2022,0
2695,Oregon,2022-07-10,125109130.0,131648179.0,112911917.0,100207545.0,7,27,3,2022,0
4415,Oregon,2022-07-17,126747931.0,125109130.0,117192390.0,105713197.0,7,28,3,2022,0
6264,Oregon,2022-07-24,125456577.0,126747931.0,120036709.0,100450342.0,7,29,3,2022,0
8027,Oregon,2022-07-31,131034950.0,125456577.0,120298432.0,99078288.0,7,30,3,2022,0
2480,Oregon,2022-08-07,128095152.0,131034950.0,119427324.0,98739520.0,8,31,3,2022,0
3684,Oregon,2022-08-14,127640454.0,128095152.0,127766543.0,99784455.0,8,32,3,2022,0
5533,Oregon,2022-08-21,120792093.0,127640454.0,131648179.0,98759328.0,8,33,3,2022,0
7382,Oregon,2022-08-28,122367501.0,120792093.0,125109130.0,97891572.0,8,34,3,2022,0
2222,Oregon,2022-09-04,124544284.0,122367501.0,126747931.0,101836177.0,9,35,3,2022,0
2738,Oregon,2022-09-11,117844182.0,124544284.0,125456577.0,98688555.0,9,36,3,2022,0
4630,Oregon,2022-09-18,111186797.0,117844182.0,131034950.0,97925864.0,9,37,3,2022,0
6479,Oregon,2022-09-25,110628293.0,111186797.0,128095152.0,99904233.0,9,38,3,2022,0
2093,Oregon,2022-10-02,112015851.0,110628293.0,127640454.0,104964035.0,10,39,4,2022,0
2609,Oregon,2022-10-09,112790064.0,112015851.0,120792093.0,105051111.0,10,40,4,2022,0
4243,Oregon,2022-10-16,109322610.0,112790064.0,122367501.0,105717901.0,10,41,4,2022,0
6092,Oregon,2022-10-23,105871721.0,109322610.0,124544284.0,104959456.0,10,42,4,2022,0
7898,Oregon,2022-10-30,105092490.0,105871721.0,117844182.0,110649233.0,10,43,4,2022,0
2437,Oregon,2022-11-06,106220543.0,105092490.0,111186797.0,108260091.0,11,44,4,2022,0
3469,Oregon,2022-11-13,105789953.0,106220543.0,110628293.0,112502886.0,11,45,4,2022,0
5318,Oregon,2022-11-20,107960778.0,105789953.0,112015851.0,107413332.0,11,46,4,2022,0
7167,Oregon,2022-11-27,103586066.0,107960778.0,112790064.0,112386989.0,11,47,4,2022,0
2265,Oregon,2022-12-04,103950593.0,103586066.0,109322610.0,117390519.0,12,48,4,2022,0
2781,Oregon,2022-12-11,104626576.0,103950593.0,105871721.0,114214156.0,12,49,4,2022,0
4716,Oregon,2022-12-18,110611156.0,104626576.0,105092490.0,112911917.0,12,50,4,2022,0
6565,Oregon,2022-12-25,109236205.0,110611156.0,106220543.0,117192390.0,12,51,4,2022,0
2867,Oregon,2023-01-01,101850451.0,109236205.0,105789953.0,120036709.0,1,52,1,2023,0
3082,Oregon,2023-01-08,103066966.0,101850451.0,107960778.0,120298432.0,1,1,1,2023,0
3770,Oregon,2023-01-15,102630801.0,103066966.0,103586066.0,119427324.0,1,2,1,2023,0
5619,Oregon,2023-01-22,101274697.0,102630801.0,103950593.0,127766543.0,1,3,1,2023,0
7468,Oregon,2023-01-29,101267059.0,101274697.0,104626576.0,131648179.0,1,4,1,2023,0
2953,Oregon,2023-02-05,105298610.0,101267059.0,110611156.0,125109130.0,2,5,1,2023,0
3168,Oregon,2023-02-12,108981500.0,105298610.0,109236205.0,126747931.0,2,6,1,2023,0
4802,Oregon,2023-02-19,105809683.0,108981500.0,101850451.0,125456577.0,2,7,1,2023,0
6651,Oregon,2023-02-26,106451748.0,105809683.0,103066966.0,131034950.0,2,8,1,2023,0
2996,Oregon,2023-03-05,112224784.0,106451748.0,102630801.0,128095152.0,3,9,1,2023,0
3211,Oregon,2023-03-12,117522384.0,112224784.0,101274697.0,127640454.0,3,10,1,2023,0
4845,Oregon,2023-03-19,115111039.0,117522384.0,101267059.0,120792093.0,3,11,1,2023,0
6694,Oregon,2023-03-26,106516210.0,115111039.0,105298610.0,122367501.0,3,12,1,2023,0
2910,Oregon,2023-04-02,110131690.0,106516210.0,108981500.0,124544284.0,4,13,2,2023,0
3125,Oregon,2023-04-09,118297200.0,110131690.0,105809683.0,117844182.0,4,14,2,2023,0
4114,Oregon,2023-04-16,114781669.0,118297200.0,106451748.0,111186797.0,4,15,2,2023,0
5963,Oregon,2023-04-23,112632065.0,114781669.0,112224784.0,110628293.0,4,16,2,2023,0
7769,Oregon,2023-04-30,120727821.0,112632065.0,117522384.0,112015851.0,4,17,2,2023,0
3039,Oregon,2023-05-07,124363371.0,120727821.0,115111039.0,112790064.0,5,18,2,2023,0
116,Pennsylvania,2019-10-06,213784018.0,124363371.0,106516210.0,109322610.0,10,40,4,2019,0
3427,Pennsylvania,2019-10-13,207743595.0,213784018.0,110131690.0,105871721.0,10,41,4,2019,0
5276,Pennsylvania,2019-10-20,198963636.0,207743595.0,118297200.0,105092490.0,10,42,4,2019,0
7125,Pennsylvania,2019-10-27,195191440.0,198963636.0,114781669.0,106220543.0,10,43,4,2019,0
73,Pennsylvania,2019-11-03,198030518.0,195191440.0,112632065.0,105789953.0,11,44,4,2019,0
202,Pennsylvania,2019-11-10,200157093.0,198030518.0,120727821.0,107960778.0,11,45,4,2019,0
4502,Pennsylvania,2019-11-17,202076105.0,200157093.0,124363371.0,103586066.0,11,46,4,2019,0
6351,Pennsylvania,2019-11-24,205134229.0,202076105.0,213784018.0,103950593.0,11,47,4,2019,0
30,Pennsylvania,2019-12-01,197064569.0,205134229.0,207743595.0,104626576.0,12,48,4,2019,0
159,Pennsylvania,2019-12-08,195489102.0,197064569.0,198963636.0,110611156.0,12,49,4,2019,0
3986,Pennsylvania,2019-12-15,205556320.0,195489102.0,195191440.0,109236205.0,12,50,4,2019,0
5835,Pennsylvania,2019-12-22,213752120.0,205556320.0,198030518.0,101850451.0,12,51,4,2019,0
7684,Pennsylvania,2019-12-29,203141884.0,213752120.0,200157093.0,103066966.0,12,52,4,2019,0
503,Pennsylvania,2020-01-05,196391974.0,203141884.0,202076105.0,102630801.0,1,1,1,2020,0
1019,Pennsylvania,2020-01-12,195521619.0,196391974.0,205134229.0,101274697.0,1,2,1,2020,0
4760,Pennsylvania,2020-01-19,203680243.0,195521619.0,197064569.0,101267059.0,1,3,1,2020,0
6609,Pennsylvania,2020-01-26,182683922.0,203680243.0,195489102.0,105298610.0,1,4,1,2020,0
331,Pennsylvania,2020-02-02,192603195.0,182683922.0,205556320.0,108981500.0,2,5,1,2020,0
847,Pennsylvania,2020-02-09,197142390.0,192603195.0,213752120.0,105809683.0,2,6,1,2020,0
4072,Pennsylvania,2020-02-16,190861364.0,197142390.0,203141884.0,106451748.0,2,7,1,2020,0
5921,Pennsylvania,2020-02-23,193068295.0,190861364.0,196391974.0,112224784.0,2,8,1,2020,0
245,Pennsylvania,2020-03-01,200422700.0,193068295.0,195521619.0,117522384.0,3,9,1,2020,0
761,Pennsylvania,2020-03-08,209827935.0,200422700.0,203680243.0,115111039.0,3,10,1,2020,0
3814,Pennsylvania,2020-03-15,238885114.0,209827935.0,182683922.0,106516210.0,3,11,1,2020,0
5663,Pennsylvania,2020-03-22,228595535.0,238885114.0,192603195.0,110131690.0,3,12,1,2020,0
7512,Pennsylvania,2020-03-29,198403019.0,228595535.0,197142390.0,118297200.0,3,13,1,2020,0
546,Pennsylvania,2020-04-05,206165824.0,198403019.0,190861364.0,114781669.0,4,14,2,2020,0
1062,Pennsylvania,2020-04-12,211887569.0,206165824.0,193068295.0,112632065.0,4,15,2,2020,0
4889,Pennsylvania,2020-04-19,209189862.0,211887569.0,200422700.0,120727821.0,4,16,2,2020,0
6738,Pennsylvania,2020-04-26,203316194.0,209189862.0,209827935.0,124363371.0,4,17,2,2020,0
417,Pennsylvania,2020-05-03,213421497.0,203316194.0,238885114.0,213784018.0,5,18,2,2020,0
933,Pennsylvania,2020-05-10,218076035.0,213421497.0,228595535.0,207743595.0,5,19,2,2020,0
4373,Pennsylvania,2020-05-17,219999446.0,218076035.0,198403019.0,198963636.0,5,20,2,2020,0
6222,Pennsylvania,2020-05-24,234224919.0,219999446.0,206165824.0,195191440.0,5,21,2,2020,0
7985,Pennsylvania,2020-05-31,225286541.0,234224919.0,211887569.0,198030518.0,5,22,2,2020,0
718,Pennsylvania,2020-06-07,234140846.0,225286541.0,209189862.0,200157093.0,6,23,2,2020,0
3642,Pennsylvania,2020-06-14,234741227.0,234140846.0,203316194.0,202076105.0,6,24,2,2020,0
5491,Pennsylvania,2020-06-21,227804732.0,234741227.0,213421497.0,205134229.0,6,25,2,2020,0
7340,Pennsylvania,2020-06-28,241926052.0,227804732.0,218076035.0,197064569.0,6,26,2,2020,0
589,Pennsylvania,2020-07-05,256800832.0,241926052.0,219999446.0,195489102.0,7,27,3,2020,0
1105,Pennsylvania,2020-07-12,236554855.0,256800832.0,234224919.0,205556320.0,7,28,3,2020,0
4975,Pennsylvania,2020-07-19,245054945.0,236554855.0,225286541.0,213752120.0,7,29,3,2020,0
6824,Pennsylvania,2020-07-26,236671014.0,245054945.0,234140846.0,203141884.0,7,30,3,2020,0
374,Pennsylvania,2020-08-02,240341151.0,236671014.0,234741227.0,196391974.0,8,31,3,2020,0
890,Pennsylvania,2020-08-09,234559739.0,240341151.0,227804732.0,195521619.0,8,32,3,2020,0
4201,Pennsylvania,2020-08-16,236828323.0,234559739.0,241926052.0,203680243.0,8,33,3,2020,0
6050,Pennsylvania,2020-08-23,232430387.0,236828323.0,256800832.0,182683922.0,8,34,3,2020,0
7856,Pennsylvania,2020-08-30,229315042.0,232430387.0,236554855.0,192603195.0,8,35,3,2020,0
632,Pennsylvania,2020-09-06,227652613.0,229315042.0,245054945.0,197142390.0,9,36,3,2020,0
3384,Pennsylvania,2020-09-13,224021083.0,227652613.0,236671014.0,190861364.0,9,37,3,2020,0
5233,Pennsylvania,2020-09-20,218799935.0,224021083.0,240341151.0,193068295.0,9,38,3,2020,0
7082,Pennsylvania,2020-09-27,216568175.0,218799935.0,234559739.0,200422700.0,9,39,3,2020,0
460,Pennsylvania,2020-10-04,219759186.0,216568175.0,236828323.0,209827935.0,10,40,4,2020,0
976,Pennsylvania,2020-10-11,215291299.0,219759186.0,232430387.0,238885114.0,10,41,4,2020,0
4674,Pennsylvania,2020-10-18,209727400.0,215291299.0,229315042.0,228595535.0,10,42,4,2020,0
6523,Pennsylvania,2020-10-25,207682355.0,209727400.0,227652613.0,198403019.0,10,43,4,2020,0
288,Pennsylvania,2020-11-01,205040628.0,207682355.0,224021083.0,206165824.0,11,44,4,2020,0
804,Pennsylvania,2020-11-08,212199643.0,205040628.0,218799935.0,211887569.0,11,45,4,2020,0
3943,Pennsylvania,2020-11-15,212590605.0,212199643.0,216568175.0,209189862.0,11,46,4,2020,0
5792,Pennsylvania,2020-11-22,218627512.0,212590605.0,219759186.0,203316194.0,11,47,4,2020,0
7641,Pennsylvania,2020-11-29,210388605.0,218627512.0,215291299.0,213421497.0,11,48,4,2020,0
675,Pennsylvania,2020-12-06,199752213.0,210388605.0,209727400.0,218076035.0,12,49,4,2020,0
3513,Pennsylvania,2020-12-13,215637351.0,199752213.0,207682355.0,219999446.0,12,50,4,2020,0
5362,Pennsylvania,2020-12-20,216383075.0,215637351.0,205040628.0,234224919.0,12,51,4,2020,0
7211,Pennsylvania,2020-12-27,214323880.0,216383075.0,212199643.0,225286541.0,12,52,4,2020,0
1234,Pennsylvania,2021-01-03,203326021.0,214323880.0,212590605.0,234140846.0,1,53,1,2021,0
1750,Pennsylvania,2021-01-10,203602343.0,203326021.0,218627512.0,234741227.0,1,1,1,2021,0
4287,Pennsylvania,2021-01-17,209376110.0,203602343.0,210388605.0,227804732.0,1,2,1,2021,0
6136,Pennsylvania,2021-01-24,197658988.0,209376110.0,199752213.0,241926052.0,1,3,1,2021,0
7942,Pennsylvania,2021-01-31,203994431.0,197658988.0,215637351.0,256800832.0,1,4,1,2021,0
1535,Pennsylvania,2021-02-07,206907756.0,203994431.0,216383075.0,236554855.0,2,5,1,2021,0
3556,Pennsylvania,2021-02-14,204289441.0,206907756.0,214323880.0,245054945.0,2,6,1,2021,0
5405,Pennsylvania,2021-02-21,200342851.0,204289441.0,203326021.0,236671014.0,2,7,1,2021,0
7254,Pennsylvania,2021-02-28,208783568.0,200342851.0,203602343.0,240341151.0,2,8,1,2021,0
1578,Pennsylvania,2021-03-07,218227304.0,208783568.0,209376110.0,234559739.0,3,9,1,2021,0
3599,Pennsylvania,2021-03-14,249366612.0,218227304.0,197658988.0,236828323.0,3,10,1,2021,0
5448,Pennsylvania,2021-03-21,240470033.0,249366612.0,203994431.0,232430387.0,3,11,1,2021,0
7297,Pennsylvania,2021-03-28,211715951.0,240470033.0,206907756.0,229315042.0,3,12,1,2021,0
1320,Pennsylvania,2021-04-04,219439092.0,211715951.0,204289441.0,227652613.0,4,13,2,2021,0
1836,Pennsylvania,2021-04-11,218655025.0,219439092.0,200342851.0,224021083.0,4,14,2,2021,0
4545,Pennsylvania,2021-04-18,214838318.0,218655025.0,208783568.0,218799935.0,4,15,2,2021,0
6394,Pennsylvania,2021-04-25,217674935.0,214838318.0,218227304.0,216568175.0,4,16,2,2021,0
1191,Pennsylvania,2021-05-02,228313605.0,217674935.0,249366612.0,219759186.0,5,17,2,2021,0
1707,Pennsylvania,2021-05-09,231070674.0,228313605.0,240470033.0,215291299.0,5,18,2,2021,0
4158,Pennsylvania,2021-05-16,234583162.0,231070674.0,211715951.0,209727400.0,5,19,2,2021,0
6007,Pennsylvania,2021-05-23,250456818.0,234583162.0,219439092.0,207682355.0,5,20,2,2021,0
7813,Pennsylvania,2021-05-30,244453366.0,250456818.0,218655025.0,205040628.0,5,21,2,2021,0
1492,Pennsylvania,2021-06-06,242433793.0,244453366.0,214838318.0,212199643.0,6,22,2,2021,0
3341,Pennsylvania,2021-06-13,254850786.0,242433793.0,217674935.0,212590605.0,6,23,2,2021,0
5190,Pennsylvania,2021-06-20,246575819.0,254850786.0,228313605.0,218627512.0,6,24,2,2021,0
7039,Pennsylvania,2021-06-27,249632549.0,246575819.0,231070674.0,210388605.0,6,25,2,2021,0
1363,Pennsylvania,2021-07-04,271012302.0,249632549.0,234583162.0,199752213.0,7,26,3,2021,0
1879,Pennsylvania,2021-07-11,250707017.0,271012302.0,250456818.0,215637351.0,7,27,3,2021,0
4588,Pennsylvania,2021-07-18,256160105.0,250707017.0,244453366.0,216383075.0,7,28,3,2021,0
6437,Pennsylvania,2021-07-25,254291473.0,256160105.0,242433793.0,214323880.0,7,29,3,2021,0
1148,Pennsylvania,2021-08-01,253933316.0,254291473.0,254850786.0,203326021.0,8,30,3,2021,0
1664,Pennsylvania,2021-08-08,248997322.0,253933316.0,246575819.0,203602343.0,8,31,3,2021,0
3900,Pennsylvania,2021-08-15,256219968.0,248997322.0,249632549.0,209376110.0,8,32,3,2021,0
5749,Pennsylvania,2021-08-22,247056896.0,256219968.0,271012302.0,197658988.0,8,33,3,2021,0
7598,Pennsylvania,2021-08-29,250825139.0,247056896.0,250707017.0,203994431.0,8,34,3,2021,0
1406,Pennsylvania,2021-09-05,247774680.0,250825139.0,256160105.0,206907756.0,9,35,3,2021,0
1922,Pennsylvania,2021-09-12,240001312.0,247774680.0,254291473.0,204289441.0,9,36,3,2021,0
5018,Pennsylvania,2021-09-19,238000028.0,240001312.0,253933316.0,200342851.0,9,37,3,2021,0
6867,Pennsylvania,2021-09-26,233962532.0,238000028.0,248997322.0,208783568.0,9,38,3,2021,0
1277,Pennsylvania,2021-10-03,341687183.0,233962532.0,256219968.0,218227304.0,10,39,4,2021,0
1793,Pennsylvania,2021-10-10,339686180.0,341687183.0,247056896.0,249366612.0,10,40,4,2021,0
4459,Pennsylvania,2021-10-17,328811498.0,339686180.0,250825139.0,240470033.0,10,41,4,2021,0
6308,Pennsylvania,2021-10-24,323821417.0,328811498.0,247774680.0,211715951.0,10,42,4,2021,0
8071,Pennsylvania,2021-10-31,319568517.0,323821417.0,240001312.0,219439092.0,10,43,4,2021,0
1621,Pennsylvania,2021-11-07,325928183.0,319568517.0,238000028.0,218655025.0,11,44,4,2021,0
3728,Pennsylvania,2021-11-14,332654785.0,325928183.0,233962532.0,214838318.0,11,45,4,2021,0
5577,Pennsylvania,2021-11-21,336849628.0,332654785.0,341687183.0,217674935.0,11,46,4,2021,0
7426,Pennsylvania,2021-11-28,314228014.0,336849628.0,339686180.0,228313605.0,11,47,4,2021,0
1449,Pennsylvania,2021-12-05,313904168.0,314228014.0,328811498.0,231070674.0,12,48,4,2021,0
1965,Pennsylvania,2021-12-12,331752966.0,313904168.0,323821417.0,234583162.0,12,49,4,2021,0
5061,Pennsylvania,2021-12-19,342758306.0,331752966.0,319568517.0,250456818.0,12,50,4,2021,0
6910,Pennsylvania,2021-12-26,334393038.0,342758306.0,325928183.0,244453366.0,12,51,4,2021,0
2051,Pennsylvania,2022-01-02,312074299.0,334393038.0,332654785.0,242433793.0,1,52,1,2022,0
2567,Pennsylvania,2022-01-09,312566272.0,312074299.0,336849628.0,254850786.0,1,1,1,2022,0
4029,Pennsylvania,2022-01-16,333199495.0,312566272.0,314228014.0,246575819.0,1,2,1,2022,0
5878,Pennsylvania,2022-01-23,303324800.0,333199495.0,313904168.0,249632549.0,1,3,1,2022,0
7727,Pennsylvania,2022-01-30,315496929.0,303324800.0,331752966.0,271012302.0,1,4,1,2022,0
2352,Pennsylvania,2022-02-06,318740775.0,315496929.0,342758306.0,250707017.0,2,5,1,2022,0
3255,Pennsylvania,2022-02-13,318755302.0,318740775.0,334393038.0,256160105.0,2,6,1,2022,0
5104,Pennsylvania,2022-02-20,310961557.0,318755302.0,312074299.0,254291473.0,2,7,1,2022,0
6953,Pennsylvania,2022-02-27,323065179.0,310961557.0,312566272.0,253933316.0,2,8,1,2022,0
2395,Pennsylvania,2022-03-06,325893348.0,323065179.0,333199495.0,248997322.0,3,9,1,2022,0
3298,Pennsylvania,2022-03-13,333847258.0,325893348.0,303324800.0,256219968.0,3,10,1,2022,0
5147,Pennsylvania,2022-03-20,331014707.0,333847258.0,315496929.0,247056896.0,3,11,1,2022,0
6996,Pennsylvania,2022-03-27,333173254.0,331014707.0,318740775.0,250825139.0,3,12,1,2022,0
2137,Pennsylvania,2022-04-03,341882200.0,333173254.0,318755302.0,247774680.0,4,13,2,2022,0
2653,Pennsylvania,2022-04-10,343808866.0,341882200.0,310961557.0,240001312.0,4,14,2,2022,0
4330,Pennsylvania,2022-04-17,355710750.0,343808866.0,323065179.0,238000028.0,4,15,2,2022,0
6179,Pennsylvania,2022-04-24,334455035.0,355710750.0,325893348.0,233962532.0,4,16,2,2022,0
2008,Pennsylvania,2022-05-01,352640398.0,334455035.0,333847258.0,341687183.0,5,17,2,2022,0
2524,Pennsylvania,2022-05-08,354632334.0,352640398.0,331014707.0,339686180.0,5,18,2,2022,0
3857,Pennsylvania,2022-05-15,361080994.0,354632334.0,333173254.0,328811498.0,5,19,2,2022,0
5706,Pennsylvania,2022-05-22,382457636.0,361080994.0,341882200.0,323821417.0,5,20,2,2022,0
7555,Pennsylvania,2022-05-29,373202808.0,382457636.0,343808866.0,319568517.0,5,21,2,2022,0
2309,Pennsylvania,2022-06-05,373086334.0,373202808.0,355710750.0,325928183.0,6,22,2,2022,0
2825,Pennsylvania,2022-06-12,373881703.0,373086334.0,334455035.0,332654785.0,6,23,2,2022,0
4932,Pennsylvania,2022-06-19,369264643.0,373881703.0,352640398.0,336849628.0,6,24,2,2022,0
6781,Pennsylvania,2022-06-26,376228591.0,369264643.0,354632334.0,314228014.0,6,25,2,2022,0
2180,Pennsylvania,2022-07-03,400773833.0,376228591.0,361080994.0,313904168.0,7,26,3,2022,0
2696,Pennsylvania,2022-07-10,374859760.0,400773833.0,382457636.0,331752966.0,7,27,3,2022,0
4416,Pennsylvania,2022-07-17,385936571.0,374859760.0,373202808.0,342758306.0,7,28,3,2022,0
6265,Pennsylvania,2022-07-24,380559276.0,385936571.0,373086334.0,334393038.0,7,29,3,2022,0
8028,Pennsylvania,2022-07-31,379297749.0,380559276.0,373881703.0,312074299.0,7,30,3,2022,0
2481,Pennsylvania,2022-08-07,380580838.0,379297749.0,369264643.0,312566272.0,8,31,3,2022,0
3685,Pennsylvania,2022-08-14,383793267.0,380580838.0,376228591.0,333199495.0,8,32,3,2022,0
5534,Pennsylvania,2022-08-21,376642047.0,383793267.0,400773833.0,303324800.0,8,33,3,2022,0
7383,Pennsylvania,2022-08-28,379061294.0,376642047.0,374859760.0,315496929.0,8,34,3,2022,0
2223,Pennsylvania,2022-09-04,378016232.0,379061294.0,385936571.0,318740775.0,9,35,3,2022,0
2739,Pennsylvania,2022-09-11,363329344.0,378016232.0,380559276.0,318755302.0,9,36,3,2022,0
4631,Pennsylvania,2022-09-18,365882492.0,363329344.0,379297749.0,310961557.0,9,37,3,2022,0
6480,Pennsylvania,2022-09-25,358012520.0,365882492.0,380580838.0,323065179.0,9,38,3,2022,0
2094,Pennsylvania,2022-10-02,358529095.0,358012520.0,383793267.0,325893348.0,10,39,4,2022,0
2610,Pennsylvania,2022-10-09,356804664.0,358529095.0,376642047.0,333847258.0,10,40,4,2022,0
4244,Pennsylvania,2022-10-16,352411073.0,356804664.0,379061294.0,331014707.0,10,41,4,2022,0
6093,Pennsylvania,2022-10-23,345996550.0,352411073.0,378016232.0,333173254.0,10,42,4,2022,0
7899,Pennsylvania,2022-10-30,343415692.0,345996550.0,363329344.0,341882200.0,10,43,4,2022,0
2438,Pennsylvania,2022-11-06,347145076.0,343415692.0,365882492.0,343808866.0,11,44,4,2022,0
3470,Pennsylvania,2022-11-13,351470197.0,347145076.0,358012520.0,355710750.0,11,45,4,2022,0
5319,Pennsylvania,2022-11-20,353253113.0,351470197.0,358529095.0,334455035.0,11,46,4,2022,0
7168,Pennsylvania,2022-11-27,350124372.0,353253113.0,356804664.0,352640398.0,11,47,4,2022,0
2266,Pennsylvania,2022-12-04,329211860.0,350124372.0,352411073.0,354632334.0,12,48,4,2022,0
2782,Pennsylvania,2022-12-11,349630225.0,329211860.0,345996550.0,361080994.0,12,49,4,2022,0
4717,Pennsylvania,2022-12-18,360122297.0,349630225.0,343415692.0,382457636.0,12,50,4,2022,0
6566,Pennsylvania,2022-12-25,373269582.0,360122297.0,347145076.0,373202808.0,12,51,4,2022,0
2868,Pennsylvania,2023-01-01,330275163.0,373269582.0,351470197.0,373086334.0,1,52,1,2023,0
3083,Pennsylvania,2023-01-08,330468915.0,330275163.0,353253113.0,373881703.0,1,1,1,2023,0
3771,Pennsylvania,2023-01-15,341977684.0,330468915.0,350124372.0,369264643.0,1,2,1,2023,0
5620,Pennsylvania,2023-01-22,325217205.0,341977684.0,329211860.0,376228591.0,1,3,1,2023,0
7469,Pennsylvania,2023-01-29,330353612.0,325217205.0,349630225.0,400773833.0,1,4,1,2023,0
2954,Pennsylvania,2023-02-05,335036733.0,330353612.0,360122297.0,374859760.0,2,5,1,2023,0
3169,Pennsylvania,2023-02-12,345049291.0,335036733.0,373269582.0,385936571.0,2,6,1,2023,0
4803,Pennsylvania,2023-02-19,337598545.0,345049291.0,330275163.0,380559276.0,2,7,1,2023,0
6652,Pennsylvania,2023-02-26,342074422.0,337598545.0,330468915.0,379297749.0,2,8,1,2023,0
2997,Pennsylvania,2023-03-05,354015329.0,342074422.0,341977684.0,380580838.0,3,9,1,2023,0
3212,Pennsylvania,2023-03-12,382958015.0,354015329.0,325217205.0,383793267.0,3,10,1,2023,0
4846,Pennsylvania,2023-03-19,373630833.0,382958015.0,330353612.0,376642047.0,3,11,1,2023,0
6695,Pennsylvania,2023-03-26,341287098.0,373630833.0,335036733.0,379061294.0,3,12,1,2023,0
2911,Pennsylvania,2023-04-02,352480721.0,341287098.0,345049291.0,378016232.0,4,13,2,2023,0
3126,Pennsylvania,2023-04-09,364103216.0,352480721.0,337598545.0,363329344.0,4,14,2,2023,0
4115,Pennsylvania,2023-04-16,370426792.0,364103216.0,342074422.0,365882492.0,4,15,2,2023,0
5964,Pennsylvania,2023-04-23,359074415.0,370426792.0,354015329.0,358012520.0,4,16,2,2023,0
7770,Pennsylvania,2023-04-30,361037223.0,359074415.0,382958015.0,358529095.0,4,17,2,2023,0
3040,Pennsylvania,2023-05-07,370133894.0,361037223.0,373630833.0,356804664.0,5,18,2,2023,0
117,Rhode Island,2019-10-06,14853671.0,370133894.0,341287098.0,352411073.0,10,40,4,2019,0
3428,Rhode Island,2019-10-13,13852111.0,14853671.0,352480721.0,345996550.0,10,41,4,2019,0
5277,Rhode Island,2019-10-20,13265842.0,13852111.0,364103216.0,343415692.0,10,42,4,2019,0
7126,Rhode Island,2019-10-27,13320632.0,13265842.0,370426792.0,347145076.0,10,43,4,2019,0
74,Rhode Island,2019-11-03,13856303.0,13320632.0,359074415.0,351470197.0,11,44,4,2019,0
203,Rhode Island,2019-11-10,14151732.0,13856303.0,361037223.0,353253113.0,11,45,4,2019,0
4503,Rhode Island,2019-11-17,13802172.0,14151732.0,370133894.0,350124372.0,11,46,4,2019,0
6352,Rhode Island,2019-11-24,14064840.0,13802172.0,14853671.0,329211860.0,11,47,4,2019,0
31,Rhode Island,2019-12-01,13851887.0,14064840.0,13852111.0,349630225.0,12,48,4,2019,0
160,Rhode Island,2019-12-08,14346931.0,13851887.0,13265842.0,360122297.0,12,49,4,2019,0
3987,Rhode Island,2019-12-15,13660736.0,14346931.0,13320632.0,373269582.0,12,50,4,2019,0
5836,Rhode Island,2019-12-22,14871015.0,13660736.0,13856303.0,330275163.0,12,51,4,2019,0
7685,Rhode Island,2019-12-29,14479431.0,14871015.0,14151732.0,330468915.0,12,52,4,2019,0
504,Rhode Island,2020-01-05,14508723.0,14479431.0,13802172.0,341977684.0,1,1,1,2020,0
1020,Rhode Island,2020-01-12,13460213.0,14508723.0,14064840.0,325217205.0,1,2,1,2020,0
4761,Rhode Island,2020-01-19,13821909.0,13460213.0,13851887.0,330353612.0,1,3,1,2020,0
6610,Rhode Island,2020-01-26,13665331.0,13821909.0,14346931.0,335036733.0,1,4,1,2020,0
332,Rhode Island,2020-02-02,13718697.0,13665331.0,13660736.0,345049291.0,2,5,1,2020,0
848,Rhode Island,2020-02-09,14421601.0,13718697.0,14871015.0,337598545.0,2,6,1,2020,0
4073,Rhode Island,2020-02-16,13245522.0,14421601.0,14479431.0,342074422.0,2,7,1,2020,0
5922,Rhode Island,2020-02-23,13451281.0,13245522.0,14508723.0,354015329.0,2,8,1,2020,0
246,Rhode Island,2020-03-01,14290557.0,13451281.0,13460213.0,382958015.0,3,9,1,2020,0
762,Rhode Island,2020-03-08,15533226.0,14290557.0,13821909.0,373630833.0,3,10,1,2020,0
3815,Rhode Island,2020-03-15,16069508.0,15533226.0,13665331.0,341287098.0,3,11,1,2020,0
5664,Rhode Island,2020-03-22,17031395.0,16069508.0,13718697.0,352480721.0,3,12,1,2020,0
7513,Rhode Island,2020-03-29,14606410.0,17031395.0,14421601.0,364103216.0,3,13,1,2020,0
547,Rhode Island,2020-04-05,15614828.0,14606410.0,13245522.0,370426792.0,4,14,2,2020,0
1063,Rhode Island,2020-04-12,15083521.0,15614828.0,13451281.0,359074415.0,4,15,2,2020,0
4890,Rhode Island,2020-04-19,13908239.0,15083521.0,14290557.0,361037223.0,4,16,2,2020,0
6739,Rhode Island,2020-04-26,14217016.0,13908239.0,15533226.0,370133894.0,4,17,2,2020,0
418,Rhode Island,2020-05-03,15581453.0,14217016.0,16069508.0,14853671.0,5,18,2,2020,0
934,Rhode Island,2020-05-10,15969129.0,15581453.0,17031395.0,13852111.0,5,19,2,2020,0
4374,Rhode Island,2020-05-17,15895282.0,15969129.0,14606410.0,13265842.0,5,20,2,2020,0
6223,Rhode Island,2020-05-24,16903672.0,15895282.0,15614828.0,13320632.0,5,21,2,2020,0
7986,Rhode Island,2020-05-31,17519944.0,16903672.0,15083521.0,13856303.0,5,22,2,2020,0
719,Rhode Island,2020-06-07,17506767.0,17519944.0,13908239.0,14151732.0,6,23,2,2020,0
3643,Rhode Island,2020-06-14,17243950.0,17506767.0,14217016.0,13802172.0,6,24,2,2020,0
5492,Rhode Island,2020-06-21,17104333.0,17243950.0,15581453.0,14064840.0,6,25,2,2020,0
7341,Rhode Island,2020-06-28,17784393.0,17104333.0,15969129.0,13851887.0,6,26,2,2020,0
590,Rhode Island,2020-07-05,19947248.0,17784393.0,15895282.0,14346931.0,7,27,3,2020,0
1106,Rhode Island,2020-07-12,17818041.0,19947248.0,16903672.0,13660736.0,7,28,3,2020,0
4976,Rhode Island,2020-07-19,17530224.0,17818041.0,17519944.0,14871015.0,7,29,3,2020,0
6825,Rhode Island,2020-07-26,17701064.0,17530224.0,17506767.0,14479431.0,7,30,3,2020,0
375,Rhode Island,2020-08-02,18638117.0,17701064.0,17243950.0,14508723.0,8,31,3,2020,0
891,Rhode Island,2020-08-09,18287971.0,18638117.0,17104333.0,13460213.0,8,32,3,2020,0
4202,Rhode Island,2020-08-16,17104953.0,18287971.0,17784393.0,13821909.0,8,33,3,2020,0
6051,Rhode Island,2020-08-23,16266953.0,17104953.0,19947248.0,13665331.0,8,34,3,2020,0
7857,Rhode Island,2020-08-30,16170664.0,16266953.0,17818041.0,13718697.0,8,35,3,2020,0
633,Rhode Island,2020-09-06,17064048.0,16170664.0,17530224.0,14421601.0,9,36,3,2020,0
3385,Rhode Island,2020-09-13,15562258.0,17064048.0,17701064.0,13245522.0,9,37,3,2020,0
5234,Rhode Island,2020-09-20,14909112.0,15562258.0,18638117.0,13451281.0,9,38,3,2020,0
7083,Rhode Island,2020-09-27,15194353.0,14909112.0,18287971.0,14290557.0,9,39,3,2020,0
461,Rhode Island,2020-10-04,15666300.0,15194353.0,17104953.0,15533226.0,10,40,4,2020,0
977,Rhode Island,2020-10-11,14882506.0,15666300.0,16266953.0,16069508.0,10,41,4,2020,0
4675,Rhode Island,2020-10-18,14269881.0,14882506.0,16170664.0,17031395.0,10,42,4,2020,0
6524,Rhode Island,2020-10-25,14485540.0,14269881.0,17064048.0,14606410.0,10,43,4,2020,0
289,Rhode Island,2020-11-01,14239757.0,14485540.0,15562258.0,15614828.0,11,44,4,2020,0
805,Rhode Island,2020-11-08,15522272.0,14239757.0,14909112.0,15083521.0,11,45,4,2020,0
3944,Rhode Island,2020-11-15,14661992.0,15522272.0,15194353.0,13908239.0,11,46,4,2020,0
5793,Rhode Island,2020-11-22,14731990.0,14661992.0,15666300.0,14217016.0,11,47,4,2020,0
7642,Rhode Island,2020-11-29,15360322.0,14731990.0,14882506.0,15581453.0,11,48,4,2020,0
676,Rhode Island,2020-12-06,14258437.0,15360322.0,14269881.0,15969129.0,12,49,4,2020,0
3514,Rhode Island,2020-12-13,14656353.0,14258437.0,14485540.0,15895282.0,12,50,4,2020,0
5363,Rhode Island,2020-12-20,15210314.0,14656353.0,14239757.0,16903672.0,12,51,4,2020,0
7212,Rhode Island,2020-12-27,15734816.0,15210314.0,15522272.0,17519944.0,12,52,4,2020,0
1235,Rhode Island,2021-01-03,14645230.0,15734816.0,14661992.0,17506767.0,1,53,1,2021,0
1751,Rhode Island,2021-01-10,14421115.0,14645230.0,14731990.0,17243950.0,1,1,1,2021,0
4288,Rhode Island,2021-01-17,14687264.0,14421115.0,15360322.0,17104333.0,1,2,1,2021,0
6137,Rhode Island,2021-01-24,14649492.0,14687264.0,14258437.0,17784393.0,1,3,1,2021,0
7943,Rhode Island,2021-01-31,14322677.0,14649492.0,14656353.0,19947248.0,1,4,1,2021,0
1536,Rhode Island,2021-02-07,15657542.0,14322677.0,15210314.0,17818041.0,2,5,1,2021,0
3557,Rhode Island,2021-02-14,14493827.0,15657542.0,15734816.0,17530224.0,2,6,1,2021,0
5406,Rhode Island,2021-02-21,14463612.0,14493827.0,14645230.0,17701064.0,2,7,1,2021,0
7255,Rhode Island,2021-02-28,14868786.0,14463612.0,14421115.0,18638117.0,2,8,1,2021,0
1579,Rhode Island,2021-03-07,16310885.0,14868786.0,14687264.0,18287971.0,3,9,1,2021,0
3600,Rhode Island,2021-03-14,17329532.0,16310885.0,14649492.0,17104953.0,3,10,1,2021,0
5449,Rhode Island,2021-03-21,18108325.0,17329532.0,14322677.0,16266953.0,3,11,1,2021,0
7298,Rhode Island,2021-03-28,15849364.0,18108325.0,15657542.0,16170664.0,3,12,1,2021,0
1321,Rhode Island,2021-04-04,16257946.0,15849364.0,14493827.0,17064048.0,4,13,2,2021,0
1837,Rhode Island,2021-04-11,16436425.0,16257946.0,14463612.0,15562258.0,4,14,2,2021,0
4546,Rhode Island,2021-04-18,15576968.0,16436425.0,14868786.0,14909112.0,4,15,2,2021,0
6395,Rhode Island,2021-04-25,16104316.0,15576968.0,16310885.0,15194353.0,4,16,2,2021,0
1192,Rhode Island,2021-05-02,16583194.0,16104316.0,17329532.0,15666300.0,5,17,2,2021,0
1708,Rhode Island,2021-05-09,17442900.0,16583194.0,18108325.0,14882506.0,5,18,2,2021,0
4159,Rhode Island,2021-05-16,17397104.0,17442900.0,15849364.0,14269881.0,5,19,2,2021,0
6008,Rhode Island,2021-05-23,18587102.0,17397104.0,16257946.0,14485540.0,5,20,2,2021,0
7814,Rhode Island,2021-05-30,18426786.0,18587102.0,16436425.0,14239757.0,5,21,2,2021,0
1493,Rhode Island,2021-06-06,18711194.0,18426786.0,15576968.0,15522272.0,6,22,2,2021,0
3342,Rhode Island,2021-06-13,19207115.0,18711194.0,16104316.0,14661992.0,6,23,2,2021,0
5191,Rhode Island,2021-06-20,18857727.0,19207115.0,16583194.0,14731990.0,6,24,2,2021,0
7040,Rhode Island,2021-06-27,18958249.0,18857727.0,17442900.0,15360322.0,6,25,2,2021,0
1364,Rhode Island,2021-07-04,19914190.0,18958249.0,17397104.0,14258437.0,7,26,3,2021,0
1880,Rhode Island,2021-07-11,18920025.0,19914190.0,18587102.0,14656353.0,7,27,3,2021,0
4589,Rhode Island,2021-07-18,17901416.0,18920025.0,18426786.0,15210314.0,7,28,3,2021,0
6438,Rhode Island,2021-07-25,19150496.0,17901416.0,18711194.0,15734816.0,7,29,3,2021,0
1149,Rhode Island,2021-08-01,19169356.0,19150496.0,19207115.0,14645230.0,8,30,3,2021,0
1665,Rhode Island,2021-08-08,19610358.0,19169356.0,18857727.0,14421115.0,8,31,3,2021,0
3901,Rhode Island,2021-08-15,18919593.0,19610358.0,18958249.0,14687264.0,8,32,3,2021,0
5750,Rhode Island,2021-08-22,18521347.0,18919593.0,19914190.0,14649492.0,8,33,3,2021,0
7599,Rhode Island,2021-08-29,17802863.0,18521347.0,18920025.0,14322677.0,8,34,3,2021,0
1407,Rhode Island,2021-09-05,18013919.0,17802863.0,17901416.0,15657542.0,9,35,3,2021,0
1923,Rhode Island,2021-09-12,17732145.0,18013919.0,19150496.0,14493827.0,9,36,3,2021,0
5019,Rhode Island,2021-09-19,16507187.0,17732145.0,19169356.0,14463612.0,9,37,3,2021,0
6868,Rhode Island,2021-09-26,16466648.0,16507187.0,19610358.0,14868786.0,9,38,3,2021,0
1278,Rhode Island,2021-10-03,23725178.0,16466648.0,18919593.0,16310885.0,10,39,4,2021,0
1794,Rhode Island,2021-10-10,23868671.0,23725178.0,18521347.0,17329532.0,10,40,4,2021,0
4460,Rhode Island,2021-10-17,22798438.0,23868671.0,17802863.0,18108325.0,10,41,4,2021,0
6309,Rhode Island,2021-10-24,22549742.0,22798438.0,18013919.0,15849364.0,10,42,4,2021,0
8072,Rhode Island,2021-10-31,22111739.0,22549742.0,17732145.0,16257946.0,10,43,4,2021,0
1622,Rhode Island,2021-11-07,23698831.0,22111739.0,16507187.0,16436425.0,11,44,4,2021,0
3729,Rhode Island,2021-11-14,23191647.0,23698831.0,16466648.0,15576968.0,11,45,4,2021,0
5578,Rhode Island,2021-11-21,23742344.0,23191647.0,23725178.0,16104316.0,11,46,4,2021,0
7427,Rhode Island,2021-11-28,22516816.0,23742344.0,23868671.0,16583194.0,11,47,4,2021,0
1450,Rhode Island,2021-12-05,22869123.0,22516816.0,22798438.0,17442900.0,12,48,4,2021,0
1966,Rhode Island,2021-12-12,23300978.0,22869123.0,22549742.0,17397104.0,12,49,4,2021,0
5062,Rhode Island,2021-12-19,24223428.0,23300978.0,22111739.0,18587102.0,12,50,4,2021,0
6911,Rhode Island,2021-12-26,24309917.0,24223428.0,23698831.0,18426786.0,12,51,4,2021,0
2052,Rhode Island,2022-01-02,22264587.0,24309917.0,23191647.0,18711194.0,1,52,1,2022,0
2568,Rhode Island,2022-01-09,22772787.0,22264587.0,23742344.0,19207115.0,1,1,1,2022,0
4030,Rhode Island,2022-01-16,22890137.0,22772787.0,22516816.0,18857727.0,1,2,1,2022,0
5879,Rhode Island,2022-01-23,22572809.0,22890137.0,22869123.0,18958249.0,1,3,1,2022,0
7728,Rhode Island,2022-01-30,23319592.0,22572809.0,23300978.0,19914190.0,1,4,1,2022,0
2353,Rhode Island,2022-02-06,23357314.0,23319592.0,24223428.0,18920025.0,2,5,1,2022,0
3256,Rhode Island,2022-02-13,22953702.0,23357314.0,24309917.0,17901416.0,2,6,1,2022,0
5105,Rhode Island,2022-02-20,22272307.0,22953702.0,22264587.0,19150496.0,2,7,1,2022,0
6954,Rhode Island,2022-02-27,22907791.0,22272307.0,22772787.0,19169356.0,2,8,1,2022,0
2396,Rhode Island,2022-03-06,24059181.0,22907791.0,22890137.0,19610358.0,3,9,1,2022,0
3299,Rhode Island,2022-03-13,23462552.0,24059181.0,22572809.0,18919593.0,3,10,1,2022,0
5148,Rhode Island,2022-03-20,23950719.0,23462552.0,23319592.0,18521347.0,3,11,1,2022,0
6997,Rhode Island,2022-03-27,23741771.0,23950719.0,23357314.0,17802863.0,3,12,1,2022,0
2138,Rhode Island,2022-04-03,25065172.0,23741771.0,22953702.0,18013919.0,4,13,2,2022,0
2654,Rhode Island,2022-04-10,25080892.0,25065172.0,22272307.0,17732145.0,4,14,2,2022,0
4331,Rhode Island,2022-04-17,23816899.0,25080892.0,22907791.0,16507187.0,4,15,2,2022,0
6180,Rhode Island,2022-04-24,23825887.0,23816899.0,24059181.0,16466648.0,4,16,2,2022,0
2009,Rhode Island,2022-05-01,25106485.0,23825887.0,23462552.0,23725178.0,5,17,2,2022,0
2525,Rhode Island,2022-05-08,26216069.0,25106485.0,23950719.0,23868671.0,5,18,2,2022,0
3858,Rhode Island,2022-05-15,26284223.0,26216069.0,23741771.0,22798438.0,5,19,2,2022,0
5707,Rhode Island,2022-05-22,27833790.0,26284223.0,25065172.0,22549742.0,5,20,2,2022,0
7556,Rhode Island,2022-05-29,27658681.0,27833790.0,25080892.0,22111739.0,5,21,2,2022,0
2310,Rhode Island,2022-06-05,28181142.0,27658681.0,23816899.0,23698831.0,6,22,2,2022,0
2826,Rhode Island,2022-06-12,28026795.0,28181142.0,23825887.0,23191647.0,6,23,2,2022,0
4933,Rhode Island,2022-06-19,27233550.0,28026795.0,25106485.0,23742344.0,6,24,2,2022,0
6782,Rhode Island,2022-06-26,27730959.0,27233550.0,26216069.0,22516816.0,6,25,2,2022,0
2181,Rhode Island,2022-07-03,31263263.0,27730959.0,26284223.0,22869123.0,7,26,3,2022,0
2697,Rhode Island,2022-07-10,29295752.0,31263263.0,27833790.0,23300978.0,7,27,3,2022,0
4417,Rhode Island,2022-07-17,27964640.0,29295752.0,27658681.0,24223428.0,7,28,3,2022,0
6266,Rhode Island,2022-07-24,29127141.0,27964640.0,28181142.0,24309917.0,7,29,3,2022,0
8029,Rhode Island,2022-07-31,29307271.0,29127141.0,28026795.0,22264587.0,7,30,3,2022,0
2482,Rhode Island,2022-08-07,30340206.0,29307271.0,27233550.0,22772787.0,8,31,3,2022,0
3686,Rhode Island,2022-08-14,28191073.0,30340206.0,27730959.0,22890137.0,8,32,3,2022,0
5535,Rhode Island,2022-08-21,28164176.0,28191073.0,31263263.0,22572809.0,8,33,3,2022,0
7384,Rhode Island,2022-08-28,27354433.0,28164176.0,29295752.0,23319592.0,8,34,3,2022,0
2224,Rhode Island,2022-09-04,28296567.0,27354433.0,27964640.0,23357314.0,9,35,3,2022,0
2740,Rhode Island,2022-09-11,26219165.0,28296567.0,29127141.0,22953702.0,9,36,3,2022,0
4632,Rhode Island,2022-09-18,25401322.0,26219165.0,29307271.0,22272307.0,9,37,3,2022,0
6481,Rhode Island,2022-09-25,24647727.0,25401322.0,30340206.0,22907791.0,9,38,3,2022,0
2095,Rhode Island,2022-10-02,24908515.0,24647727.0,28191073.0,24059181.0,10,39,4,2022,0
2611,Rhode Island,2022-10-09,25367581.0,24908515.0,28164176.0,23462552.0,10,40,4,2022,0
4245,Rhode Island,2022-10-16,24305334.0,25367581.0,27354433.0,23950719.0,10,41,4,2022,0
6094,Rhode Island,2022-10-23,24293167.0,24305334.0,28296567.0,23741771.0,10,42,4,2022,0
7900,Rhode Island,2022-10-30,23709244.0,24293167.0,26219165.0,25065172.0,10,43,4,2022,0
2439,Rhode Island,2022-11-06,25600521.0,23709244.0,25401322.0,25080892.0,11,44,4,2022,0
3471,Rhode Island,2022-11-13,24777328.0,25600521.0,24647727.0,23816899.0,11,45,4,2022,0
5320,Rhode Island,2022-11-20,24545419.0,24777328.0,24908515.0,23825887.0,11,46,4,2022,0
7169,Rhode Island,2022-11-27,25523523.0,24545419.0,25367581.0,25106485.0,11,47,4,2022,0
2267,Rhode Island,2022-12-04,24246399.0,25523523.0,24305334.0,26216069.0,12,48,4,2022,0
2783,Rhode Island,2022-12-11,25189012.0,24246399.0,24293167.0,26284223.0,12,49,4,2022,0
4718,Rhode Island,2022-12-18,25134440.0,25189012.0,23709244.0,27833790.0,12,50,4,2022,0
6567,Rhode Island,2022-12-25,27164719.0,25134440.0,25600521.0,27658681.0,12,51,4,2022,0
2869,Rhode Island,2023-01-01,23545999.0,27164719.0,24777328.0,28181142.0,1,52,1,2023,0
3084,Rhode Island,2023-01-08,24992025.0,23545999.0,24545419.0,28026795.0,1,1,1,2023,0
3772,Rhode Island,2023-01-15,23889254.0,24992025.0,25523523.0,27233550.0,1,2,1,2023,0
5621,Rhode Island,2023-01-22,23757841.0,23889254.0,24246399.0,27730959.0,1,3,1,2023,0
7470,Rhode Island,2023-01-29,24385607.0,23757841.0,25189012.0,31263263.0,1,4,1,2023,0
2955,Rhode Island,2023-02-05,24833609.0,24385607.0,25134440.0,29295752.0,2,5,1,2023,0
3170,Rhode Island,2023-02-12,24628163.0,24833609.0,27164719.0,27964640.0,2,6,1,2023,0
4804,Rhode Island,2023-02-19,24154151.0,24628163.0,23545999.0,29127141.0,2,7,1,2023,0
6653,Rhode Island,2023-02-26,24253798.0,24154151.0,24992025.0,29307271.0,2,8,1,2023,0
2998,Rhode Island,2023-03-05,26251443.0,24253798.0,23889254.0,30340206.0,3,9,1,2023,0
3213,Rhode Island,2023-03-12,27144883.0,26251443.0,23757841.0,28191073.0,3,10,1,2023,0
4847,Rhode Island,2023-03-19,27579680.0,27144883.0,24385607.0,28164176.0,3,11,1,2023,0
6696,Rhode Island,2023-03-26,25041537.0,27579680.0,24833609.0,27354433.0,3,12,1,2023,0
2912,Rhode Island,2023-04-02,25506948.0,25041537.0,24628163.0,28296567.0,4,13,2,2023,0
3127,Rhode Island,2023-04-09,27104665.0,25506948.0,24154151.0,26219165.0,4,14,2,2023,0
4116,Rhode Island,2023-04-16,26660282.0,27104665.0,24253798.0,25401322.0,4,15,2,2023,0
5965,Rhode Island,2023-04-23,26266039.0,26660282.0,26251443.0,24647727.0,4,16,2,2023,0
7771,Rhode Island,2023-04-30,26462619.0,26266039.0,27144883.0,24908515.0,4,17,2,2023,0
3041,Rhode Island,2023-05-07,28258432.0,26462619.0,27579680.0,25367581.0,5,18,2,2023,0
118,South Carolina,2019-10-06,114383017.0,28258432.0,25041537.0,24305334.0,10,40,4,2019,0
3429,South Carolina,2019-10-13,107997409.0,114383017.0,25506948.0,24293167.0,10,41,4,2019,0
5278,South Carolina,2019-10-20,102885416.0,107997409.0,27104665.0,23709244.0,10,42,4,2019,0
7127,South Carolina,2019-10-27,98847771.0,102885416.0,26660282.0,25600521.0,10,43,4,2019,0
75,South Carolina,2019-11-03,101518325.0,98847771.0,26266039.0,24777328.0,11,44,4,2019,0
204,South Carolina,2019-11-10,101041837.0,101518325.0,26462619.0,24545419.0,11,45,4,2019,0
4504,South Carolina,2019-11-17,98576580.0,101041837.0,28258432.0,25523523.0,11,46,4,2019,0
6353,South Carolina,2019-11-24,100831193.0,98576580.0,114383017.0,24246399.0,11,47,4,2019,0
32,South Carolina,2019-12-01,97713917.0,100831193.0,107997409.0,25189012.0,12,48,4,2019,0
161,South Carolina,2019-12-08,99273973.0,97713917.0,102885416.0,25134440.0,12,49,4,2019,0
3988,South Carolina,2019-12-15,97227124.0,99273973.0,98847771.0,27164719.0,12,50,4,2019,0
5837,South Carolina,2019-12-22,106241375.0,97227124.0,101518325.0,23545999.0,12,51,4,2019,0
7686,South Carolina,2019-12-29,97728797.0,106241375.0,101041837.0,24992025.0,12,52,4,2019,0
505,South Carolina,2020-01-05,96859134.0,97728797.0,98576580.0,23889254.0,1,1,1,2020,0
1021,South Carolina,2020-01-12,97732879.0,96859134.0,100831193.0,23757841.0,1,2,1,2020,0
4762,South Carolina,2020-01-19,96976761.0,97732879.0,97713917.0,24385607.0,1,3,1,2020,0
6611,South Carolina,2020-01-26,93453835.0,96976761.0,99273973.0,24833609.0,1,4,1,2020,0
333,South Carolina,2020-02-02,97486877.0,93453835.0,97227124.0,24628163.0,2,5,1,2020,0
849,South Carolina,2020-02-09,99428920.0,97486877.0,106241375.0,24154151.0,2,6,1,2020,0
4074,South Carolina,2020-02-16,98121232.0,99428920.0,97728797.0,24253798.0,2,7,1,2020,0
5923,South Carolina,2020-02-23,96624312.0,98121232.0,96859134.0,26251443.0,2,8,1,2020,0
247,South Carolina,2020-03-01,102674942.0,96624312.0,97732879.0,27144883.0,3,9,1,2020,0
763,South Carolina,2020-03-08,105918812.0,102674942.0,96976761.0,27579680.0,3,10,1,2020,0
3816,South Carolina,2020-03-15,121301348.0,105918812.0,93453835.0,25041537.0,3,11,1,2020,0
5665,South Carolina,2020-03-22,115236524.0,121301348.0,97486877.0,25506948.0,3,12,1,2020,0
7514,South Carolina,2020-03-29,105584122.0,115236524.0,99428920.0,27104665.0,3,13,1,2020,0
548,South Carolina,2020-04-05,109700821.0,105584122.0,98121232.0,26660282.0,4,14,2,2020,0
1064,South Carolina,2020-04-12,108773507.0,109700821.0,96624312.0,26266039.0,4,15,2,2020,0
4891,South Carolina,2020-04-19,108156430.0,108773507.0,102674942.0,26462619.0,4,16,2,2020,0
6740,South Carolina,2020-04-26,108820075.0,108156430.0,105918812.0,28258432.0,4,17,2,2020,0
419,South Carolina,2020-05-03,116196588.0,108820075.0,121301348.0,114383017.0,5,18,2,2020,0
935,South Carolina,2020-05-10,115219472.0,116196588.0,115236524.0,107997409.0,5,19,2,2020,0
4375,South Carolina,2020-05-17,118588431.0,115219472.0,105584122.0,102885416.0,5,20,2,2020,0
6224,South Carolina,2020-05-24,122171669.0,118588431.0,109700821.0,98847771.0,5,21,2,2020,0
7987,South Carolina,2020-05-31,118551509.0,122171669.0,108773507.0,101518325.0,5,22,2,2020,0
720,South Carolina,2020-06-07,122039883.0,118551509.0,108156430.0,101041837.0,6,23,2,2020,0
3644,South Carolina,2020-06-14,118707107.0,122039883.0,108820075.0,98576580.0,6,24,2,2020,0
5493,South Carolina,2020-06-21,119479062.0,118707107.0,116196588.0,100831193.0,6,25,2,2020,0
7342,South Carolina,2020-06-28,126408582.0,119479062.0,115219472.0,97713917.0,6,26,2,2020,0
591,South Carolina,2020-07-05,132593655.0,126408582.0,118588431.0,99273973.0,7,27,3,2020,0
1107,South Carolina,2020-07-12,122574667.0,132593655.0,122171669.0,97227124.0,7,28,3,2020,0
4977,South Carolina,2020-07-19,129859709.0,122574667.0,118551509.0,106241375.0,7,29,3,2020,0
6826,South Carolina,2020-07-26,124835596.0,129859709.0,122039883.0,97728797.0,7,30,3,2020,0
376,South Carolina,2020-08-02,125876673.0,124835596.0,118707107.0,96859134.0,8,31,3,2020,0
892,South Carolina,2020-08-09,125700126.0,125876673.0,119479062.0,97732879.0,8,32,3,2020,0
4203,South Carolina,2020-08-16,126603502.0,125700126.0,126408582.0,96976761.0,8,33,3,2020,0
6052,South Carolina,2020-08-23,120757152.0,126603502.0,132593655.0,93453835.0,8,34,3,2020,0
7858,South Carolina,2020-08-30,126932494.0,120757152.0,122574667.0,97486877.0,8,35,3,2020,0
634,South Carolina,2020-09-06,123513393.0,126932494.0,129859709.0,99428920.0,9,36,3,2020,0
3386,South Carolina,2020-09-13,120250377.0,123513393.0,124835596.0,98121232.0,9,37,3,2020,0
5235,South Carolina,2020-09-20,114240209.0,120250377.0,125876673.0,96624312.0,9,38,3,2020,0
7084,South Carolina,2020-09-27,114367165.0,114240209.0,125700126.0,102674942.0,9,39,3,2020,0
462,South Carolina,2020-10-04,118393333.0,114367165.0,126603502.0,105918812.0,10,40,4,2020,0
978,South Carolina,2020-10-11,115546164.0,118393333.0,120757152.0,121301348.0,10,41,4,2020,0
4676,South Carolina,2020-10-18,111258894.0,115546164.0,126932494.0,115236524.0,10,42,4,2020,0
6525,South Carolina,2020-10-25,109199832.0,111258894.0,123513393.0,105584122.0,10,43,4,2020,0
290,South Carolina,2020-11-01,108607871.0,109199832.0,120250377.0,109700821.0,11,44,4,2020,0
806,South Carolina,2020-11-08,109323980.0,108607871.0,114240209.0,108773507.0,11,45,4,2020,0
3945,South Carolina,2020-11-15,107385644.0,109323980.0,114367165.0,108156430.0,11,46,4,2020,0
5794,South Carolina,2020-11-22,111742859.0,107385644.0,118393333.0,108820075.0,11,47,4,2020,0
7643,South Carolina,2020-11-29,106117751.0,111742859.0,115546164.0,116196588.0,11,48,4,2020,0
677,South Carolina,2020-12-06,104097292.0,106117751.0,111258894.0,115219472.0,12,49,4,2020,0
3515,South Carolina,2020-12-13,107007214.0,104097292.0,109199832.0,118588431.0,12,50,4,2020,0
5364,South Carolina,2020-12-20,111763892.0,107007214.0,108607871.0,122171669.0,12,51,4,2020,0
7213,South Carolina,2020-12-27,103647586.0,111763892.0,109323980.0,118551509.0,12,52,4,2020,0
1236,South Carolina,2021-01-03,105691763.0,103647586.0,107385644.0,122039883.0,1,53,1,2021,0
1752,South Carolina,2021-01-10,105420670.0,105691763.0,111742859.0,118707107.0,1,1,1,2021,0
4289,South Carolina,2021-01-17,105451570.0,105420670.0,106117751.0,119479062.0,1,2,1,2021,0
6138,South Carolina,2021-01-24,101756190.0,105451570.0,104097292.0,126408582.0,1,3,1,2021,0
7944,South Carolina,2021-01-31,102663345.0,101756190.0,107007214.0,132593655.0,1,4,1,2021,0
1537,South Carolina,2021-02-07,105642956.0,102663345.0,111763892.0,122574667.0,2,5,1,2021,0
3558,South Carolina,2021-02-14,104817841.0,105642956.0,103647586.0,129859709.0,2,6,1,2021,0
5407,South Carolina,2021-02-21,102379033.0,104817841.0,105691763.0,124835596.0,2,7,1,2021,0
7256,South Carolina,2021-02-28,108628107.0,102379033.0,105420670.0,125876673.0,2,8,1,2021,0
1580,South Carolina,2021-03-07,112826155.0,108628107.0,105451570.0,125700126.0,3,9,1,2021,0
3601,South Carolina,2021-03-14,130590731.0,112826155.0,101756190.0,126603502.0,3,10,1,2021,0
5450,South Carolina,2021-03-21,124498179.0,130590731.0,102663345.0,120757152.0,3,11,1,2021,0
7299,South Carolina,2021-03-28,114332167.0,124498179.0,105642956.0,126932494.0,3,12,1,2021,0
1322,South Carolina,2021-04-04,119123090.0,114332167.0,104817841.0,123513393.0,4,13,2,2021,0
1838,South Carolina,2021-04-11,120645103.0,119123090.0,102379033.0,120250377.0,4,14,2,2021,0
4547,South Carolina,2021-04-18,118708738.0,120645103.0,108628107.0,114240209.0,4,15,2,2021,0
6396,South Carolina,2021-04-25,117551690.0,118708738.0,112826155.0,114367165.0,4,16,2,2021,0
1193,South Carolina,2021-05-02,123593132.0,117551690.0,130590731.0,118393333.0,5,17,2,2021,0
1709,South Carolina,2021-05-09,125587920.0,123593132.0,124498179.0,115546164.0,5,18,2,2021,0
4160,South Carolina,2021-05-16,125512878.0,125587920.0,114332167.0,111258894.0,5,19,2,2021,0
6009,South Carolina,2021-05-23,129573465.0,125512878.0,119123090.0,109199832.0,5,20,2,2021,0
7815,South Carolina,2021-05-30,129965455.0,129573465.0,120645103.0,108607871.0,5,21,2,2021,0
1494,South Carolina,2021-06-06,131297261.0,129965455.0,118708738.0,109323980.0,6,22,2,2021,0
3343,South Carolina,2021-06-13,132205677.0,131297261.0,117551690.0,107385644.0,6,23,2,2021,0
5192,South Carolina,2021-06-20,132108080.0,132205677.0,123593132.0,111742859.0,6,24,2,2021,0
7041,South Carolina,2021-06-27,133108994.0,132108080.0,125587920.0,106117751.0,6,25,2,2021,0
1365,South Carolina,2021-07-04,142350228.0,133108994.0,125512878.0,104097292.0,7,26,3,2021,0
1881,South Carolina,2021-07-11,132319092.0,142350228.0,129573465.0,107007214.0,7,27,3,2021,0
4590,South Carolina,2021-07-18,139656336.0,132319092.0,129965455.0,111763892.0,7,28,3,2021,0
6439,South Carolina,2021-07-25,135020319.0,139656336.0,131297261.0,103647586.0,7,29,3,2021,0
1150,South Carolina,2021-08-01,137103834.0,135020319.0,132205677.0,105691763.0,8,30,3,2021,0
1666,South Carolina,2021-08-08,132733260.0,137103834.0,132108080.0,105420670.0,8,31,3,2021,0
3902,South Carolina,2021-08-15,138477665.0,132733260.0,133108994.0,105451570.0,8,32,3,2021,0
5751,South Carolina,2021-08-22,131830740.0,138477665.0,142350228.0,101756190.0,8,33,3,2021,0
7600,South Carolina,2021-08-29,133754231.0,131830740.0,132319092.0,102663345.0,8,34,3,2021,0
1408,South Carolina,2021-09-05,139602832.0,133754231.0,139656336.0,105642956.0,9,35,3,2021,0
1924,South Carolina,2021-09-12,130647182.0,139602832.0,135020319.0,104817841.0,9,36,3,2021,0
5020,South Carolina,2021-09-19,126337749.0,130647182.0,137103834.0,102379033.0,9,37,3,2021,0
6869,South Carolina,2021-09-26,121546105.0,126337749.0,132733260.0,108628107.0,9,38,3,2021,0
1279,South Carolina,2021-10-03,180723407.0,121546105.0,138477665.0,112826155.0,10,39,4,2021,0
1795,South Carolina,2021-10-10,176599858.0,180723407.0,131830740.0,130590731.0,10,40,4,2021,0
4461,South Carolina,2021-10-17,177044108.0,176599858.0,133754231.0,124498179.0,10,41,4,2021,0
6310,South Carolina,2021-10-24,169100035.0,177044108.0,139602832.0,114332167.0,10,42,4,2021,0
8073,South Carolina,2021-10-31,166307533.0,169100035.0,130647182.0,119123090.0,10,43,4,2021,0
1623,South Carolina,2021-11-07,166607824.0,166307533.0,126337749.0,120645103.0,11,44,4,2021,0
3730,South Carolina,2021-11-14,169313002.0,166607824.0,121546105.0,118708738.0,11,45,4,2021,0
5579,South Carolina,2021-11-21,172579093.0,169313002.0,180723407.0,117551690.0,11,46,4,2021,0
7428,South Carolina,2021-11-28,159627451.0,172579093.0,176599858.0,123593132.0,11,47,4,2021,0
1451,South Carolina,2021-12-05,162585900.0,159627451.0,177044108.0,125587920.0,12,48,4,2021,0
1967,South Carolina,2021-12-12,162995925.0,162585900.0,169100035.0,125512878.0,12,49,4,2021,0
5063,South Carolina,2021-12-19,171199262.0,162995925.0,166307533.0,129573465.0,12,50,4,2021,0
6912,South Carolina,2021-12-26,166981961.0,171199262.0,166607824.0,129965455.0,12,51,4,2021,0
2053,South Carolina,2022-01-02,163551098.0,166981961.0,169313002.0,131297261.0,1,52,1,2022,0
2569,South Carolina,2022-01-09,162783064.0,163551098.0,172579093.0,132205677.0,1,1,1,2022,0
4031,South Carolina,2022-01-16,167542161.0,162783064.0,159627451.0,132108080.0,1,2,1,2022,0
5880,South Carolina,2022-01-23,157956138.0,167542161.0,162585900.0,133108994.0,1,3,1,2022,0
7729,South Carolina,2022-01-30,159023663.0,157956138.0,162995925.0,142350228.0,1,4,1,2022,0
2354,South Carolina,2022-02-06,165738850.0,159023663.0,171199262.0,132319092.0,2,5,1,2022,0
3257,South Carolina,2022-02-13,164866135.0,165738850.0,166981961.0,139656336.0,2,6,1,2022,0
5106,South Carolina,2022-02-20,163508228.0,164866135.0,163551098.0,135020319.0,2,7,1,2022,0
6955,South Carolina,2022-02-27,172198536.0,163508228.0,162783064.0,137103834.0,2,8,1,2022,0
2397,South Carolina,2022-03-06,175873738.0,172198536.0,167542161.0,132733260.0,3,9,1,2022,0
3300,South Carolina,2022-03-13,177614299.0,175873738.0,157956138.0,138477665.0,3,10,1,2022,0
5149,South Carolina,2022-03-20,176316871.0,177614299.0,159023663.0,131830740.0,3,11,1,2022,0
6998,South Carolina,2022-03-27,178770773.0,176316871.0,165738850.0,133754231.0,3,12,1,2022,0
2139,South Carolina,2022-04-03,181076192.0,178770773.0,164866135.0,139602832.0,4,13,2,2022,0
2655,South Carolina,2022-04-10,187262382.0,181076192.0,163508228.0,130647182.0,4,14,2,2022,0
4332,South Carolina,2022-04-17,189212253.0,187262382.0,172198536.0,126337749.0,4,15,2,2022,0
6181,South Carolina,2022-04-24,184741953.0,189212253.0,175873738.0,121546105.0,4,16,2,2022,0
2010,South Carolina,2022-05-01,191013792.0,184741953.0,177614299.0,180723407.0,5,17,2,2022,0
2526,South Carolina,2022-05-08,192637660.0,191013792.0,176316871.0,176599858.0,5,18,2,2022,0
3859,South Carolina,2022-05-15,191201415.0,192637660.0,178770773.0,177044108.0,5,19,2,2022,0
5708,South Carolina,2022-05-22,203399074.0,191201415.0,181076192.0,169100035.0,5,20,2,2022,0
7557,South Carolina,2022-05-29,203009781.0,203399074.0,187262382.0,166307533.0,5,21,2,2022,0
2311,South Carolina,2022-06-05,198193324.0,203009781.0,189212253.0,166607824.0,6,22,2,2022,0
2827,South Carolina,2022-06-12,199979552.0,198193324.0,184741953.0,169313002.0,6,23,2,2022,0
4934,South Carolina,2022-06-19,206203991.0,199979552.0,191013792.0,172579093.0,6,24,2,2022,0
6783,South Carolina,2022-06-26,206761069.0,206203991.0,192637660.0,159627451.0,6,25,2,2022,0
2182,South Carolina,2022-07-03,212484199.0,206761069.0,191201415.0,162585900.0,7,26,3,2022,0
2698,South Carolina,2022-07-10,203704957.0,212484199.0,203399074.0,162995925.0,7,27,3,2022,0
4418,South Carolina,2022-07-17,206196711.0,203704957.0,203009781.0,171199262.0,7,28,3,2022,0
6267,South Carolina,2022-07-24,204000301.0,206196711.0,198193324.0,166981961.0,7,29,3,2022,0
8030,South Carolina,2022-07-31,209504320.0,204000301.0,199979552.0,163551098.0,7,30,3,2022,0
2483,South Carolina,2022-08-07,209825158.0,209504320.0,206203991.0,162783064.0,8,31,3,2022,0
3687,South Carolina,2022-08-14,211971500.0,209825158.0,206761069.0,167542161.0,8,32,3,2022,0
5536,South Carolina,2022-08-21,201723507.0,211971500.0,212484199.0,157956138.0,8,33,3,2022,0
7385,South Carolina,2022-08-28,208685841.0,201723507.0,203704957.0,159023663.0,8,34,3,2022,0
2225,South Carolina,2022-09-04,207052636.0,208685841.0,206196711.0,165738850.0,9,35,3,2022,0
2741,South Carolina,2022-09-11,198776568.0,207052636.0,204000301.0,164866135.0,9,36,3,2022,0
4633,South Carolina,2022-09-18,200168053.0,198776568.0,209504320.0,163508228.0,9,37,3,2022,0
6482,South Carolina,2022-09-25,200145634.0,200168053.0,209825158.0,172198536.0,9,38,3,2022,0
2096,South Carolina,2022-10-02,202964629.0,200145634.0,211971500.0,175873738.0,10,39,4,2022,0
2612,South Carolina,2022-10-09,192621234.0,202964629.0,201723507.0,177614299.0,10,40,4,2022,0
4246,South Carolina,2022-10-16,192750334.0,192621234.0,208685841.0,176316871.0,10,41,4,2022,0
6095,South Carolina,2022-10-23,186735843.0,192750334.0,207052636.0,178770773.0,10,42,4,2022,0
7901,South Carolina,2022-10-30,180597389.0,186735843.0,198776568.0,181076192.0,10,43,4,2022,0
2440,South Carolina,2022-11-06,183072080.0,180597389.0,200168053.0,187262382.0,11,44,4,2022,0
3472,South Carolina,2022-11-13,182848873.0,183072080.0,200145634.0,189212253.0,11,45,4,2022,0
5321,South Carolina,2022-11-20,186596158.0,182848873.0,202964629.0,184741953.0,11,46,4,2022,0
7170,South Carolina,2022-11-27,179285281.0,186596158.0,192621234.0,191013792.0,11,47,4,2022,0
2268,South Carolina,2022-12-04,178047572.0,179285281.0,192750334.0,192637660.0,12,48,4,2022,0
2784,South Carolina,2022-12-11,179660743.0,178047572.0,186735843.0,191201415.0,12,49,4,2022,0
4719,South Carolina,2022-12-18,187471223.0,179660743.0,180597389.0,203399074.0,12,50,4,2022,0
6568,South Carolina,2022-12-25,186801489.0,187471223.0,183072080.0,203009781.0,12,51,4,2022,0
2870,South Carolina,2023-01-01,178693691.0,186801489.0,182848873.0,198193324.0,1,52,1,2023,0
3085,South Carolina,2023-01-08,176995113.0,178693691.0,186596158.0,199979552.0,1,1,1,2023,0
3773,South Carolina,2023-01-15,182273982.0,176995113.0,179285281.0,206203991.0,1,2,1,2023,0
5622,South Carolina,2023-01-22,171650115.0,182273982.0,178047572.0,206761069.0,1,3,1,2023,0
7471,South Carolina,2023-01-29,171331528.0,171650115.0,179660743.0,212484199.0,1,4,1,2023,0
2956,South Carolina,2023-02-05,178638946.0,171331528.0,187471223.0,203704957.0,2,5,1,2023,0
3171,South Carolina,2023-02-12,180928462.0,178638946.0,186801489.0,206196711.0,2,6,1,2023,0
4805,South Carolina,2023-02-19,179619574.0,180928462.0,178693691.0,204000301.0,2,7,1,2023,0
6654,South Carolina,2023-02-26,185148805.0,179619574.0,176995113.0,209504320.0,2,8,1,2023,0
2999,South Carolina,2023-03-05,193419521.0,185148805.0,182273982.0,209825158.0,3,9,1,2023,0
3214,South Carolina,2023-03-12,206941748.0,193419521.0,171650115.0,211971500.0,3,10,1,2023,0
4848,South Carolina,2023-03-19,199129767.0,206941748.0,171331528.0,201723507.0,3,11,1,2023,0
6697,South Carolina,2023-03-26,188420756.0,199129767.0,178638946.0,208685841.0,3,12,1,2023,0
2913,South Carolina,2023-04-02,195832713.0,188420756.0,180928462.0,207052636.0,4,13,2,2023,0
3128,South Carolina,2023-04-09,197534798.0,195832713.0,179619574.0,198776568.0,4,14,2,2023,0
4117,South Carolina,2023-04-16,197670443.0,197534798.0,185148805.0,200168053.0,4,15,2,2023,0
5966,South Carolina,2023-04-23,198810907.0,197670443.0,193419521.0,200145634.0,4,16,2,2023,0
7772,South Carolina,2023-04-30,200954411.0,198810907.0,206941748.0,202964629.0,4,17,2,2023,0
3042,South Carolina,2023-05-07,207827572.0,200954411.0,199129767.0,192621234.0,5,18,2,2023,0
119,South Dakota,2019-10-06,15271120.0,207827572.0,188420756.0,192750334.0,10,40,4,2019,0
3430,South Dakota,2019-10-13,15392179.0,15271120.0,195832713.0,186735843.0,10,41,4,2019,0
5279,South Dakota,2019-10-20,15676481.0,15392179.0,197534798.0,180597389.0,10,42,4,2019,0
7128,South Dakota,2019-10-27,15250300.0,15676481.0,197670443.0,183072080.0,10,43,4,2019,0
76,South Dakota,2019-11-03,14897185.0,15250300.0,198810907.0,182848873.0,11,44,4,2019,0
205,South Dakota,2019-11-10,15098715.0,14897185.0,200954411.0,186596158.0,11,45,4,2019,0
4505,South Dakota,2019-11-17,16008107.0,15098715.0,207827572.0,179285281.0,11,46,4,2019,0
6354,South Dakota,2019-11-24,15467801.0,16008107.0,15271120.0,178047572.0,11,47,4,2019,0
33,South Dakota,2019-12-01,14701327.0,15467801.0,15392179.0,179660743.0,12,48,4,2019,0
162,South Dakota,2019-12-08,14563391.0,14701327.0,15676481.0,187471223.0,12,49,4,2019,0
3989,South Dakota,2019-12-15,16064025.0,14563391.0,15250300.0,186801489.0,12,50,4,2019,0
5838,South Dakota,2019-12-22,16742201.0,16064025.0,14897185.0,178693691.0,12,51,4,2019,0
7687,South Dakota,2019-12-29,15095225.0,16742201.0,15098715.0,176995113.0,12,52,4,2019,0
506,South Dakota,2020-01-05,14584980.0,15095225.0,16008107.0,182273982.0,1,1,1,2020,0
1022,South Dakota,2020-01-12,15167398.0,14584980.0,15467801.0,171650115.0,1,2,1,2020,0
4763,South Dakota,2020-01-19,14677693.0,15167398.0,14701327.0,171331528.0,1,3,1,2020,0
6612,South Dakota,2020-01-26,14904570.0,14677693.0,14563391.0,178638946.0,1,4,1,2020,0
334,South Dakota,2020-02-02,15408970.0,14904570.0,16064025.0,180928462.0,2,5,1,2020,0
850,South Dakota,2020-02-09,14295837.0,15408970.0,16742201.0,179619574.0,2,6,1,2020,0
4075,South Dakota,2020-02-16,15171292.0,14295837.0,15095225.0,185148805.0,2,7,1,2020,0
5924,South Dakota,2020-02-23,15018603.0,15171292.0,14584980.0,193419521.0,2,8,1,2020,0
248,South Dakota,2020-03-01,15685229.0,15018603.0,15167398.0,206941748.0,3,9,1,2020,0
764,South Dakota,2020-03-08,16445448.0,15685229.0,14677693.0,199129767.0,3,10,1,2020,0
3817,South Dakota,2020-03-15,17515040.0,16445448.0,14904570.0,188420756.0,3,11,1,2020,0
5666,South Dakota,2020-03-22,16883066.0,17515040.0,15408970.0,195832713.0,3,12,1,2020,0
7515,South Dakota,2020-03-29,15718331.0,16883066.0,14295837.0,197534798.0,3,13,1,2020,0
549,South Dakota,2020-04-05,16010215.0,15718331.0,15171292.0,197670443.0,4,14,2,2020,0
1065,South Dakota,2020-04-12,16171240.0,16010215.0,15018603.0,198810907.0,4,15,2,2020,0
4892,South Dakota,2020-04-19,16578223.0,16171240.0,15685229.0,200954411.0,4,16,2,2020,0
6741,South Dakota,2020-04-26,16518924.0,16578223.0,16445448.0,207827572.0,4,17,2,2020,0
420,South Dakota,2020-05-03,17620604.0,16518924.0,17515040.0,15271120.0,5,18,2,2020,0
936,South Dakota,2020-05-10,17242993.0,17620604.0,16883066.0,15392179.0,5,19,2,2020,0
4376,South Dakota,2020-05-17,17720866.0,17242993.0,15718331.0,15676481.0,5,20,2,2020,0
6225,South Dakota,2020-05-24,18289917.0,17720866.0,16010215.0,15250300.0,5,21,2,2020,0
7988,South Dakota,2020-05-31,17591968.0,18289917.0,16171240.0,14897185.0,5,22,2,2020,0
721,South Dakota,2020-06-07,19638362.0,17591968.0,16578223.0,15098715.0,6,23,2,2020,0
3645,South Dakota,2020-06-14,19909808.0,19638362.0,16518924.0,16008107.0,6,24,2,2020,0
5494,South Dakota,2020-06-21,19448822.0,19909808.0,17620604.0,15467801.0,6,25,2,2020,0
7343,South Dakota,2020-06-28,20706381.0,19448822.0,17242993.0,14701327.0,6,26,2,2020,0
592,South Dakota,2020-07-05,21446684.0,20706381.0,17720866.0,14563391.0,7,27,3,2020,0
1108,South Dakota,2020-07-12,19797094.0,21446684.0,18289917.0,16064025.0,7,28,3,2020,0
4978,South Dakota,2020-07-19,20270769.0,19797094.0,17591968.0,16742201.0,7,29,3,2020,0
6827,South Dakota,2020-07-26,19649057.0,20270769.0,19638362.0,15095225.0,7,30,3,2020,0
377,South Dakota,2020-08-02,19718838.0,19649057.0,19909808.0,14584980.0,8,31,3,2020,0
893,South Dakota,2020-08-09,20181077.0,19718838.0,19448822.0,15167398.0,8,32,3,2020,0
4204,South Dakota,2020-08-16,20104885.0,20181077.0,20706381.0,14677693.0,8,33,3,2020,0
6053,South Dakota,2020-08-23,19444087.0,20104885.0,21446684.0,14904570.0,8,34,3,2020,0
7859,South Dakota,2020-08-30,18701635.0,19444087.0,19797094.0,15408970.0,8,35,3,2020,0
635,South Dakota,2020-09-06,18294091.0,18701635.0,20270769.0,14295837.0,9,36,3,2020,0
3387,South Dakota,2020-09-13,17251460.0,18294091.0,19649057.0,15171292.0,9,37,3,2020,0
5236,South Dakota,2020-09-20,17797392.0,17251460.0,19718838.0,15018603.0,9,38,3,2020,0
7085,South Dakota,2020-09-27,17283572.0,17797392.0,20181077.0,15685229.0,9,39,3,2020,0
463,South Dakota,2020-10-04,16607853.0,17283572.0,20104885.0,16445448.0,10,40,4,2020,0
979,South Dakota,2020-10-11,16853967.0,16607853.0,19444087.0,17515040.0,10,41,4,2020,0
4677,South Dakota,2020-10-18,16674281.0,16853967.0,18701635.0,16883066.0,10,42,4,2020,0
6526,South Dakota,2020-10-25,15660179.0,16674281.0,18294091.0,15718331.0,10,43,4,2020,0
291,South Dakota,2020-11-01,15798141.0,15660179.0,17251460.0,16010215.0,11,44,4,2020,0
807,South Dakota,2020-11-08,16533416.0,15798141.0,17797392.0,16171240.0,11,45,4,2020,0
3946,South Dakota,2020-11-15,16589583.0,16533416.0,17283572.0,16578223.0,11,46,4,2020,0
5795,South Dakota,2020-11-22,16721167.0,16589583.0,16607853.0,16518924.0,11,47,4,2020,0
7644,South Dakota,2020-11-29,15436615.0,16721167.0,16853967.0,17620604.0,11,48,4,2020,0
678,South Dakota,2020-12-06,15634339.0,15436615.0,16674281.0,17242993.0,12,49,4,2020,0
3516,South Dakota,2020-12-13,16783125.0,15634339.0,15660179.0,17720866.0,12,50,4,2020,0
5365,South Dakota,2020-12-20,17144205.0,16783125.0,15798141.0,18289917.0,12,51,4,2020,0
7214,South Dakota,2020-12-27,16142224.0,17144205.0,16533416.0,17591968.0,12,52,4,2020,0
1237,South Dakota,2021-01-03,15773717.0,16142224.0,16589583.0,19638362.0,1,53,1,2021,0
1753,South Dakota,2021-01-10,15912125.0,15773717.0,16721167.0,19909808.0,1,1,1,2021,0
4290,South Dakota,2021-01-17,15851077.0,15912125.0,15436615.0,19448822.0,1,2,1,2021,0
6139,South Dakota,2021-01-24,15560399.0,15851077.0,15634339.0,20706381.0,1,3,1,2021,0
7945,South Dakota,2021-01-31,15736581.0,15560399.0,16783125.0,21446684.0,1,4,1,2021,0
1538,South Dakota,2021-02-07,15619897.0,15736581.0,17144205.0,19797094.0,2,5,1,2021,0
3559,South Dakota,2021-02-14,15643630.0,15619897.0,16142224.0,20270769.0,2,6,1,2021,0
5408,South Dakota,2021-02-21,15564950.0,15643630.0,15773717.0,19649057.0,2,7,1,2021,0
7257,South Dakota,2021-02-28,16320595.0,15564950.0,15912125.0,19718838.0,2,8,1,2021,0
1581,South Dakota,2021-03-07,17167338.0,16320595.0,15851077.0,20181077.0,3,9,1,2021,0
3602,South Dakota,2021-03-14,18900494.0,17167338.0,15560399.0,20104885.0,3,10,1,2021,0
5451,South Dakota,2021-03-21,17838606.0,18900494.0,15736581.0,19444087.0,3,11,1,2021,0
7300,South Dakota,2021-03-28,16660802.0,17838606.0,15619897.0,18701635.0,3,12,1,2021,0
1323,South Dakota,2021-04-04,17655542.0,16660802.0,15643630.0,18294091.0,4,13,2,2021,0
1839,South Dakota,2021-04-11,17329849.0,17655542.0,15564950.0,17251460.0,4,14,2,2021,0
4548,South Dakota,2021-04-18,16872003.0,17329849.0,16320595.0,17797392.0,4,15,2,2021,0
6397,South Dakota,2021-04-25,17765951.0,16872003.0,17167338.0,17283572.0,4,16,2,2021,0
1194,South Dakota,2021-05-02,18812183.0,17765951.0,18900494.0,16607853.0,5,17,2,2021,0
1710,South Dakota,2021-05-09,18081148.0,18812183.0,17838606.0,16853967.0,5,18,2,2021,0
4161,South Dakota,2021-05-16,18739050.0,18081148.0,16660802.0,16674281.0,5,19,2,2021,0
6010,South Dakota,2021-05-23,19742943.0,18739050.0,17655542.0,15660179.0,5,20,2,2021,0
7816,South Dakota,2021-05-30,19751915.0,19742943.0,17329849.0,15798141.0,5,21,2,2021,0
1495,South Dakota,2021-06-06,21278083.0,19751915.0,16872003.0,16533416.0,6,22,2,2021,0
3344,South Dakota,2021-06-13,21748015.0,21278083.0,17765951.0,16589583.0,6,23,2,2021,0
5193,South Dakota,2021-06-20,21546185.0,21748015.0,18812183.0,16721167.0,6,24,2,2021,0
7042,South Dakota,2021-06-27,21595076.0,21546185.0,18081148.0,15436615.0,6,25,2,2021,0
1366,South Dakota,2021-07-04,23658904.0,21595076.0,18739050.0,15634339.0,7,26,3,2021,0
1882,South Dakota,2021-07-11,20854708.0,23658904.0,19742943.0,16783125.0,7,27,3,2021,0
4591,South Dakota,2021-07-18,21734729.0,20854708.0,19751915.0,17144205.0,7,28,3,2021,0
6440,South Dakota,2021-07-25,22065420.0,21734729.0,21278083.0,16142224.0,7,29,3,2021,0
1151,South Dakota,2021-08-01,21566844.0,22065420.0,21748015.0,15773717.0,8,30,3,2021,0
1667,South Dakota,2021-08-08,22216319.0,21566844.0,21546185.0,15912125.0,8,31,3,2021,0
3903,South Dakota,2021-08-15,23853897.0,22216319.0,21595076.0,15851077.0,8,32,3,2021,0
5752,South Dakota,2021-08-22,21052543.0,23853897.0,23658904.0,15560399.0,8,33,3,2021,0
7601,South Dakota,2021-08-29,20265750.0,21052543.0,20854708.0,15736581.0,8,34,3,2021,0
1409,South Dakota,2021-09-05,20271008.0,20265750.0,21734729.0,15619897.0,9,35,3,2021,0
1925,South Dakota,2021-09-12,18873970.0,20271008.0,22065420.0,15643630.0,9,36,3,2021,0
5021,South Dakota,2021-09-19,19219386.0,18873970.0,21566844.0,15564950.0,9,37,3,2021,0
6870,South Dakota,2021-09-26,19121112.0,19219386.0,22216319.0,16320595.0,9,38,3,2021,0
1280,South Dakota,2021-10-03,26303345.0,19121112.0,23853897.0,17167338.0,10,39,4,2021,0
1796,South Dakota,2021-10-10,26411019.0,26303345.0,21052543.0,18900494.0,10,40,4,2021,0
4462,South Dakota,2021-10-17,25950714.0,26411019.0,20265750.0,17838606.0,10,41,4,2021,0
6311,South Dakota,2021-10-24,24802967.0,25950714.0,20271008.0,16660802.0,10,42,4,2021,0
8074,South Dakota,2021-10-31,24723617.0,24802967.0,18873970.0,17655542.0,10,43,4,2021,0
1624,South Dakota,2021-11-07,25141437.0,24723617.0,19219386.0,17329849.0,11,44,4,2021,0
3731,South Dakota,2021-11-14,25615142.0,25141437.0,19121112.0,16872003.0,11,45,4,2021,0
5580,South Dakota,2021-11-21,25404918.0,25615142.0,26303345.0,17765951.0,11,46,4,2021,0
7429,South Dakota,2021-11-28,24173894.0,25404918.0,26411019.0,18812183.0,11,47,4,2021,0
1452,South Dakota,2021-12-05,24109456.0,24173894.0,25950714.0,18081148.0,12,48,4,2021,0
1968,South Dakota,2021-12-12,25745864.0,24109456.0,24802967.0,18739050.0,12,49,4,2021,0
5064,South Dakota,2021-12-19,26628312.0,25745864.0,24723617.0,19742943.0,12,50,4,2021,0
6913,South Dakota,2021-12-26,25269496.0,26628312.0,25141437.0,19751915.0,12,51,4,2021,0
2054,South Dakota,2022-01-02,24421534.0,25269496.0,25615142.0,21278083.0,1,52,1,2022,0
2570,South Dakota,2022-01-09,24382756.0,24421534.0,25404918.0,21748015.0,1,1,1,2022,0
4032,South Dakota,2022-01-16,25161451.0,24382756.0,24173894.0,21546185.0,1,2,1,2022,0
5881,South Dakota,2022-01-23,24097439.0,25161451.0,24109456.0,21595076.0,1,3,1,2022,0
7730,South Dakota,2022-01-30,24745497.0,24097439.0,25745864.0,23658904.0,1,4,1,2022,0
2355,South Dakota,2022-02-06,24178742.0,24745497.0,26628312.0,20854708.0,2,5,1,2022,0
3258,South Dakota,2022-02-13,24840137.0,24178742.0,25269496.0,21734729.0,2,6,1,2022,0
5107,South Dakota,2022-02-20,24813224.0,24840137.0,24421534.0,22065420.0,2,7,1,2022,0
6956,South Dakota,2022-02-27,24932951.0,24813224.0,24382756.0,21566844.0,2,8,1,2022,0
2398,South Dakota,2022-03-06,26142223.0,24932951.0,25161451.0,22216319.0,3,9,1,2022,0
3301,South Dakota,2022-03-13,26043139.0,26142223.0,24097439.0,23853897.0,3,10,1,2022,0
5150,South Dakota,2022-03-20,27033561.0,26043139.0,24745497.0,21052543.0,3,11,1,2022,0
6999,South Dakota,2022-03-27,26345509.0,27033561.0,24178742.0,20265750.0,3,12,1,2022,0
2140,South Dakota,2022-04-03,27394215.0,26345509.0,24840137.0,20271008.0,4,13,2,2022,0
2656,South Dakota,2022-04-10,26262039.0,27394215.0,24813224.0,18873970.0,4,14,2,2022,0
4333,South Dakota,2022-04-17,27877346.0,26262039.0,24932951.0,19219386.0,4,15,2,2022,0
6182,South Dakota,2022-04-24,26202166.0,27877346.0,26142223.0,19121112.0,4,16,2,2022,0
2011,South Dakota,2022-05-01,27760749.0,26202166.0,26043139.0,26303345.0,5,17,2,2022,0
2527,South Dakota,2022-05-08,28122314.0,27760749.0,27033561.0,26411019.0,5,18,2,2022,0
3860,South Dakota,2022-05-15,29779176.0,28122314.0,26345509.0,25950714.0,5,19,2,2022,0
5709,South Dakota,2022-05-22,29490107.0,29779176.0,27394215.0,24802967.0,5,20,2,2022,0
7558,South Dakota,2022-05-29,30564534.0,29490107.0,26262039.0,24723617.0,5,21,2,2022,0
2312,South Dakota,2022-06-05,31133691.0,30564534.0,27877346.0,25141437.0,6,22,2,2022,0
2828,South Dakota,2022-06-12,32190860.0,31133691.0,26202166.0,25615142.0,6,23,2,2022,0
4935,South Dakota,2022-06-19,32696955.0,32190860.0,27760749.0,25404918.0,6,24,2,2022,0
6784,South Dakota,2022-06-26,32599629.0,32696955.0,28122314.0,24173894.0,6,25,2,2022,0
2183,South Dakota,2022-07-03,34242938.0,32599629.0,29779176.0,24109456.0,7,26,3,2022,0
2699,South Dakota,2022-07-10,31691050.0,34242938.0,29490107.0,25745864.0,7,27,3,2022,0
4419,South Dakota,2022-07-17,32895934.0,31691050.0,30564534.0,26628312.0,7,28,3,2022,0
6268,South Dakota,2022-07-24,32576162.0,32895934.0,31133691.0,25269496.0,7,29,3,2022,0
8031,South Dakota,2022-07-31,32311519.0,32576162.0,32190860.0,24421534.0,7,30,3,2022,0
2484,South Dakota,2022-08-07,33116872.0,32311519.0,32696955.0,24382756.0,8,31,3,2022,0
3688,South Dakota,2022-08-14,35828335.0,33116872.0,32599629.0,25161451.0,8,32,3,2022,0
5537,South Dakota,2022-08-21,30899092.0,35828335.0,34242938.0,24097439.0,8,33,3,2022,0
7386,South Dakota,2022-08-28,30005659.0,30899092.0,31691050.0,24745497.0,8,34,3,2022,0
2226,South Dakota,2022-09-04,30379794.0,30005659.0,32895934.0,24178742.0,9,35,3,2022,0
2742,South Dakota,2022-09-11,29086014.0,30379794.0,32576162.0,24840137.0,9,36,3,2022,0
4634,South Dakota,2022-09-18,29573605.0,29086014.0,32311519.0,24813224.0,9,37,3,2022,0
6483,South Dakota,2022-09-25,28387144.0,29573605.0,33116872.0,24932951.0,9,38,3,2022,0
2097,South Dakota,2022-10-02,27940575.0,28387144.0,35828335.0,26142223.0,10,39,4,2022,0
2613,South Dakota,2022-10-09,28029169.0,27940575.0,30899092.0,26043139.0,10,40,4,2022,0
4247,South Dakota,2022-10-16,28025866.0,28029169.0,30005659.0,27033561.0,10,41,4,2022,0
6096,South Dakota,2022-10-23,27164958.0,28025866.0,30379794.0,26345509.0,10,42,4,2022,0
7902,South Dakota,2022-10-30,26502942.0,27164958.0,29086014.0,27394215.0,10,43,4,2022,0
2441,South Dakota,2022-11-06,26862346.0,26502942.0,29573605.0,26262039.0,11,44,4,2022,0
3473,South Dakota,2022-11-13,27271878.0,26862346.0,28387144.0,27877346.0,11,45,4,2022,0
5322,South Dakota,2022-11-20,27720458.0,27271878.0,27940575.0,26202166.0,11,46,4,2022,0
7171,South Dakota,2022-11-27,26502628.0,27720458.0,28029169.0,27760749.0,11,47,4,2022,0
2269,South Dakota,2022-12-04,25773990.0,26502628.0,28025866.0,28122314.0,12,48,4,2022,0
2785,South Dakota,2022-12-11,27252181.0,25773990.0,27164958.0,29779176.0,12,49,4,2022,0
4720,South Dakota,2022-12-18,27963413.0,27252181.0,26502942.0,29490107.0,12,50,4,2022,0
6569,South Dakota,2022-12-25,28215951.0,27963413.0,26862346.0,30564534.0,12,51,4,2022,0
2871,South Dakota,2023-01-01,25916643.0,28215951.0,27271878.0,31133691.0,1,52,1,2023,0
3086,South Dakota,2023-01-08,25085727.0,25916643.0,27720458.0,32190860.0,1,1,1,2023,0
3774,South Dakota,2023-01-15,26827627.0,25085727.0,26502628.0,32696955.0,1,2,1,2023,0
5623,South Dakota,2023-01-22,25720897.0,26827627.0,25773990.0,32599629.0,1,3,1,2023,0
7472,South Dakota,2023-01-29,25917390.0,25720897.0,27252181.0,34242938.0,1,4,1,2023,0
2957,South Dakota,2023-02-05,25884511.0,25917390.0,27963413.0,31691050.0,2,5,1,2023,0
3172,South Dakota,2023-02-12,27801440.0,25884511.0,28215951.0,32895934.0,2,6,1,2023,0
4806,South Dakota,2023-02-19,26981683.0,27801440.0,25916643.0,32576162.0,2,7,1,2023,0
6655,South Dakota,2023-02-26,26132930.0,26981683.0,25085727.0,32311519.0,2,8,1,2023,0
3000,South Dakota,2023-03-05,28296887.0,26132930.0,26827627.0,33116872.0,3,9,1,2023,0
3215,South Dakota,2023-03-12,29087945.0,28296887.0,25720897.0,35828335.0,3,10,1,2023,0
4849,South Dakota,2023-03-19,29043897.0,29087945.0,25917390.0,30899092.0,3,11,1,2023,0
6698,South Dakota,2023-03-26,27328951.0,29043897.0,25884511.0,30005659.0,3,12,1,2023,0
2914,South Dakota,2023-04-02,27831589.0,27328951.0,27801440.0,30379794.0,4,13,2,2023,0
3129,South Dakota,2023-04-09,28869793.0,27831589.0,26981683.0,29086014.0,4,14,2,2023,0
4118,South Dakota,2023-04-16,29071952.0,28869793.0,26132930.0,29573605.0,4,15,2,2023,0
5967,South Dakota,2023-04-23,28914905.0,29071952.0,28296887.0,28387144.0,4,16,2,2023,0
7773,South Dakota,2023-04-30,30087804.0,28914905.0,29087945.0,27940575.0,4,17,2,2023,0
3043,South Dakota,2023-05-07,30904599.0,30087804.0,29043897.0,28029169.0,5,18,2,2023,0
120,Tennessee,2019-10-06,155674238.0,30904599.0,27328951.0,28025866.0,10,40,4,2019,0
3431,Tennessee,2019-10-13,144130310.0,155674238.0,27831589.0,27164958.0,10,41,4,2019,0
5280,Tennessee,2019-10-20,139732668.0,144130310.0,28869793.0,26502942.0,10,42,4,2019,0
7129,Tennessee,2019-10-27,134319022.0,139732668.0,29071952.0,26862346.0,10,43,4,2019,0
77,Tennessee,2019-11-03,136685980.0,134319022.0,28914905.0,27271878.0,11,44,4,2019,0
206,Tennessee,2019-11-10,136324595.0,136685980.0,30087804.0,27720458.0,11,45,4,2019,0
4506,Tennessee,2019-11-17,135190491.0,136324595.0,30904599.0,26502628.0,11,46,4,2019,0
6355,Tennessee,2019-11-24,139393955.0,135190491.0,155674238.0,25773990.0,11,47,4,2019,0
34,Tennessee,2019-12-01,133945173.0,139393955.0,144130310.0,27252181.0,12,48,4,2019,0
163,Tennessee,2019-12-08,135426365.0,133945173.0,139732668.0,27963413.0,12,49,4,2019,0
3990,Tennessee,2019-12-15,135249583.0,135426365.0,134319022.0,28215951.0,12,50,4,2019,0
5839,Tennessee,2019-12-22,143837604.0,135249583.0,136685980.0,25916643.0,12,51,4,2019,0
7688,Tennessee,2019-12-29,136181226.0,143837604.0,136324595.0,25085727.0,12,52,4,2019,0
507,Tennessee,2020-01-05,133107420.0,136181226.0,135190491.0,26827627.0,1,1,1,2020,0
1023,Tennessee,2020-01-12,133743338.0,133107420.0,139393955.0,25720897.0,1,2,1,2020,0
4764,Tennessee,2020-01-19,133174600.0,133743338.0,133945173.0,25917390.0,1,3,1,2020,0
6613,Tennessee,2020-01-26,128870419.0,133174600.0,135426365.0,25884511.0,1,4,1,2020,0
335,Tennessee,2020-02-02,132609604.0,128870419.0,135249583.0,27801440.0,2,5,1,2020,0
851,Tennessee,2020-02-09,132141058.0,132609604.0,143837604.0,26981683.0,2,6,1,2020,0
4076,Tennessee,2020-02-16,129634554.0,132141058.0,136181226.0,26132930.0,2,7,1,2020,0
5925,Tennessee,2020-02-23,130792972.0,129634554.0,133107420.0,28296887.0,2,8,1,2020,0
249,Tennessee,2020-03-01,139507291.0,130792972.0,133743338.0,29087945.0,3,9,1,2020,0
765,Tennessee,2020-03-08,146429789.0,139507291.0,133174600.0,29043897.0,3,10,1,2020,0
3818,Tennessee,2020-03-15,158684644.0,146429789.0,128870419.0,27328951.0,3,11,1,2020,0
5667,Tennessee,2020-03-22,153445821.0,158684644.0,132609604.0,27831589.0,3,12,1,2020,0
7516,Tennessee,2020-03-29,140061174.0,153445821.0,132141058.0,28869793.0,3,13,1,2020,0
550,Tennessee,2020-04-05,148042745.0,140061174.0,129634554.0,29071952.0,4,14,2,2020,0
1066,Tennessee,2020-04-12,146683983.0,148042745.0,130792972.0,28914905.0,4,15,2,2020,0
4893,Tennessee,2020-04-19,147343447.0,146683983.0,139507291.0,30087804.0,4,16,2,2020,0
6742,Tennessee,2020-04-26,146800271.0,147343447.0,146429789.0,30904599.0,4,17,2,2020,0
421,Tennessee,2020-05-03,155827619.0,146800271.0,158684644.0,155674238.0,5,18,2,2020,0
937,Tennessee,2020-05-10,154583769.0,155827619.0,153445821.0,144130310.0,5,19,2,2020,0
4377,Tennessee,2020-05-17,158429364.0,154583769.0,140061174.0,139732668.0,5,20,2,2020,0
6226,Tennessee,2020-05-24,165753716.0,158429364.0,148042745.0,134319022.0,5,21,2,2020,0
7989,Tennessee,2020-05-31,160317262.0,165753716.0,146683983.0,136685980.0,5,22,2,2020,0
722,Tennessee,2020-06-07,162676413.0,160317262.0,147343447.0,136324595.0,6,23,2,2020,0
3646,Tennessee,2020-06-14,163688558.0,162676413.0,146800271.0,135190491.0,6,24,2,2020,0
5495,Tennessee,2020-06-21,162441172.0,163688558.0,155827619.0,139393955.0,6,25,2,2020,0
7344,Tennessee,2020-06-28,162325746.0,162441172.0,154583769.0,133945173.0,6,26,2,2020,0
593,Tennessee,2020-07-05,173939972.0,162325746.0,158429364.0,135426365.0,7,27,3,2020,0
1109,Tennessee,2020-07-12,165348595.0,173939972.0,165753716.0,135249583.0,7,28,3,2020,0
4979,Tennessee,2020-07-19,168284776.0,165348595.0,160317262.0,143837604.0,7,29,3,2020,0
6828,Tennessee,2020-07-26,162653534.0,168284776.0,162676413.0,136181226.0,7,30,3,2020,0
378,Tennessee,2020-08-02,164098352.0,162653534.0,163688558.0,133107420.0,8,31,3,2020,0
894,Tennessee,2020-08-09,167374216.0,164098352.0,162441172.0,133743338.0,8,32,3,2020,0
4205,Tennessee,2020-08-16,169028938.0,167374216.0,162325746.0,133174600.0,8,33,3,2020,0
6054,Tennessee,2020-08-23,162518556.0,169028938.0,173939972.0,128870419.0,8,34,3,2020,0
7860,Tennessee,2020-08-30,160376685.0,162518556.0,165348595.0,132609604.0,8,35,3,2020,0
636,Tennessee,2020-09-06,167313185.0,160376685.0,168284776.0,132141058.0,9,36,3,2020,0
3388,Tennessee,2020-09-13,166162276.0,167313185.0,162653534.0,129634554.0,9,37,3,2020,0
5237,Tennessee,2020-09-20,162000007.0,166162276.0,164098352.0,130792972.0,9,38,3,2020,0
7086,Tennessee,2020-09-27,153161315.0,162000007.0,167374216.0,139507291.0,9,39,3,2020,0
464,Tennessee,2020-10-04,159085809.0,153161315.0,169028938.0,146429789.0,10,40,4,2020,0
980,Tennessee,2020-10-11,152184572.0,159085809.0,162518556.0,158684644.0,10,41,4,2020,0
4678,Tennessee,2020-10-18,151088439.0,152184572.0,160376685.0,153445821.0,10,42,4,2020,0
6527,Tennessee,2020-10-25,149058215.0,151088439.0,167313185.0,140061174.0,10,43,4,2020,0
292,Tennessee,2020-11-01,146919256.0,149058215.0,166162276.0,148042745.0,11,44,4,2020,0
808,Tennessee,2020-11-08,150118207.0,146919256.0,162000007.0,146683983.0,11,45,4,2020,0
3947,Tennessee,2020-11-15,149010433.0,150118207.0,153161315.0,147343447.0,11,46,4,2020,0
5796,Tennessee,2020-11-22,152893006.0,149010433.0,159085809.0,146800271.0,11,47,4,2020,0
7645,Tennessee,2020-11-29,145806795.0,152893006.0,152184572.0,155827619.0,11,48,4,2020,0
679,Tennessee,2020-12-06,141511500.0,145806795.0,151088439.0,154583769.0,12,49,4,2020,0
3517,Tennessee,2020-12-13,146091196.0,141511500.0,149058215.0,158429364.0,12,50,4,2020,0
5366,Tennessee,2020-12-20,151754623.0,146091196.0,146919256.0,165753716.0,12,51,4,2020,0
7215,Tennessee,2020-12-27,146242222.0,151754623.0,150118207.0,160317262.0,12,52,4,2020,0
1238,Tennessee,2021-01-03,144863751.0,146242222.0,149010433.0,162676413.0,1,53,1,2021,0
1754,Tennessee,2021-01-10,145534816.0,144863751.0,152893006.0,163688558.0,1,1,1,2021,0
4291,Tennessee,2021-01-17,145423790.0,145534816.0,145806795.0,162441172.0,1,2,1,2021,0
6140,Tennessee,2021-01-24,140867016.0,145423790.0,141511500.0,162325746.0,1,3,1,2021,0
7946,Tennessee,2021-01-31,141317750.0,140867016.0,146091196.0,173939972.0,1,4,1,2021,0
1539,Tennessee,2021-02-07,144564282.0,141317750.0,151754623.0,165348595.0,2,5,1,2021,0
3560,Tennessee,2021-02-14,143265221.0,144564282.0,146242222.0,168284776.0,2,6,1,2021,0
5409,Tennessee,2021-02-21,138443611.0,143265221.0,144863751.0,162653534.0,2,7,1,2021,0
7258,Tennessee,2021-02-28,152040541.0,138443611.0,145534816.0,164098352.0,2,8,1,2021,0
1582,Tennessee,2021-03-07,157927424.0,152040541.0,145423790.0,167374216.0,3,9,1,2021,0
3603,Tennessee,2021-03-14,172301350.0,157927424.0,140867016.0,169028938.0,3,10,1,2021,0
5452,Tennessee,2021-03-21,167121384.0,172301350.0,141317750.0,162518556.0,3,11,1,2021,0
7301,Tennessee,2021-03-28,152222936.0,167121384.0,144564282.0,160376685.0,3,12,1,2021,0
1324,Tennessee,2021-04-04,160816224.0,152222936.0,143265221.0,167313185.0,4,13,2,2021,0
1840,Tennessee,2021-04-11,163283813.0,160816224.0,138443611.0,166162276.0,4,14,2,2021,0
4549,Tennessee,2021-04-18,161584036.0,163283813.0,152040541.0,162000007.0,4,15,2,2021,0
6398,Tennessee,2021-04-25,158579319.0,161584036.0,157927424.0,153161315.0,4,16,2,2021,0
1195,Tennessee,2021-05-02,166154761.0,158579319.0,172301350.0,159085809.0,5,17,2,2021,0
1711,Tennessee,2021-05-09,166121632.0,166154761.0,167121384.0,152184572.0,5,18,2,2021,0
4162,Tennessee,2021-05-16,168247049.0,166121632.0,152222936.0,151088439.0,5,19,2,2021,0
6011,Tennessee,2021-05-23,175021293.0,168247049.0,160816224.0,149058215.0,5,20,2,2021,0
7817,Tennessee,2021-05-30,173529251.0,175021293.0,163283813.0,146919256.0,5,21,2,2021,0
1496,Tennessee,2021-06-06,174692380.0,173529251.0,161584036.0,150118207.0,6,22,2,2021,0
3345,Tennessee,2021-06-13,177318204.0,174692380.0,158579319.0,149010433.0,6,23,2,2021,0
5194,Tennessee,2021-06-20,182887172.0,177318204.0,166154761.0,152893006.0,6,24,2,2021,0
7043,Tennessee,2021-06-27,174789167.0,182887172.0,166121632.0,145806795.0,6,25,2,2021,0
1367,Tennessee,2021-07-04,185125331.0,174789167.0,168247049.0,141511500.0,7,26,3,2021,0
1883,Tennessee,2021-07-11,176818979.0,185125331.0,175021293.0,146091196.0,7,27,3,2021,0
4592,Tennessee,2021-07-18,181890343.0,176818979.0,173529251.0,151754623.0,7,28,3,2021,0
6441,Tennessee,2021-07-25,179525336.0,181890343.0,174692380.0,146242222.0,7,29,3,2021,0
1152,Tennessee,2021-08-01,179931689.0,179525336.0,177318204.0,144863751.0,8,30,3,2021,0
1668,Tennessee,2021-08-08,183553300.0,179931689.0,182887172.0,145534816.0,8,31,3,2021,0
3904,Tennessee,2021-08-15,186501515.0,183553300.0,174789167.0,145423790.0,8,32,3,2021,0
5753,Tennessee,2021-08-22,176653708.0,186501515.0,185125331.0,140867016.0,8,33,3,2021,0
7602,Tennessee,2021-08-29,179713841.0,176653708.0,176818979.0,141317750.0,8,34,3,2021,0
1410,Tennessee,2021-09-05,181028776.0,179713841.0,181890343.0,144564282.0,9,35,3,2021,0
1926,Tennessee,2021-09-12,177280304.0,181028776.0,179525336.0,143265221.0,9,36,3,2021,0
5022,Tennessee,2021-09-19,173504125.0,177280304.0,179931689.0,138443611.0,9,37,3,2021,0
6871,Tennessee,2021-09-26,164359614.0,173504125.0,183553300.0,152040541.0,9,38,3,2021,0
1281,Tennessee,2021-10-03,244244870.0,164359614.0,186501515.0,157927424.0,10,39,4,2021,0
1797,Tennessee,2021-10-10,239728177.0,244244870.0,176653708.0,172301350.0,10,40,4,2021,0
4463,Tennessee,2021-10-17,237896333.0,239728177.0,179713841.0,167121384.0,10,41,4,2021,0
6312,Tennessee,2021-10-24,233290614.0,237896333.0,181028776.0,152222936.0,10,42,4,2021,0
8075,Tennessee,2021-10-31,229313039.0,233290614.0,177280304.0,160816224.0,10,43,4,2021,0
1625,Tennessee,2021-11-07,230197587.0,229313039.0,173504125.0,163283813.0,11,44,4,2021,0
3732,Tennessee,2021-11-14,234007513.0,230197587.0,164359614.0,161584036.0,11,45,4,2021,0
5581,Tennessee,2021-11-21,238791206.0,234007513.0,244244870.0,158579319.0,11,46,4,2021,0
7430,Tennessee,2021-11-28,220939630.0,238791206.0,239728177.0,166154761.0,11,47,4,2021,0
1453,Tennessee,2021-12-05,224771953.0,220939630.0,237896333.0,166121632.0,12,48,4,2021,0
1969,Tennessee,2021-12-12,227632845.0,224771953.0,233290614.0,168247049.0,12,49,4,2021,0
5065,Tennessee,2021-12-19,237893228.0,227632845.0,229313039.0,175021293.0,12,50,4,2021,0
6914,Tennessee,2021-12-26,232430156.0,237893228.0,230197587.0,173529251.0,12,51,4,2021,0
2055,Tennessee,2022-01-02,224767189.0,232430156.0,234007513.0,174692380.0,1,52,1,2022,0
2571,Tennessee,2022-01-09,221163584.0,224767189.0,238791206.0,177318204.0,1,1,1,2022,0
4033,Tennessee,2022-01-16,232413351.0,221163584.0,220939630.0,182887172.0,1,2,1,2022,0
5882,Tennessee,2022-01-23,215309649.0,232413351.0,224771953.0,174789167.0,1,3,1,2022,0
7731,Tennessee,2022-01-30,219249546.0,215309649.0,227632845.0,185125331.0,1,4,1,2022,0
2356,Tennessee,2022-02-06,224516171.0,219249546.0,237893228.0,176818979.0,2,5,1,2022,0
3259,Tennessee,2022-02-13,225524007.0,224516171.0,232430156.0,181890343.0,2,6,1,2022,0
5108,Tennessee,2022-02-20,218613740.0,225524007.0,224767189.0,179525336.0,2,7,1,2022,0
6957,Tennessee,2022-02-27,233514026.0,218613740.0,221163584.0,179931689.0,2,8,1,2022,0
2399,Tennessee,2022-03-06,241950510.0,233514026.0,232413351.0,183553300.0,3,9,1,2022,0
3302,Tennessee,2022-03-13,240827838.0,241950510.0,215309649.0,186501515.0,3,10,1,2022,0
5151,Tennessee,2022-03-20,239039594.0,240827838.0,219249546.0,176653708.0,3,11,1,2022,0
7000,Tennessee,2022-03-27,242009531.0,239039594.0,224516171.0,179713841.0,3,12,1,2022,0
2141,Tennessee,2022-04-03,248168046.0,242009531.0,225524007.0,181028776.0,4,13,2,2022,0
2657,Tennessee,2022-04-10,252377518.0,248168046.0,218613740.0,177280304.0,4,14,2,2022,0
4334,Tennessee,2022-04-17,252796423.0,252377518.0,233514026.0,173504125.0,4,15,2,2022,0
6183,Tennessee,2022-04-24,247631530.0,252796423.0,241950510.0,164359614.0,4,16,2,2022,0
2012,Tennessee,2022-05-01,255580296.0,247631530.0,240827838.0,244244870.0,5,17,2,2022,0
2528,Tennessee,2022-05-08,254369211.0,255580296.0,239039594.0,239728177.0,5,18,2,2022,0
3861,Tennessee,2022-05-15,259908048.0,254369211.0,242009531.0,237896333.0,5,19,2,2022,0
5710,Tennessee,2022-05-22,274411659.0,259908048.0,248168046.0,233290614.0,5,20,2,2022,0
7559,Tennessee,2022-05-29,263543147.0,274411659.0,252377518.0,229313039.0,5,21,2,2022,0
2313,Tennessee,2022-06-05,257824139.0,263543147.0,252796423.0,230197587.0,6,22,2,2022,0
2829,Tennessee,2022-06-12,260960599.0,257824139.0,247631530.0,234007513.0,6,23,2,2022,0
4936,Tennessee,2022-06-19,276362609.0,260960599.0,255580296.0,238791206.0,6,24,2,2022,0
6785,Tennessee,2022-06-26,270841107.0,276362609.0,254369211.0,220939630.0,6,25,2,2022,0
2184,Tennessee,2022-07-03,281650881.0,270841107.0,259908048.0,224771953.0,7,26,3,2022,0
2700,Tennessee,2022-07-10,267019121.0,281650881.0,274411659.0,227632845.0,7,27,3,2022,0
4420,Tennessee,2022-07-17,269218064.0,267019121.0,263543147.0,237893228.0,7,28,3,2022,0
6269,Tennessee,2022-07-24,270085372.0,269218064.0,257824139.0,232430156.0,7,29,3,2022,0
8032,Tennessee,2022-07-31,273364370.0,270085372.0,260960599.0,224767189.0,7,30,3,2022,0
2485,Tennessee,2022-08-07,279884067.0,273364370.0,276362609.0,221163584.0,8,31,3,2022,0
3689,Tennessee,2022-08-14,281964916.0,279884067.0,270841107.0,232413351.0,8,32,3,2022,0
5538,Tennessee,2022-08-21,271716139.0,281964916.0,281650881.0,215309649.0,8,33,3,2022,0
7387,Tennessee,2022-08-28,273613652.0,271716139.0,267019121.0,219249546.0,8,34,3,2022,0
2227,Tennessee,2022-09-04,279000553.0,273613652.0,269218064.0,224516171.0,9,35,3,2022,0
2743,Tennessee,2022-09-11,267382745.0,279000553.0,270085372.0,225524007.0,9,36,3,2022,0
4635,Tennessee,2022-09-18,267283151.0,267382745.0,273364370.0,218613740.0,9,37,3,2022,0
6484,Tennessee,2022-09-25,262818392.0,267283151.0,279884067.0,233514026.0,9,38,3,2022,0
2098,Tennessee,2022-10-02,268423833.0,262818392.0,281964916.0,241950510.0,10,39,4,2022,0
2614,Tennessee,2022-10-09,258166827.0,268423833.0,271716139.0,240827838.0,10,40,4,2022,0
4248,Tennessee,2022-10-16,257083138.0,258166827.0,273613652.0,239039594.0,10,41,4,2022,0
6097,Tennessee,2022-10-23,249615671.0,257083138.0,279000553.0,242009531.0,10,42,4,2022,0
7903,Tennessee,2022-10-30,244890147.0,249615671.0,267382745.0,248168046.0,10,43,4,2022,0
2442,Tennessee,2022-11-06,247831243.0,244890147.0,267283151.0,252377518.0,11,44,4,2022,0
3474,Tennessee,2022-11-13,248078955.0,247831243.0,262818392.0,252796423.0,11,45,4,2022,0
5323,Tennessee,2022-11-20,252021988.0,248078955.0,268423833.0,247631530.0,11,46,4,2022,0
7172,Tennessee,2022-11-27,244384957.0,252021988.0,258166827.0,255580296.0,11,47,4,2022,0
2270,Tennessee,2022-12-04,239754272.0,244384957.0,257083138.0,254369211.0,12,48,4,2022,0
2786,Tennessee,2022-12-11,243035327.0,239754272.0,249615671.0,259908048.0,12,49,4,2022,0
4721,Tennessee,2022-12-18,255439196.0,243035327.0,244890147.0,274411659.0,12,50,4,2022,0
6570,Tennessee,2022-12-25,260271337.0,255439196.0,247831243.0,263543147.0,12,51,4,2022,0
2872,Tennessee,2023-01-01,238471494.0,260271337.0,248078955.0,257824139.0,1,52,1,2023,0
3087,Tennessee,2023-01-08,234174813.0,238471494.0,252021988.0,260960599.0,1,1,1,2023,0
3775,Tennessee,2023-01-15,241146884.0,234174813.0,244384957.0,276362609.0,1,2,1,2023,0
5624,Tennessee,2023-01-22,227700587.0,241146884.0,239754272.0,270841107.0,1,3,1,2023,0
7473,Tennessee,2023-01-29,232326868.0,227700587.0,243035327.0,281650881.0,1,4,1,2023,0
2958,Tennessee,2023-02-05,238263896.0,232326868.0,255439196.0,267019121.0,2,5,1,2023,0
3173,Tennessee,2023-02-12,244895147.0,238263896.0,260271337.0,269218064.0,2,6,1,2023,0
4807,Tennessee,2023-02-19,243855297.0,244895147.0,238471494.0,270085372.0,2,7,1,2023,0
6656,Tennessee,2023-02-26,246705712.0,243855297.0,234174813.0,273364370.0,2,8,1,2023,0
3001,Tennessee,2023-03-05,263365665.0,246705712.0,241146884.0,279884067.0,3,9,1,2023,0
3216,Tennessee,2023-03-12,272208646.0,263365665.0,227700587.0,281964916.0,3,10,1,2023,0
4850,Tennessee,2023-03-19,261497090.0,272208646.0,232326868.0,271716139.0,3,11,1,2023,0
6699,Tennessee,2023-03-26,250826661.0,261497090.0,238263896.0,273613652.0,3,12,1,2023,0
2915,Tennessee,2023-04-02,261110232.0,250826661.0,244895147.0,279000553.0,4,13,2,2023,0
3130,Tennessee,2023-04-09,262632908.0,261110232.0,243855297.0,267382745.0,4,14,2,2023,0
4119,Tennessee,2023-04-16,263975661.0,262632908.0,246705712.0,267283151.0,4,15,2,2023,0
5968,Tennessee,2023-04-23,264857799.0,263975661.0,263365665.0,262818392.0,4,16,2,2023,0
7774,Tennessee,2023-04-30,265892238.0,264857799.0,272208646.0,268423833.0,4,17,2,2023,0
3044,Tennessee,2023-05-07,273499573.0,265892238.0,261497090.0,258166827.0,5,18,2,2023,0
121,Texas,2019-10-06,541078907.0,273499573.0,250826661.0,257083138.0,10,40,4,2019,0
3432,Texas,2019-10-13,514652477.0,541078907.0,261110232.0,249615671.0,10,41,4,2019,0
5281,Texas,2019-10-20,484212181.0,514652477.0,262632908.0,244890147.0,10,42,4,2019,0
7130,Texas,2019-10-27,483599435.0,484212181.0,263975661.0,247831243.0,10,43,4,2019,0
78,Texas,2019-11-03,481478333.0,483599435.0,264857799.0,248078955.0,11,44,4,2019,0
207,Texas,2019-11-10,483320679.0,481478333.0,265892238.0,252021988.0,11,45,4,2019,0
4507,Texas,2019-11-17,478104629.0,483320679.0,273499573.0,244384957.0,11,46,4,2019,0
6356,Texas,2019-11-24,490235899.0,478104629.0,541078907.0,239754272.0,11,47,4,2019,0
35,Texas,2019-12-01,472848726.0,490235899.0,514652477.0,243035327.0,12,48,4,2019,0
164,Texas,2019-12-08,471710635.0,472848726.0,484212181.0,255439196.0,12,49,4,2019,0
3991,Texas,2019-12-15,481564976.0,471710635.0,483599435.0,260271337.0,12,50,4,2019,0
5840,Texas,2019-12-22,507804112.0,481564976.0,481478333.0,238471494.0,12,51,4,2019,0
7689,Texas,2019-12-29,467525422.0,507804112.0,483320679.0,234174813.0,12,52,4,2019,0
508,Texas,2020-01-05,452390589.0,467525422.0,478104629.0,241146884.0,1,1,1,2020,0
1024,Texas,2020-01-12,466671049.0,452390589.0,490235899.0,227700587.0,1,2,1,2020,0
4765,Texas,2020-01-19,461142927.0,466671049.0,472848726.0,232326868.0,1,3,1,2020,0
6614,Texas,2020-01-26,452238817.0,461142927.0,471710635.0,238263896.0,1,4,1,2020,0
336,Texas,2020-02-02,471958590.0,452238817.0,481564976.0,244895147.0,2,5,1,2020,0
852,Texas,2020-02-09,461755209.0,471958590.0,507804112.0,243855297.0,2,6,1,2020,0
4077,Texas,2020-02-16,458900855.0,461755209.0,467525422.0,246705712.0,2,7,1,2020,0
5926,Texas,2020-02-23,457236540.0,458900855.0,452390589.0,263365665.0,2,8,1,2020,0
250,Texas,2020-03-01,492419826.0,457236540.0,466671049.0,272208646.0,3,9,1,2020,0
766,Texas,2020-03-08,513987489.0,492419826.0,461142927.0,261497090.0,3,10,1,2020,0
3819,Texas,2020-03-15,587593531.0,513987489.0,452238817.0,250826661.0,3,11,1,2020,0
5668,Texas,2020-03-22,553455243.0,587593531.0,471958590.0,261110232.0,3,12,1,2020,0
7517,Texas,2020-03-29,498719329.0,553455243.0,461755209.0,262632908.0,3,13,1,2020,0
551,Texas,2020-04-05,490671369.0,498719329.0,458900855.0,263975661.0,4,14,2,2020,0
1067,Texas,2020-04-12,502582830.0,490671369.0,457236540.0,264857799.0,4,15,2,2020,0
4894,Texas,2020-04-19,511736396.0,502582830.0,492419826.0,265892238.0,4,16,2,2020,0
6743,Texas,2020-04-26,515487730.0,511736396.0,513987489.0,273499573.0,4,17,2,2020,0
422,Texas,2020-05-03,538277575.0,515487730.0,587593531.0,541078907.0,5,18,2,2020,0
938,Texas,2020-05-10,534010977.0,538277575.0,553455243.0,514652477.0,5,19,2,2020,0
4378,Texas,2020-05-17,542776800.0,534010977.0,498719329.0,484212181.0,5,20,2,2020,0
6227,Texas,2020-05-24,579200968.0,542776800.0,490671369.0,483599435.0,5,21,2,2020,0
7990,Texas,2020-05-31,544491664.0,579200968.0,502582830.0,481478333.0,5,22,2,2020,0
723,Texas,2020-06-07,577567533.0,544491664.0,511736396.0,483320679.0,6,23,2,2020,0
3647,Texas,2020-06-14,584731656.0,577567533.0,515487730.0,478104629.0,6,24,2,2020,0
5496,Texas,2020-06-21,575978458.0,584731656.0,538277575.0,490235899.0,6,25,2,2020,0
7345,Texas,2020-06-28,558015179.0,575978458.0,534010977.0,472848726.0,6,26,2,2020,0
594,Texas,2020-07-05,601072951.0,558015179.0,542776800.0,471710635.0,7,27,3,2020,0
1110,Texas,2020-07-12,586230214.0,601072951.0,579200968.0,481564976.0,7,28,3,2020,0
4980,Texas,2020-07-19,586136878.0,586230214.0,544491664.0,507804112.0,7,29,3,2020,0
6829,Texas,2020-07-26,558759620.0,586136878.0,577567533.0,467525422.0,7,30,3,2020,0
379,Texas,2020-08-02,566934225.0,558759620.0,584731656.0,452390589.0,8,31,3,2020,0
895,Texas,2020-08-09,598101048.0,566934225.0,575978458.0,466671049.0,8,32,3,2020,0
4206,Texas,2020-08-16,612342532.0,598101048.0,558015179.0,461142927.0,8,33,3,2020,0
6055,Texas,2020-08-23,594962351.0,612342532.0,601072951.0,452238817.0,8,34,3,2020,0
7861,Texas,2020-08-30,587830951.0,594962351.0,586230214.0,471958590.0,8,35,3,2020,0
637,Texas,2020-09-06,578186225.0,587830951.0,586136878.0,461755209.0,9,36,3,2020,0
3389,Texas,2020-09-13,558426370.0,578186225.0,558759620.0,458900855.0,9,37,3,2020,0
5238,Texas,2020-09-20,552604069.0,558426370.0,566934225.0,457236540.0,9,38,3,2020,0
7087,Texas,2020-09-27,535440643.0,552604069.0,598101048.0,492419826.0,9,39,3,2020,0
465,Texas,2020-10-04,555993589.0,535440643.0,612342532.0,513987489.0,10,40,4,2020,0
981,Texas,2020-10-11,553150409.0,555993589.0,594962351.0,587593531.0,10,41,4,2020,0
4679,Texas,2020-10-18,537675846.0,553150409.0,587830951.0,553455243.0,10,42,4,2020,0
6528,Texas,2020-10-25,517086067.0,537675846.0,578186225.0,498719329.0,10,43,4,2020,0
293,Texas,2020-11-01,499850544.0,517086067.0,558426370.0,490671369.0,11,44,4,2020,0
809,Texas,2020-11-08,515400732.0,499850544.0,552604069.0,502582830.0,11,45,4,2020,0
3948,Texas,2020-11-15,515212246.0,515400732.0,535440643.0,511736396.0,11,46,4,2020,0
5797,Texas,2020-11-22,539488248.0,515212246.0,555993589.0,515487730.0,11,47,4,2020,0
7646,Texas,2020-11-29,496499365.0,539488248.0,553150409.0,538277575.0,11,48,4,2020,0
680,Texas,2020-12-06,486652318.0,496499365.0,537675846.0,534010977.0,12,49,4,2020,0
3518,Texas,2020-12-13,509601474.0,486652318.0,517086067.0,542776800.0,12,50,4,2020,0
5367,Texas,2020-12-20,524094563.0,509601474.0,499850544.0,579200968.0,12,51,4,2020,0
7216,Texas,2020-12-27,499021081.0,524094563.0,515400732.0,544491664.0,12,52,4,2020,0
1239,Texas,2021-01-03,485954921.0,499021081.0,515212246.0,577567533.0,1,53,1,2021,0
1755,Texas,2021-01-10,495592761.0,485954921.0,539488248.0,584731656.0,1,1,1,2021,0
4292,Texas,2021-01-17,492394555.0,495592761.0,496499365.0,575978458.0,1,2,1,2021,0
6141,Texas,2021-01-24,481922320.0,492394555.0,486652318.0,558015179.0,1,3,1,2021,0
7947,Texas,2021-01-31,494403062.0,481922320.0,509601474.0,601072951.0,1,4,1,2021,0
1540,Texas,2021-02-07,508609493.0,494403062.0,524094563.0,586230214.0,2,5,1,2021,0
3561,Texas,2021-02-14,498618693.0,508609493.0,499021081.0,586136878.0,2,6,1,2021,0
5410,Texas,2021-02-21,505144380.0,498618693.0,485954921.0,558759620.0,2,7,1,2021,0
7259,Texas,2021-02-28,544512377.0,505144380.0,495592761.0,566934225.0,2,8,1,2021,0
1583,Texas,2021-03-07,547202849.0,544512377.0,492394555.0,598101048.0,3,9,1,2021,0
3604,Texas,2021-03-14,626790165.0,547202849.0,481922320.0,612342532.0,3,10,1,2021,0
5453,Texas,2021-03-21,593057396.0,626790165.0,494403062.0,594962351.0,3,11,1,2021,0
7302,Texas,2021-03-28,530931012.0,593057396.0,508609493.0,587830951.0,3,12,1,2021,0
1325,Texas,2021-04-04,532237093.0,530931012.0,498618693.0,578186225.0,4,13,2,2021,0
1841,Texas,2021-04-11,542908686.0,532237093.0,505144380.0,558426370.0,4,14,2,2021,0
4550,Texas,2021-04-18,534217661.0,542908686.0,544512377.0,552604069.0,4,15,2,2021,0
6399,Texas,2021-04-25,546096314.0,534217661.0,547202849.0,535440643.0,4,16,2,2021,0
1196,Texas,2021-05-02,562123905.0,546096314.0,626790165.0,555993589.0,5,17,2,2021,0
1712,Texas,2021-05-09,585712658.0,562123905.0,593057396.0,553150409.0,5,18,2,2021,0
4163,Texas,2021-05-16,570427145.0,585712658.0,530931012.0,537675846.0,5,19,2,2021,0
6012,Texas,2021-05-23,583267376.0,570427145.0,532237093.0,517086067.0,5,20,2,2021,0
7818,Texas,2021-05-30,593132909.0,583267376.0,542908686.0,499850544.0,5,21,2,2021,0
1497,Texas,2021-06-06,606902920.0,593132909.0,534217661.0,515400732.0,6,22,2,2021,0
3346,Texas,2021-06-13,635379158.0,606902920.0,546096314.0,515212246.0,6,23,2,2021,0
5195,Texas,2021-06-20,644970852.0,635379158.0,562123905.0,539488248.0,6,24,2,2021,0
7044,Texas,2021-06-27,611761164.0,644970852.0,585712658.0,496499365.0,6,25,2,2021,0
1368,Texas,2021-07-04,639236238.0,611761164.0,570427145.0,486652318.0,7,26,3,2021,0
1884,Texas,2021-07-11,604727977.0,639236238.0,583267376.0,509601474.0,7,27,3,2021,0
4593,Texas,2021-07-18,626723672.0,604727977.0,593132909.0,524094563.0,7,28,3,2021,0
6442,Texas,2021-07-25,607071960.0,626723672.0,606902920.0,499021081.0,7,29,3,2021,0
1153,Texas,2021-08-01,613570624.0,607071960.0,635379158.0,485954921.0,8,30,3,2021,0
1669,Texas,2021-08-08,628737508.0,613570624.0,644970852.0,495592761.0,8,31,3,2021,0
3905,Texas,2021-08-15,654731720.0,628737508.0,611761164.0,492394555.0,8,32,3,2021,0
5754,Texas,2021-08-22,643350117.0,654731720.0,639236238.0,481922320.0,8,33,3,2021,0
7603,Texas,2021-08-29,633347096.0,643350117.0,604727977.0,494403062.0,8,34,3,2021,0
1411,Texas,2021-09-05,640916100.0,633347096.0,626723672.0,508609493.0,9,35,3,2021,0
1927,Texas,2021-09-12,605811949.0,640916100.0,607071960.0,498618693.0,9,36,3,2021,0
5023,Texas,2021-09-19,605126912.0,605811949.0,613570624.0,505144380.0,9,37,3,2021,0
6872,Texas,2021-09-26,576513741.0,605126912.0,628737508.0,544512377.0,9,38,3,2021,0
1282,Texas,2021-10-03,846360996.0,576513741.0,654731720.0,547202849.0,10,39,4,2021,0
1798,Texas,2021-10-10,860378788.0,846360996.0,643350117.0,626790165.0,10,40,4,2021,0
4464,Texas,2021-10-17,821470951.0,860378788.0,633347096.0,593057396.0,10,41,4,2021,0
6313,Texas,2021-10-24,816123888.0,821470951.0,640916100.0,530931012.0,10,42,4,2021,0
8076,Texas,2021-10-31,803785398.0,816123888.0,605811949.0,532237093.0,10,43,4,2021,0
1626,Texas,2021-11-07,798078686.0,803785398.0,605126912.0,542908686.0,11,44,4,2021,0
3733,Texas,2021-11-14,813596080.0,798078686.0,576513741.0,534217661.0,11,45,4,2021,0
5582,Texas,2021-11-21,825496999.0,813596080.0,846360996.0,546096314.0,11,46,4,2021,0
7431,Texas,2021-11-28,753648979.0,825496999.0,860378788.0,562123905.0,11,47,4,2021,0
1454,Texas,2021-12-05,767109222.0,753648979.0,821470951.0,585712658.0,12,48,4,2021,0
1970,Texas,2021-12-12,797449709.0,767109222.0,816123888.0,570427145.0,12,49,4,2021,0
5066,Texas,2021-12-19,818184291.0,797449709.0,803785398.0,583267376.0,12,50,4,2021,0
6915,Texas,2021-12-26,790855957.0,818184291.0,798078686.0,593132909.0,12,51,4,2021,0
2056,Texas,2022-01-02,756947881.0,790855957.0,813596080.0,606902920.0,1,52,1,2022,0
2572,Texas,2022-01-09,762413549.0,756947881.0,825496999.0,635379158.0,1,1,1,2022,0
4034,Texas,2022-01-16,773239165.0,762413549.0,753648979.0,644970852.0,1,2,1,2022,0
5883,Texas,2022-01-23,757025431.0,773239165.0,767109222.0,611761164.0,1,3,1,2022,0
7732,Texas,2022-01-30,765830590.0,757025431.0,797449709.0,639236238.0,1,4,1,2022,0
2357,Texas,2022-02-06,777748296.0,765830590.0,818184291.0,604727977.0,2,5,1,2022,0
3260,Texas,2022-02-13,782679657.0,777748296.0,790855957.0,626723672.0,2,6,1,2022,0
5109,Texas,2022-02-20,782777958.0,782679657.0,756947881.0,607071960.0,2,7,1,2022,0
6958,Texas,2022-02-27,802452110.0,782777958.0,762413549.0,613570624.0,2,8,1,2022,0
2400,Texas,2022-03-06,816625522.0,802452110.0,773239165.0,628737508.0,3,9,1,2022,0
3303,Texas,2022-03-13,812675554.0,816625522.0,757025431.0,654731720.0,3,10,1,2022,0
5152,Texas,2022-03-20,833042210.0,812675554.0,765830590.0,643350117.0,3,11,1,2022,0
7001,Texas,2022-03-27,827095885.0,833042210.0,777748296.0,633347096.0,3,12,1,2022,0
2142,Texas,2022-04-03,850032374.0,827095885.0,782679657.0,640916100.0,4,13,2,2022,0
2658,Texas,2022-04-10,871634417.0,850032374.0,782777958.0,605811949.0,4,14,2,2022,0
4335,Texas,2022-04-17,870295163.0,871634417.0,802452110.0,605126912.0,4,15,2,2022,0
6184,Texas,2022-04-24,839737382.0,870295163.0,816625522.0,576513741.0,4,16,2,2022,0
2013,Texas,2022-05-01,850167887.0,839737382.0,812675554.0,846360996.0,5,17,2,2022,0
2529,Texas,2022-05-08,890296799.0,850167887.0,833042210.0,860378788.0,5,18,2,2022,0
3862,Texas,2022-05-15,898767554.0,890296799.0,827095885.0,821470951.0,5,19,2,2022,0
5711,Texas,2022-05-22,895583947.0,898767554.0,850032374.0,816123888.0,5,20,2,2022,0
7560,Texas,2022-05-29,920017258.0,895583947.0,871634417.0,803785398.0,5,21,2,2022,0
2314,Texas,2022-06-05,909654384.0,920017258.0,870295163.0,798078686.0,6,22,2,2022,0
2830,Texas,2022-06-12,949870391.0,909654384.0,839737382.0,813596080.0,6,23,2,2022,0
4937,Texas,2022-06-19,969023692.0,949870391.0,850167887.0,825496999.0,6,24,2,2022,0
6786,Texas,2022-06-26,940907762.0,969023692.0,890296799.0,753648979.0,6,25,2,2022,0
2185,Texas,2022-07-03,966249952.0,940907762.0,898767554.0,767109222.0,7,26,3,2022,0
2701,Texas,2022-07-10,936276204.0,966249952.0,895583947.0,797449709.0,7,27,3,2022,0
4421,Texas,2022-07-17,948093410.0,936276204.0,920017258.0,818184291.0,7,28,3,2022,0
6270,Texas,2022-07-24,941450753.0,948093410.0,909654384.0,790855957.0,7,29,3,2022,0
8033,Texas,2022-07-31,963109909.0,941450753.0,949870391.0,756947881.0,7,30,3,2022,0
2486,Texas,2022-08-07,979016831.0,963109909.0,969023692.0,762413549.0,8,31,3,2022,0
3690,Texas,2022-08-14,985374559.0,979016831.0,940907762.0,773239165.0,8,32,3,2022,0
5539,Texas,2022-08-21,956650830.0,985374559.0,966249952.0,757025431.0,8,33,3,2022,0
7388,Texas,2022-08-28,950231655.0,956650830.0,936276204.0,765830590.0,8,34,3,2022,0
2228,Texas,2022-09-04,971086409.0,950231655.0,948093410.0,777748296.0,9,35,3,2022,0
2744,Texas,2022-09-11,944672827.0,971086409.0,941450753.0,782679657.0,9,36,3,2022,0
4636,Texas,2022-09-18,931076823.0,944672827.0,963109909.0,782777958.0,9,37,3,2022,0
6485,Texas,2022-09-25,929950136.0,931076823.0,979016831.0,802452110.0,9,38,3,2022,0
2099,Texas,2022-10-02,919216523.0,929950136.0,985374559.0,816625522.0,10,39,4,2022,0
2615,Texas,2022-10-09,922684371.0,919216523.0,956650830.0,812675554.0,10,40,4,2022,0
4249,Texas,2022-10-16,901641946.0,922684371.0,950231655.0,833042210.0,10,41,4,2022,0
6098,Texas,2022-10-23,871009110.0,901641946.0,971086409.0,827095885.0,10,42,4,2022,0
7904,Texas,2022-10-30,850515310.0,871009110.0,944672827.0,850032374.0,10,43,4,2022,0
2443,Texas,2022-11-06,847475436.0,850515310.0,931076823.0,871634417.0,11,44,4,2022,0
3475,Texas,2022-11-13,852211525.0,847475436.0,929950136.0,870295163.0,11,45,4,2022,0
5324,Texas,2022-11-20,877944513.0,852211525.0,919216523.0,839737382.0,11,46,4,2022,0
7173,Texas,2022-11-27,817175269.0,877944513.0,922684371.0,850167887.0,11,47,4,2022,0
2271,Texas,2022-12-04,828531181.0,817175269.0,901641946.0,890296799.0,12,48,4,2022,0
2787,Texas,2022-12-11,863198650.0,828531181.0,871009110.0,898767554.0,12,49,4,2022,0
4722,Texas,2022-12-18,890163696.0,863198650.0,850515310.0,895583947.0,12,50,4,2022,0
6571,Texas,2022-12-25,883142797.0,890163696.0,847475436.0,920017258.0,12,51,4,2022,0
2873,Texas,2023-01-01,809153466.0,883142797.0,852211525.0,909654384.0,1,52,1,2023,0
3088,Texas,2023-01-08,811576957.0,809153466.0,877944513.0,949870391.0,1,1,1,2023,0
3776,Texas,2023-01-15,831013727.0,811576957.0,817175269.0,969023692.0,1,2,1,2023,0
5625,Texas,2023-01-22,803963606.0,831013727.0,828531181.0,940907762.0,1,3,1,2023,0
7474,Texas,2023-01-29,805963645.0,803963606.0,863198650.0,966249952.0,1,4,1,2023,0
2959,Texas,2023-02-05,809824257.0,805963645.0,890163696.0,936276204.0,2,5,1,2023,0
3174,Texas,2023-02-12,843860928.0,809824257.0,883142797.0,948093410.0,2,6,1,2023,0
4808,Texas,2023-02-19,824199487.0,843860928.0,809153466.0,941450753.0,2,7,1,2023,0
6657,Texas,2023-02-26,848193679.0,824199487.0,811576957.0,963109909.0,2,8,1,2023,0
3002,Texas,2023-03-05,898283675.0,848193679.0,831013727.0,979016831.0,3,9,1,2023,0
3217,Texas,2023-03-12,965979422.0,898283675.0,803963606.0,985374559.0,3,10,1,2023,0
4851,Texas,2023-03-19,921704775.0,965979422.0,805963645.0,956650830.0,3,11,1,2023,0
6700,Texas,2023-03-26,866642461.0,921704775.0,809824257.0,950231655.0,3,12,1,2023,0
2916,Texas,2023-04-02,877605066.0,866642461.0,843860928.0,971086409.0,4,13,2,2023,0
3131,Texas,2023-04-09,897717812.0,877605066.0,824199487.0,944672827.0,4,14,2,2023,0
4120,Texas,2023-04-16,908098471.0,897717812.0,848193679.0,931076823.0,4,15,2,2023,0
5969,Texas,2023-04-23,902732385.0,908098471.0,898283675.0,929950136.0,4,16,2,2023,0
7775,Texas,2023-04-30,913290167.0,902732385.0,965979422.0,919216523.0,4,17,2,2023,0
3045,Texas,2023-05-07,962022027.0,913290167.0,921704775.0,922684371.0,5,18,2,2023,0
122,Utah,2019-10-06,46002034.0,962022027.0,866642461.0,901641946.0,10,40,4,2019,0
3433,Utah,2019-10-13,43950311.0,46002034.0,877605066.0,871009110.0,10,41,4,2019,0
5282,Utah,2019-10-20,45862186.0,43950311.0,897717812.0,850515310.0,10,42,4,2019,0
7131,Utah,2019-10-27,45883522.0,45862186.0,908098471.0,847475436.0,10,43,4,2019,0
79,Utah,2019-11-03,43344284.0,45883522.0,902732385.0,852211525.0,11,44,4,2019,0
208,Utah,2019-11-10,44258186.0,43344284.0,913290167.0,877944513.0,11,45,4,2019,0
4508,Utah,2019-11-17,46091047.0,44258186.0,962022027.0,817175269.0,11,46,4,2019,0
6357,Utah,2019-11-24,46655269.0,46091047.0,46002034.0,828531181.0,11,47,4,2019,0
36,Utah,2019-12-01,42799316.0,46655269.0,43950311.0,863198650.0,12,48,4,2019,0
165,Utah,2019-12-08,42990859.0,42799316.0,45862186.0,890163696.0,12,49,4,2019,0
3992,Utah,2019-12-15,45535737.0,42990859.0,45883522.0,883142797.0,12,50,4,2019,0
5841,Utah,2019-12-22,50629211.0,45535737.0,43344284.0,809153466.0,12,51,4,2019,0
7690,Utah,2019-12-29,45035394.0,50629211.0,44258186.0,811576957.0,12,52,4,2019,0
509,Utah,2020-01-05,42867211.0,45035394.0,46091047.0,831013727.0,1,1,1,2020,0
1025,Utah,2020-01-12,42495523.0,42867211.0,46655269.0,803963606.0,1,2,1,2020,0
4766,Utah,2020-01-19,42668745.0,42495523.0,42799316.0,805963645.0,1,3,1,2020,0
6615,Utah,2020-01-26,43123445.0,42668745.0,42990859.0,809824257.0,1,4,1,2020,0
337,Utah,2020-02-02,46361419.0,43123445.0,45535737.0,843860928.0,2,5,1,2020,0
853,Utah,2020-02-09,42266559.0,46361419.0,50629211.0,824199487.0,2,6,1,2020,0
4078,Utah,2020-02-16,43844394.0,42266559.0,45035394.0,848193679.0,2,7,1,2020,0
5927,Utah,2020-02-23,44119026.0,43844394.0,42867211.0,898283675.0,2,8,1,2020,0
251,Utah,2020-03-01,46708924.0,44119026.0,42495523.0,965979422.0,3,9,1,2020,0
767,Utah,2020-03-08,49082930.0,46708924.0,42668745.0,921704775.0,3,10,1,2020,0
3820,Utah,2020-03-15,55451153.0,49082930.0,43123445.0,866642461.0,3,11,1,2020,0
5669,Utah,2020-03-22,50908406.0,55451153.0,46361419.0,877605066.0,3,12,1,2020,0
7518,Utah,2020-03-29,47066271.0,50908406.0,42266559.0,897717812.0,3,13,1,2020,0
552,Utah,2020-04-05,46730367.0,47066271.0,43844394.0,908098471.0,4,14,2,2020,0
1068,Utah,2020-04-12,48139868.0,46730367.0,44119026.0,902732385.0,4,15,2,2020,0
4895,Utah,2020-04-19,49273340.0,48139868.0,46708924.0,913290167.0,4,16,2,2020,0
6744,Utah,2020-04-26,50139847.0,49273340.0,49082930.0,962022027.0,4,17,2,2020,0
423,Utah,2020-05-03,52677004.0,50139847.0,55451153.0,46002034.0,5,18,2,2020,0
939,Utah,2020-05-10,53341435.0,52677004.0,50908406.0,43950311.0,5,19,2,2020,0
4379,Utah,2020-05-17,52220029.0,53341435.0,47066271.0,45862186.0,5,20,2,2020,0
6228,Utah,2020-05-24,53426620.0,52220029.0,46730367.0,45883522.0,5,21,2,2020,0
7991,Utah,2020-05-31,52132627.0,53426620.0,48139868.0,43344284.0,5,22,2,2020,0
724,Utah,2020-06-07,54771791.0,52132627.0,49273340.0,44258186.0,6,23,2,2020,0
3648,Utah,2020-06-14,54593470.0,54771791.0,50139847.0,46091047.0,6,24,2,2020,0
5497,Utah,2020-06-21,53991955.0,54593470.0,52677004.0,46655269.0,6,25,2,2020,0
7346,Utah,2020-06-28,57756300.0,53991955.0,53341435.0,42799316.0,6,26,2,2020,0
595,Utah,2020-07-05,59980601.0,57756300.0,52220029.0,42990859.0,7,27,3,2020,0
1111,Utah,2020-07-12,55434790.0,59980601.0,53426620.0,45535737.0,7,28,3,2020,0
4981,Utah,2020-07-19,58560317.0,55434790.0,52132627.0,50629211.0,7,29,3,2020,0
6830,Utah,2020-07-26,55499838.0,58560317.0,54771791.0,45035394.0,7,30,3,2020,0
380,Utah,2020-08-02,55710475.0,55499838.0,54593470.0,42867211.0,8,31,3,2020,0
896,Utah,2020-08-09,55857710.0,55710475.0,53991955.0,42495523.0,8,32,3,2020,0
4207,Utah,2020-08-16,56385234.0,55857710.0,57756300.0,42668745.0,8,33,3,2020,0
6056,Utah,2020-08-23,55895035.0,56385234.0,59980601.0,43123445.0,8,34,3,2020,0
7862,Utah,2020-08-30,55317886.0,55895035.0,55434790.0,46361419.0,8,35,3,2020,0
638,Utah,2020-09-06,54625584.0,55317886.0,58560317.0,42266559.0,9,36,3,2020,0
3390,Utah,2020-09-13,50329967.0,54625584.0,55499838.0,43844394.0,9,37,3,2020,0
5239,Utah,2020-09-20,51048791.0,50329967.0,55710475.0,44119026.0,9,38,3,2020,0
7088,Utah,2020-09-27,50455450.0,51048791.0,55857710.0,46708924.0,9,39,3,2020,0
466,Utah,2020-10-04,50477556.0,50455450.0,56385234.0,49082930.0,10,40,4,2020,0
982,Utah,2020-10-11,49615569.0,50477556.0,55895035.0,55451153.0,10,41,4,2020,0
4680,Utah,2020-10-18,49473221.0,49615569.0,55317886.0,50908406.0,10,42,4,2020,0
6529,Utah,2020-10-25,48951558.0,49473221.0,54625584.0,47066271.0,10,43,4,2020,0
294,Utah,2020-11-01,47922674.0,48951558.0,50329967.0,46730367.0,11,44,4,2020,0
810,Utah,2020-11-08,48714455.0,47922674.0,51048791.0,48139868.0,11,45,4,2020,0
3949,Utah,2020-11-15,47258153.0,48714455.0,50455450.0,49273340.0,11,46,4,2020,0
5798,Utah,2020-11-22,49897854.0,47258153.0,50477556.0,50139847.0,11,47,4,2020,0
7647,Utah,2020-11-29,46779680.0,49897854.0,49615569.0,52677004.0,11,48,4,2020,0
681,Utah,2020-12-06,45529948.0,46779680.0,49473221.0,53341435.0,12,49,4,2020,0
3519,Utah,2020-12-13,47701087.0,45529948.0,48951558.0,52220029.0,12,50,4,2020,0
5368,Utah,2020-12-20,51023830.0,47701087.0,47922674.0,53426620.0,12,51,4,2020,0
7217,Utah,2020-12-27,49514486.0,51023830.0,48714455.0,52132627.0,12,52,4,2020,0
1240,Utah,2021-01-03,46487223.0,49514486.0,47258153.0,54771791.0,1,53,1,2021,0
1756,Utah,2021-01-10,45720490.0,46487223.0,49897854.0,54593470.0,1,1,1,2021,0
4293,Utah,2021-01-17,47076790.0,45720490.0,46779680.0,53991955.0,1,2,1,2021,0
6142,Utah,2021-01-24,46429621.0,47076790.0,45529948.0,57756300.0,1,3,1,2021,0
7948,Utah,2021-01-31,47480594.0,46429621.0,47701087.0,59980601.0,1,4,1,2021,0
1541,Utah,2021-02-07,47941986.0,47480594.0,51023830.0,55434790.0,2,5,1,2021,0
3562,Utah,2021-02-14,47015915.0,47941986.0,49514486.0,58560317.0,2,6,1,2021,0
5411,Utah,2021-02-21,46635433.0,47015915.0,46487223.0,55499838.0,2,7,1,2021,0
7260,Utah,2021-02-28,49120500.0,46635433.0,45720490.0,55710475.0,2,8,1,2021,0
1584,Utah,2021-03-07,53313224.0,49120500.0,47076790.0,55857710.0,3,9,1,2021,0
3605,Utah,2021-03-14,58770617.0,53313224.0,46429621.0,56385234.0,3,10,1,2021,0
5454,Utah,2021-03-21,54636094.0,58770617.0,47480594.0,55895035.0,3,11,1,2021,0
7303,Utah,2021-03-28,49923058.0,54636094.0,47941986.0,55317886.0,3,12,1,2021,0
1326,Utah,2021-04-04,52632058.0,49923058.0,47015915.0,54625584.0,4,13,2,2021,0
1842,Utah,2021-04-11,52299183.0,52632058.0,46635433.0,50329967.0,4,14,2,2021,0
4551,Utah,2021-04-18,50219773.0,52299183.0,49120500.0,51048791.0,4,15,2,2021,0
6400,Utah,2021-04-25,52949842.0,50219773.0,53313224.0,50455450.0,4,16,2,2021,0
1197,Utah,2021-05-02,56007115.0,52949842.0,58770617.0,50477556.0,5,17,2,2021,0
1713,Utah,2021-05-09,57583432.0,56007115.0,54636094.0,49615569.0,5,18,2,2021,0
4164,Utah,2021-05-16,56687106.0,57583432.0,49923058.0,49473221.0,5,19,2,2021,0
6013,Utah,2021-05-23,57644000.0,56687106.0,52632058.0,48951558.0,5,20,2,2021,0
7819,Utah,2021-05-30,59459477.0,57644000.0,52299183.0,47922674.0,5,21,2,2021,0
1498,Utah,2021-06-06,60565270.0,59459477.0,50219773.0,48714455.0,6,22,2,2021,0
3347,Utah,2021-06-13,58920404.0,60565270.0,52949842.0,47258153.0,6,23,2,2021,0
5196,Utah,2021-06-20,62263407.0,58920404.0,56007115.0,49897854.0,6,24,2,2021,0
7045,Utah,2021-06-27,60996360.0,62263407.0,57583432.0,46779680.0,6,25,2,2021,0
1369,Utah,2021-07-04,64984991.0,60996360.0,56687106.0,45529948.0,7,26,3,2021,0
1885,Utah,2021-07-11,60579076.0,64984991.0,57644000.0,47701087.0,7,27,3,2021,0
4594,Utah,2021-07-18,61593658.0,60579076.0,59459477.0,51023830.0,7,28,3,2021,0
6443,Utah,2021-07-25,61069517.0,61593658.0,60565270.0,49514486.0,7,29,3,2021,0
1154,Utah,2021-08-01,59394248.0,61069517.0,58920404.0,46487223.0,8,30,3,2021,0
1670,Utah,2021-08-08,59329981.0,59394248.0,62263407.0,45720490.0,8,31,3,2021,0
3906,Utah,2021-08-15,60656351.0,59329981.0,60996360.0,47076790.0,8,32,3,2021,0
5755,Utah,2021-08-22,58497125.0,60656351.0,64984991.0,46429621.0,8,33,3,2021,0
7604,Utah,2021-08-29,57573623.0,58497125.0,60579076.0,47480594.0,8,34,3,2021,0
1412,Utah,2021-09-05,60165615.0,57573623.0,61593658.0,47941986.0,9,35,3,2021,0
1928,Utah,2021-09-12,56620332.0,60165615.0,61069517.0,47015915.0,9,36,3,2021,0
5024,Utah,2021-09-19,56998192.0,56620332.0,59394248.0,46635433.0,9,37,3,2021,0
6873,Utah,2021-09-26,56100569.0,56998192.0,59329981.0,49120500.0,9,38,3,2021,0
1283,Utah,2021-10-03,78244234.0,56100569.0,60656351.0,53313224.0,10,39,4,2021,0
1799,Utah,2021-10-10,75874141.0,78244234.0,58497125.0,58770617.0,10,40,4,2021,0
4465,Utah,2021-10-17,75271623.0,75874141.0,57573623.0,54636094.0,10,41,4,2021,0
6314,Utah,2021-10-24,74602835.0,75271623.0,60165615.0,49923058.0,10,42,4,2021,0
8077,Utah,2021-10-31,74405507.0,74602835.0,56620332.0,52632058.0,10,43,4,2021,0
1627,Utah,2021-11-07,73559787.0,74405507.0,56998192.0,52299183.0,11,44,4,2021,0
3734,Utah,2021-11-14,74020918.0,73559787.0,56100569.0,50219773.0,11,45,4,2021,0
5583,Utah,2021-11-21,76822262.0,74020918.0,78244234.0,52949842.0,11,46,4,2021,0
7432,Utah,2021-11-28,70963541.0,76822262.0,75874141.0,56007115.0,11,47,4,2021,0
1455,Utah,2021-12-05,70621212.0,70963541.0,75271623.0,57583432.0,12,48,4,2021,0
1971,Utah,2021-12-12,73375000.0,70621212.0,74602835.0,56687106.0,12,49,4,2021,0
5067,Utah,2021-12-19,79281415.0,73375000.0,74405507.0,57644000.0,12,50,4,2021,0
6916,Utah,2021-12-26,77692275.0,79281415.0,73559787.0,59459477.0,12,51,4,2021,0
2057,Utah,2022-01-02,70611523.0,77692275.0,74020918.0,60565270.0,1,52,1,2022,0
2573,Utah,2022-01-09,70280805.0,70611523.0,76822262.0,58920404.0,1,1,1,2022,0
4035,Utah,2022-01-16,72737608.0,70280805.0,70963541.0,62263407.0,1,2,1,2022,0
5884,Utah,2022-01-23,70837611.0,72737608.0,70621212.0,60996360.0,1,3,1,2022,0
7733,Utah,2022-01-30,73468048.0,70837611.0,73375000.0,64984991.0,1,4,1,2022,0
2358,Utah,2022-02-06,73418460.0,73468048.0,79281415.0,60579076.0,2,5,1,2022,0
3261,Utah,2022-02-13,74270303.0,73418460.0,77692275.0,61593658.0,2,6,1,2022,0
5110,Utah,2022-02-20,72603084.0,74270303.0,70611523.0,61069517.0,2,7,1,2022,0
6959,Utah,2022-02-27,73960836.0,72603084.0,70280805.0,59394248.0,2,8,1,2022,0
2401,Utah,2022-03-06,77586798.0,73960836.0,72737608.0,59329981.0,3,9,1,2022,0
3304,Utah,2022-03-13,76383637.0,77586798.0,70837611.0,60656351.0,3,10,1,2022,0
5153,Utah,2022-03-20,78357863.0,76383637.0,73468048.0,58497125.0,3,11,1,2022,0
7002,Utah,2022-03-27,79620270.0,78357863.0,73418460.0,57573623.0,3,12,1,2022,0
2143,Utah,2022-04-03,81837858.0,79620270.0,74270303.0,60165615.0,4,13,2,2022,0
2659,Utah,2022-04-10,78038771.0,81837858.0,72603084.0,56620332.0,4,14,2,2022,0
4336,Utah,2022-04-17,80559640.0,78038771.0,73960836.0,56998192.0,4,15,2,2022,0
6185,Utah,2022-04-24,78729130.0,80559640.0,77586798.0,56100569.0,4,16,2,2022,0
2014,Utah,2022-05-01,81528141.0,78729130.0,76383637.0,78244234.0,5,17,2,2022,0
2530,Utah,2022-05-08,84612637.0,81528141.0,78357863.0,75874141.0,5,18,2,2022,0
3863,Utah,2022-05-15,82901430.0,84612637.0,79620270.0,75271623.0,5,19,2,2022,0
5712,Utah,2022-05-22,84186908.0,82901430.0,81837858.0,74602835.0,5,20,2,2022,0
7561,Utah,2022-05-29,86852590.0,84186908.0,78038771.0,74405507.0,5,21,2,2022,0
2315,Utah,2022-06-05,87654632.0,86852590.0,80559640.0,73559787.0,6,22,2,2022,0
2831,Utah,2022-06-12,90080446.0,87654632.0,78729130.0,74020918.0,6,23,2,2022,0
4938,Utah,2022-06-19,90948762.0,90080446.0,81528141.0,76822262.0,6,24,2,2022,0
6787,Utah,2022-06-26,90996915.0,90948762.0,84612637.0,70963541.0,6,25,2,2022,0
2186,Utah,2022-07-03,97738996.0,90996915.0,82901430.0,70621212.0,7,26,3,2022,0
2702,Utah,2022-07-10,91505962.0,97738996.0,84186908.0,73375000.0,7,27,3,2022,0
4422,Utah,2022-07-17,93370301.0,91505962.0,86852590.0,79281415.0,7,28,3,2022,0
6271,Utah,2022-07-24,92176631.0,93370301.0,87654632.0,77692275.0,7,29,3,2022,0
8034,Utah,2022-07-31,88275946.0,92176631.0,90080446.0,70611523.0,7,30,3,2022,0
2487,Utah,2022-08-07,87746234.0,88275946.0,90948762.0,70280805.0,8,31,3,2022,0
3691,Utah,2022-08-14,89318533.0,87746234.0,90996915.0,72737608.0,8,32,3,2022,0
5540,Utah,2022-08-21,87263410.0,89318533.0,97738996.0,70837611.0,8,33,3,2022,0
7389,Utah,2022-08-28,88644859.0,87263410.0,91505962.0,73468048.0,8,34,3,2022,0
2229,Utah,2022-09-04,90796250.0,88644859.0,93370301.0,73418460.0,9,35,3,2022,0
2745,Utah,2022-09-11,85704126.0,90796250.0,92176631.0,74270303.0,9,36,3,2022,0
4637,Utah,2022-09-18,82578747.0,85704126.0,88275946.0,72603084.0,9,37,3,2022,0
6486,Utah,2022-09-25,81583654.0,82578747.0,87746234.0,73960836.0,9,38,3,2022,0
2100,Utah,2022-10-02,82461166.0,81583654.0,89318533.0,77586798.0,10,39,4,2022,0
2616,Utah,2022-10-09,80715550.0,82461166.0,87263410.0,76383637.0,10,40,4,2022,0
4250,Utah,2022-10-16,79051882.0,80715550.0,88644859.0,78357863.0,10,41,4,2022,0
6099,Utah,2022-10-23,78997315.0,79051882.0,90796250.0,79620270.0,10,42,4,2022,0
7905,Utah,2022-10-30,76819843.0,78997315.0,85704126.0,81837858.0,10,43,4,2022,0
2444,Utah,2022-11-06,76788218.0,76819843.0,82578747.0,78038771.0,11,44,4,2022,0
3476,Utah,2022-11-13,77514267.0,76788218.0,81583654.0,80559640.0,11,45,4,2022,0
5325,Utah,2022-11-20,80800177.0,77514267.0,82461166.0,78729130.0,11,46,4,2022,0
7174,Utah,2022-11-27,78027638.0,80800177.0,80715550.0,81528141.0,11,47,4,2022,0
2272,Utah,2022-12-04,73883028.0,78027638.0,79051882.0,84612637.0,12,48,4,2022,0
2788,Utah,2022-12-11,76445233.0,73883028.0,78997315.0,82901430.0,12,49,4,2022,0
4723,Utah,2022-12-18,82619797.0,76445233.0,76819843.0,84186908.0,12,50,4,2022,0
6572,Utah,2022-12-25,85948631.0,82619797.0,76788218.0,86852590.0,12,51,4,2022,0
2874,Utah,2023-01-01,72618035.0,85948631.0,77514267.0,87654632.0,1,52,1,2023,0
3089,Utah,2023-01-08,72347102.0,72618035.0,80800177.0,90080446.0,1,1,1,2023,0
3777,Utah,2023-01-15,74997968.0,72347102.0,78027638.0,90948762.0,1,2,1,2023,0
5626,Utah,2023-01-22,74262694.0,74997968.0,73883028.0,90996915.0,1,3,1,2023,0
7475,Utah,2023-01-29,75155901.0,74262694.0,76445233.0,97738996.0,1,4,1,2023,0
2960,Utah,2023-02-05,76237505.0,75155901.0,82619797.0,91505962.0,2,5,1,2023,0
3175,Utah,2023-02-12,80090616.0,76237505.0,85948631.0,93370301.0,2,6,1,2023,0
4809,Utah,2023-02-19,77638645.0,80090616.0,72618035.0,92176631.0,2,7,1,2023,0
6658,Utah,2023-02-26,77673269.0,77638645.0,72347102.0,88275946.0,2,8,1,2023,0
3003,Utah,2023-03-05,83904754.0,77673269.0,74997968.0,87746234.0,3,9,1,2023,0
3218,Utah,2023-03-12,88790245.0,83904754.0,74262694.0,89318533.0,3,10,1,2023,0
4852,Utah,2023-03-19,84876141.0,88790245.0,75155901.0,87263410.0,3,11,1,2023,0
6701,Utah,2023-03-26,80341382.0,84876141.0,76237505.0,88644859.0,3,12,1,2023,0
2917,Utah,2023-04-02,80784702.0,80341382.0,80090616.0,90796250.0,4,13,2,2023,0
3132,Utah,2023-04-09,83693796.0,80784702.0,77638645.0,85704126.0,4,14,2,2023,0
4121,Utah,2023-04-16,82950875.0,83693796.0,77673269.0,82578747.0,4,15,2,2023,0
5970,Utah,2023-04-23,83207752.0,82950875.0,83904754.0,81583654.0,4,16,2,2023,0
7776,Utah,2023-04-30,87151461.0,83207752.0,88790245.0,82461166.0,4,17,2,2023,0
3046,Utah,2023-05-07,90346612.0,87151461.0,84876141.0,80715550.0,5,18,2,2023,0
123,Vermont,2019-10-06,10654128.0,90346612.0,80341382.0,79051882.0,10,40,4,2019,0
3434,Vermont,2019-10-13,10493866.0,10654128.0,80784702.0,78997315.0,10,41,4,2019,0
5283,Vermont,2019-10-20,10034766.0,10493866.0,83693796.0,76819843.0,10,42,4,2019,0
7132,Vermont,2019-10-27,9732839.0,10034766.0,82950875.0,76788218.0,10,43,4,2019,0
80,Vermont,2019-11-03,9998307.0,9732839.0,83207752.0,77514267.0,11,44,4,2019,0
209,Vermont,2019-11-10,9914387.0,9998307.0,87151461.0,80800177.0,11,45,4,2019,0
4509,Vermont,2019-11-17,9824944.0,9914387.0,90346612.0,78027638.0,11,46,4,2019,0
6358,Vermont,2019-11-24,10234926.0,9824944.0,10654128.0,73883028.0,11,47,4,2019,0
37,Vermont,2019-12-01,10140664.0,10234926.0,10493866.0,76445233.0,12,48,4,2019,0
166,Vermont,2019-12-08,10098783.0,10140664.0,10034766.0,82619797.0,12,49,4,2019,0
3993,Vermont,2019-12-15,10100359.0,10098783.0,9732839.0,85948631.0,12,50,4,2019,0
5842,Vermont,2019-12-22,10840313.0,10100359.0,9998307.0,72618035.0,12,51,4,2019,0
7691,Vermont,2019-12-29,11284137.0,10840313.0,9914387.0,72347102.0,12,52,4,2019,0
510,Vermont,2020-01-05,11286677.0,11284137.0,9824944.0,74997968.0,1,1,1,2020,0
1026,Vermont,2020-01-12,10094297.0,11286677.0,10234926.0,74262694.0,1,2,1,2020,0
4767,Vermont,2020-01-19,10459226.0,10094297.0,10140664.0,75155901.0,1,3,1,2020,0
6616,Vermont,2020-01-26,10013202.0,10459226.0,10098783.0,76237505.0,1,4,1,2020,0
338,Vermont,2020-02-02,10422771.0,10013202.0,10100359.0,80090616.0,2,5,1,2020,0
854,Vermont,2020-02-09,10245583.0,10422771.0,10840313.0,77638645.0,2,6,1,2020,0
4079,Vermont,2020-02-16,10251653.0,10245583.0,11284137.0,77673269.0,2,7,1,2020,0
5928,Vermont,2020-02-23,10627027.0,10251653.0,11286677.0,83904754.0,2,8,1,2020,0
252,Vermont,2020-03-01,10321603.0,10627027.0,10094297.0,88790245.0,3,9,1,2020,0
768,Vermont,2020-03-08,11002690.0,10321603.0,10459226.0,84876141.0,3,10,1,2020,0
3821,Vermont,2020-03-15,11435654.0,11002690.0,10013202.0,80341382.0,3,11,1,2020,0
5670,Vermont,2020-03-22,11830941.0,11435654.0,10422771.0,80784702.0,3,12,1,2020,0
7519,Vermont,2020-03-29,10444062.0,11830941.0,10245583.0,83693796.0,3,13,1,2020,0
553,Vermont,2020-04-05,10611241.0,10444062.0,10251653.0,82950875.0,4,14,2,2020,0
1069,Vermont,2020-04-12,10412629.0,10611241.0,10627027.0,83207752.0,4,15,2,2020,0
4896,Vermont,2020-04-19,10470686.0,10412629.0,10321603.0,87151461.0,4,16,2,2020,0
6745,Vermont,2020-04-26,10511675.0,10470686.0,11002690.0,90346612.0,4,17,2,2020,0
424,Vermont,2020-05-03,11244376.0,10511675.0,11435654.0,10654128.0,5,18,2,2020,0
940,Vermont,2020-05-10,11252154.0,11244376.0,11830941.0,10493866.0,5,19,2,2020,0
4380,Vermont,2020-05-17,11248781.0,11252154.0,10444062.0,10034766.0,5,20,2,2020,0
6229,Vermont,2020-05-24,12564025.0,11248781.0,10611241.0,9732839.0,5,21,2,2020,0
7992,Vermont,2020-05-31,12529766.0,12564025.0,10412629.0,9998307.0,5,22,2,2020,0
725,Vermont,2020-06-07,12511161.0,12529766.0,10470686.0,9914387.0,6,23,2,2020,0
3649,Vermont,2020-06-14,12200507.0,12511161.0,10511675.0,9824944.0,6,24,2,2020,0
5498,Vermont,2020-06-21,12877303.0,12200507.0,11244376.0,10234926.0,6,25,2,2020,0
7347,Vermont,2020-06-28,13067929.0,12877303.0,11252154.0,10140664.0,6,26,2,2020,0
596,Vermont,2020-07-05,14477900.0,13067929.0,11248781.0,10098783.0,7,27,3,2020,0
1112,Vermont,2020-07-12,13581080.0,14477900.0,12564025.0,10100359.0,7,28,3,2020,0
4982,Vermont,2020-07-19,13160168.0,13581080.0,12529766.0,10840313.0,7,29,3,2020,0
6831,Vermont,2020-07-26,13076994.0,13160168.0,12511161.0,11284137.0,7,30,3,2020,0
381,Vermont,2020-08-02,13621460.0,13076994.0,12200507.0,11286677.0,8,31,3,2020,0
897,Vermont,2020-08-09,12830791.0,13621460.0,12877303.0,10094297.0,8,32,3,2020,0
4208,Vermont,2020-08-16,12847283.0,12830791.0,13067929.0,10459226.0,8,33,3,2020,0
6057,Vermont,2020-08-23,12018681.0,12847283.0,14477900.0,10013202.0,8,34,3,2020,0
7863,Vermont,2020-08-30,11781952.0,12018681.0,13581080.0,10422771.0,8,35,3,2020,0
639,Vermont,2020-09-06,11742211.0,11781952.0,13160168.0,10245583.0,9,36,3,2020,0
3391,Vermont,2020-09-13,11410464.0,11742211.0,13076994.0,10251653.0,9,37,3,2020,0
5240,Vermont,2020-09-20,10928516.0,11410464.0,13621460.0,10627027.0,9,38,3,2020,0
7089,Vermont,2020-09-27,11274684.0,10928516.0,12830791.0,10321603.0,9,39,3,2020,0
467,Vermont,2020-10-04,11398364.0,11274684.0,12847283.0,11002690.0,10,40,4,2020,0
983,Vermont,2020-10-11,11173347.0,11398364.0,12018681.0,11435654.0,10,41,4,2020,0
4681,Vermont,2020-10-18,10964926.0,11173347.0,11781952.0,11830941.0,10,42,4,2020,0
6530,Vermont,2020-10-25,10672287.0,10964926.0,11742211.0,10444062.0,10,43,4,2020,0
295,Vermont,2020-11-01,10550546.0,10672287.0,11410464.0,10611241.0,11,44,4,2020,0
811,Vermont,2020-11-08,10915170.0,10550546.0,10928516.0,10412629.0,11,45,4,2020,0
3950,Vermont,2020-11-15,10771670.0,10915170.0,11274684.0,10470686.0,11,46,4,2020,0
5799,Vermont,2020-11-22,10874180.0,10771670.0,11398364.0,10511675.0,11,47,4,2020,0
7648,Vermont,2020-11-29,10819020.0,10874180.0,11173347.0,11244376.0,11,48,4,2020,0
682,Vermont,2020-12-06,10650734.0,10819020.0,10964926.0,11252154.0,12,49,4,2020,0
3520,Vermont,2020-12-13,10595475.0,10650734.0,10672287.0,11248781.0,12,50,4,2020,0
5369,Vermont,2020-12-20,10830190.0,10595475.0,10550546.0,12564025.0,12,51,4,2020,0
7218,Vermont,2020-12-27,11761644.0,10830190.0,10915170.0,12529766.0,12,52,4,2020,0
1241,Vermont,2021-01-03,11494781.0,11761644.0,10771670.0,12511161.0,1,53,1,2021,0
1757,Vermont,2021-01-10,10942796.0,11494781.0,10874180.0,12200507.0,1,1,1,2021,0
4294,Vermont,2021-01-17,10703796.0,10942796.0,10819020.0,12877303.0,1,2,1,2021,0
6143,Vermont,2021-01-24,10635883.0,10703796.0,10650734.0,13067929.0,1,3,1,2021,0
7949,Vermont,2021-01-31,10799389.0,10635883.0,10595475.0,14477900.0,1,4,1,2021,0
1542,Vermont,2021-02-07,10992666.0,10799389.0,10830190.0,13581080.0,2,5,1,2021,0
3563,Vermont,2021-02-14,10792892.0,10992666.0,11761644.0,13160168.0,2,6,1,2021,0
5412,Vermont,2021-02-21,11079750.0,10792892.0,11494781.0,13076994.0,2,7,1,2021,0
7261,Vermont,2021-02-28,10854414.0,11079750.0,10942796.0,13621460.0,2,8,1,2021,0
1585,Vermont,2021-03-07,11517988.0,10854414.0,10703796.0,12830791.0,3,9,1,2021,0
3606,Vermont,2021-03-14,12010396.0,11517988.0,10635883.0,12847283.0,3,10,1,2021,0
5455,Vermont,2021-03-21,12539026.0,12010396.0,10799389.0,12018681.0,3,11,1,2021,0
7304,Vermont,2021-03-28,11222143.0,12539026.0,10992666.0,11781952.0,3,12,1,2021,0
1327,Vermont,2021-04-04,11275937.0,11222143.0,10792892.0,11742211.0,4,13,2,2021,0
1843,Vermont,2021-04-11,11243964.0,11275937.0,11079750.0,11410464.0,4,14,2,2021,0
4552,Vermont,2021-04-18,11028639.0,11243964.0,10854414.0,10928516.0,4,15,2,2021,0
6401,Vermont,2021-04-25,11336823.0,11028639.0,11517988.0,11274684.0,4,16,2,2021,0
1198,Vermont,2021-05-02,11912435.0,11336823.0,12010396.0,11398364.0,5,17,2,2021,0
1714,Vermont,2021-05-09,11994926.0,11912435.0,12539026.0,11173347.0,5,18,2,2021,0
4165,Vermont,2021-05-16,12174721.0,11994926.0,11222143.0,10964926.0,5,19,2,2021,0
6014,Vermont,2021-05-23,13910948.0,12174721.0,11275937.0,10672287.0,5,20,2,2021,0
7820,Vermont,2021-05-30,13487132.0,13910948.0,11243964.0,10550546.0,5,21,2,2021,0
1499,Vermont,2021-06-06,13043593.0,13487132.0,11028639.0,10915170.0,6,22,2,2021,0
3348,Vermont,2021-06-13,13342857.0,13043593.0,11336823.0,10771670.0,6,23,2,2021,0
5197,Vermont,2021-06-20,13908880.0,13342857.0,11912435.0,10874180.0,6,24,2,2021,0
7046,Vermont,2021-06-27,13628238.0,13908880.0,11994926.0,10819020.0,6,25,2,2021,0
1370,Vermont,2021-07-04,14328350.0,13628238.0,12174721.0,10650734.0,7,26,3,2021,0
1886,Vermont,2021-07-11,13843774.0,14328350.0,13910948.0,10595475.0,7,27,3,2021,0
4595,Vermont,2021-07-18,13433531.0,13843774.0,13487132.0,10830190.0,7,28,3,2021,0
6444,Vermont,2021-07-25,13661363.0,13433531.0,13043593.0,11761644.0,7,29,3,2021,0
1155,Vermont,2021-08-01,13464126.0,13661363.0,13342857.0,11494781.0,8,30,3,2021,0
1671,Vermont,2021-08-08,13735041.0,13464126.0,13908880.0,10942796.0,8,31,3,2021,0
3907,Vermont,2021-08-15,14357893.0,13735041.0,13628238.0,10703796.0,8,32,3,2021,0
5756,Vermont,2021-08-22,13064025.0,14357893.0,14328350.0,10635883.0,8,33,3,2021,0
7605,Vermont,2021-08-29,12916090.0,13064025.0,13843774.0,10799389.0,8,34,3,2021,0
1413,Vermont,2021-09-05,12654207.0,12916090.0,13433531.0,10992666.0,9,35,3,2021,0
1929,Vermont,2021-09-12,12307859.0,12654207.0,13661363.0,10792892.0,9,36,3,2021,0
5025,Vermont,2021-09-19,11854055.0,12307859.0,13464126.0,11079750.0,9,37,3,2021,0
6874,Vermont,2021-09-26,12191094.0,11854055.0,13735041.0,10854414.0,9,38,3,2021,0
1284,Vermont,2021-10-03,17208123.0,12191094.0,14357893.0,11517988.0,10,39,4,2021,0
1800,Vermont,2021-10-10,17238409.0,17208123.0,13064025.0,12010396.0,10,40,4,2021,0
4466,Vermont,2021-10-17,16867636.0,17238409.0,12916090.0,12539026.0,10,41,4,2021,0
6315,Vermont,2021-10-24,16095630.0,16867636.0,12654207.0,11222143.0,10,42,4,2021,0
8078,Vermont,2021-10-31,15986865.0,16095630.0,12307859.0,11275937.0,10,43,4,2021,0
1628,Vermont,2021-11-07,16450799.0,15986865.0,11854055.0,11243964.0,11,44,4,2021,0
3735,Vermont,2021-11-14,16477180.0,16450799.0,12191094.0,11028639.0,11,45,4,2021,0
5584,Vermont,2021-11-21,16714318.0,16477180.0,17208123.0,11336823.0,11,46,4,2021,0
7433,Vermont,2021-11-28,16052504.0,16714318.0,17238409.0,11912435.0,11,47,4,2021,0
1456,Vermont,2021-12-05,16412109.0,16052504.0,16867636.0,11994926.0,12,48,4,2021,0
1972,Vermont,2021-12-12,16128337.0,16412109.0,16095630.0,12174721.0,12,49,4,2021,0
5068,Vermont,2021-12-19,17427392.0,16128337.0,15986865.0,13910948.0,12,50,4,2021,0
6917,Vermont,2021-12-26,17740468.0,17427392.0,16450799.0,13487132.0,12,51,4,2021,0
2058,Vermont,2022-01-02,17602152.0,17740468.0,16477180.0,13043593.0,1,52,1,2022,0
2574,Vermont,2022-01-09,16658675.0,17602152.0,16714318.0,13342857.0,1,1,1,2022,0
4036,Vermont,2022-01-16,16914502.0,16658675.0,16052504.0,13908880.0,1,2,1,2022,0
5885,Vermont,2022-01-23,16263822.0,16914502.0,16412109.0,13628238.0,1,3,1,2022,0
7734,Vermont,2022-01-30,16366358.0,16263822.0,16128337.0,14328350.0,1,4,1,2022,0
2359,Vermont,2022-02-06,17004640.0,16366358.0,17427392.0,13843774.0,2,5,1,2022,0
3262,Vermont,2022-02-13,16689059.0,17004640.0,17740468.0,13433531.0,2,6,1,2022,0
5111,Vermont,2022-02-20,16725384.0,16689059.0,17602152.0,13661363.0,2,7,1,2022,0
6960,Vermont,2022-02-27,16700359.0,16725384.0,16658675.0,13464126.0,2,8,1,2022,0
2402,Vermont,2022-03-06,17086731.0,16700359.0,16914502.0,13735041.0,3,9,1,2022,0
3305,Vermont,2022-03-13,16804677.0,17086731.0,16263822.0,14357893.0,3,10,1,2022,0
5154,Vermont,2022-03-20,17123995.0,16804677.0,16366358.0,13064025.0,3,11,1,2022,0
7003,Vermont,2022-03-27,16939633.0,17123995.0,17004640.0,12916090.0,3,12,1,2022,0
2144,Vermont,2022-04-03,17273732.0,16939633.0,16689059.0,12654207.0,4,13,2,2022,0
2660,Vermont,2022-04-10,16901303.0,17273732.0,16725384.0,12307859.0,4,14,2,2022,0
4337,Vermont,2022-04-17,17514824.0,16901303.0,16700359.0,11854055.0,4,15,2,2022,0
6186,Vermont,2022-04-24,16530617.0,17514824.0,17086731.0,12191094.0,4,16,2,2022,0
2015,Vermont,2022-05-01,17584378.0,16530617.0,16804677.0,17208123.0,5,17,2,2022,0
2531,Vermont,2022-05-08,18223424.0,17584378.0,17123995.0,17238409.0,5,18,2,2022,0
3864,Vermont,2022-05-15,19138994.0,18223424.0,16939633.0,16867636.0,5,19,2,2022,0
5713,Vermont,2022-05-22,20057254.0,19138994.0,17273732.0,16095630.0,5,20,2,2022,0
7562,Vermont,2022-05-29,19462028.0,20057254.0,16901303.0,15986865.0,5,21,2,2022,0
2316,Vermont,2022-06-05,20243384.0,19462028.0,17514824.0,16450799.0,6,22,2,2022,0
2832,Vermont,2022-06-12,19894380.0,20243384.0,16530617.0,16477180.0,6,23,2,2022,0
4939,Vermont,2022-06-19,20105333.0,19894380.0,17584378.0,16714318.0,6,24,2,2022,0
6788,Vermont,2022-06-26,20273985.0,20105333.0,18223424.0,16052504.0,6,25,2,2022,0
2187,Vermont,2022-07-03,22844305.0,20273985.0,19138994.0,16412109.0,7,26,3,2022,0
2703,Vermont,2022-07-10,21109350.0,22844305.0,20057254.0,16128337.0,7,27,3,2022,0
4423,Vermont,2022-07-17,21496521.0,21109350.0,19462028.0,17427392.0,7,28,3,2022,0
6272,Vermont,2022-07-24,21507024.0,21496521.0,20243384.0,17740468.0,7,29,3,2022,0
8035,Vermont,2022-07-31,21055279.0,21507024.0,19894380.0,17602152.0,7,30,3,2022,0
2488,Vermont,2022-08-07,21576116.0,21055279.0,20105333.0,16658675.0,8,31,3,2022,0
3692,Vermont,2022-08-14,20866311.0,21576116.0,20273985.0,16914502.0,8,32,3,2022,0
5541,Vermont,2022-08-21,19885724.0,20866311.0,22844305.0,16263822.0,8,33,3,2022,0
7390,Vermont,2022-08-28,19708102.0,19885724.0,21109350.0,16366358.0,8,34,3,2022,0
2230,Vermont,2022-09-04,19188721.0,19708102.0,21496521.0,17004640.0,9,35,3,2022,0
2746,Vermont,2022-09-11,18020623.0,19188721.0,21507024.0,16689059.0,9,36,3,2022,0
4638,Vermont,2022-09-18,18198310.0,18020623.0,21055279.0,16725384.0,9,37,3,2022,0
6487,Vermont,2022-09-25,17772235.0,18198310.0,21576116.0,16700359.0,9,38,3,2022,0
2101,Vermont,2022-10-02,17781060.0,17772235.0,20866311.0,17086731.0,10,39,4,2022,0
2617,Vermont,2022-10-09,18224034.0,17781060.0,19885724.0,16804677.0,10,40,4,2022,0
4251,Vermont,2022-10-16,17842758.0,18224034.0,19708102.0,17123995.0,10,41,4,2022,0
6100,Vermont,2022-10-23,17253872.0,17842758.0,19188721.0,16939633.0,10,42,4,2022,0
7906,Vermont,2022-10-30,17001670.0,17253872.0,18020623.0,17273732.0,10,43,4,2022,0
2445,Vermont,2022-11-06,17483212.0,17001670.0,18198310.0,16901303.0,11,44,4,2022,0
3477,Vermont,2022-11-13,16990549.0,17483212.0,17772235.0,17514824.0,11,45,4,2022,0
5326,Vermont,2022-11-20,17076820.0,16990549.0,17781060.0,16530617.0,11,46,4,2022,0
7175,Vermont,2022-11-27,17415651.0,17076820.0,18224034.0,17584378.0,11,47,4,2022,0
2273,Vermont,2022-12-04,16973330.0,17415651.0,17842758.0,18223424.0,12,48,4,2022,0
2789,Vermont,2022-12-11,17078050.0,16973330.0,17253872.0,19138994.0,12,49,4,2022,0
4724,Vermont,2022-12-18,17867737.0,17078050.0,17001670.0,20057254.0,12,50,4,2022,0
6573,Vermont,2022-12-25,19232544.0,17867737.0,17483212.0,19462028.0,12,51,4,2022,0
2875,Vermont,2023-01-01,18254415.0,19232544.0,16990549.0,20243384.0,1,52,1,2023,0
3090,Vermont,2023-01-08,17426156.0,18254415.0,17076820.0,19894380.0,1,1,1,2023,0
3778,Vermont,2023-01-15,17048539.0,17426156.0,17415651.0,20105333.0,1,2,1,2023,0
5627,Vermont,2023-01-22,17196042.0,17048539.0,16973330.0,20273985.0,1,3,1,2023,0
7476,Vermont,2023-01-29,17032340.0,17196042.0,17078050.0,22844305.0,1,4,1,2023,0
2961,Vermont,2023-02-05,17520094.0,17032340.0,17867737.0,21109350.0,2,5,1,2023,0
3176,Vermont,2023-02-12,17722087.0,17520094.0,19232544.0,21496521.0,2,6,1,2023,0
4810,Vermont,2023-02-19,17621735.0,17722087.0,18254415.0,21507024.0,2,7,1,2023,0
6659,Vermont,2023-02-26,17333835.0,17621735.0,17426156.0,21055279.0,2,8,1,2023,0
3004,Vermont,2023-03-05,18343682.0,17333835.0,17048539.0,21576116.0,3,9,1,2023,0
3219,Vermont,2023-03-12,18511581.0,18343682.0,17196042.0,20866311.0,3,10,1,2023,0
4853,Vermont,2023-03-19,19111463.0,18511581.0,17032340.0,19885724.0,3,11,1,2023,0
6702,Vermont,2023-03-26,17260096.0,19111463.0,17520094.0,19708102.0,3,12,1,2023,0
2918,Vermont,2023-04-02,17377273.0,17260096.0,17722087.0,19188721.0,4,13,2,2023,0
3133,Vermont,2023-04-09,18173575.0,17377273.0,17621735.0,18020623.0,4,14,2,2023,0
4122,Vermont,2023-04-16,18162049.0,18173575.0,17333835.0,18198310.0,4,15,2,2023,0
5971,Vermont,2023-04-23,17623203.0,18162049.0,18343682.0,17772235.0,4,16,2,2023,0
7777,Vermont,2023-04-30,18276857.0,17623203.0,18511581.0,17781060.0,4,17,2,2023,0
3047,Vermont,2023-05-07,19494926.0,18276857.0,19111463.0,18224034.0,5,18,2,2023,0
124,Virginia,2019-10-06,172066423.0,19494926.0,17260096.0,17842758.0,10,40,4,2019,0
3435,Virginia,2019-10-13,161601645.0,172066423.0,17377273.0,17253872.0,10,41,4,2019,0
5284,Virginia,2019-10-20,153893495.0,161601645.0,18173575.0,17001670.0,10,42,4,2019,0
7133,Virginia,2019-10-27,150809622.0,153893495.0,18162049.0,17483212.0,10,43,4,2019,0
81,Virginia,2019-11-03,156968155.0,150809622.0,17623203.0,16990549.0,11,44,4,2019,0
210,Virginia,2019-11-10,155391291.0,156968155.0,18276857.0,17076820.0,11,45,4,2019,0
4510,Virginia,2019-11-17,151880467.0,155391291.0,19494926.0,17415651.0,11,46,4,2019,0
6359,Virginia,2019-11-24,154500701.0,151880467.0,172066423.0,16973330.0,11,47,4,2019,0
38,Virginia,2019-12-01,153170304.0,154500701.0,161601645.0,17078050.0,12,48,4,2019,0
167,Virginia,2019-12-08,155885205.0,153170304.0,153893495.0,17867737.0,12,49,4,2019,0
3994,Virginia,2019-12-15,151159938.0,155885205.0,150809622.0,19232544.0,12,50,4,2019,0
5843,Virginia,2019-12-22,163692375.0,151159938.0,156968155.0,18254415.0,12,51,4,2019,0
7692,Virginia,2019-12-29,151352893.0,163692375.0,155391291.0,17426156.0,12,52,4,2019,0
511,Virginia,2020-01-05,152001837.0,151352893.0,151880467.0,17048539.0,1,1,1,2020,0
1027,Virginia,2020-01-12,152855580.0,152001837.0,154500701.0,17196042.0,1,2,1,2020,0
4768,Virginia,2020-01-19,145982252.0,152855580.0,153170304.0,17032340.0,1,3,1,2020,0
6617,Virginia,2020-01-26,144337569.0,145982252.0,155885205.0,17520094.0,1,4,1,2020,0
339,Virginia,2020-02-02,150953057.0,144337569.0,151159938.0,17722087.0,2,5,1,2020,0
855,Virginia,2020-02-09,152055733.0,150953057.0,163692375.0,17621735.0,2,6,1,2020,0
4080,Virginia,2020-02-16,148167205.0,152055733.0,151352893.0,17333835.0,2,7,1,2020,0
5929,Virginia,2020-02-23,148804133.0,148167205.0,152001837.0,18343682.0,2,8,1,2020,0
253,Virginia,2020-03-01,158527801.0,148804133.0,152855580.0,18511581.0,3,9,1,2020,0
769,Virginia,2020-03-08,163409249.0,158527801.0,145982252.0,19111463.0,3,10,1,2020,0
3822,Virginia,2020-03-15,188754728.0,163409249.0,144337569.0,17260096.0,3,11,1,2020,0
5671,Virginia,2020-03-22,176342493.0,188754728.0,150953057.0,17377273.0,3,12,1,2020,0
7520,Virginia,2020-03-29,161690146.0,176342493.0,152055733.0,18173575.0,3,13,1,2020,0
554,Virginia,2020-04-05,166942310.0,161690146.0,148167205.0,18162049.0,4,14,2,2020,0
1070,Virginia,2020-04-12,165311737.0,166942310.0,148804133.0,17623203.0,4,15,2,2020,0
4897,Virginia,2020-04-19,166221230.0,165311737.0,158527801.0,18276857.0,4,16,2,2020,0
6746,Virginia,2020-04-26,166146355.0,166221230.0,163409249.0,19494926.0,4,17,2,2020,0
425,Virginia,2020-05-03,176705173.0,166146355.0,188754728.0,172066423.0,5,18,2,2020,0
941,Virginia,2020-05-10,175163330.0,176705173.0,176342493.0,161601645.0,5,19,2,2020,0
4381,Virginia,2020-05-17,175645455.0,175163330.0,161690146.0,153893495.0,5,20,2,2020,0
6230,Virginia,2020-05-24,181602899.0,175645455.0,166942310.0,150809622.0,5,21,2,2020,0
7993,Virginia,2020-05-31,180652170.0,181602899.0,165311737.0,156968155.0,5,22,2,2020,0
726,Virginia,2020-06-07,185516072.0,180652170.0,166221230.0,155391291.0,6,23,2,2020,0
3650,Virginia,2020-06-14,182008194.0,185516072.0,166146355.0,151880467.0,6,24,2,2020,0
5499,Virginia,2020-06-21,177589601.0,182008194.0,176705173.0,154500701.0,6,25,2,2020,0
7348,Virginia,2020-06-28,190019012.0,177589601.0,175163330.0,153170304.0,6,26,2,2020,0
597,Virginia,2020-07-05,199524865.0,190019012.0,175645455.0,155885205.0,7,27,3,2020,0
1113,Virginia,2020-07-12,187064332.0,199524865.0,181602899.0,151159938.0,7,28,3,2020,0
4983,Virginia,2020-07-19,191619754.0,187064332.0,180652170.0,163692375.0,7,29,3,2020,0
6832,Virginia,2020-07-26,183961730.0,191619754.0,185516072.0,151352893.0,7,30,3,2020,0
382,Virginia,2020-08-02,187624235.0,183961730.0,182008194.0,152001837.0,8,31,3,2020,0
898,Virginia,2020-08-09,184209933.0,187624235.0,177589601.0,152855580.0,8,32,3,2020,0
4209,Virginia,2020-08-16,179700730.0,184209933.0,190019012.0,145982252.0,8,33,3,2020,0
6058,Virginia,2020-08-23,178591806.0,179700730.0,199524865.0,144337569.0,8,34,3,2020,0
7864,Virginia,2020-08-30,182383627.0,178591806.0,187064332.0,150953057.0,8,35,3,2020,0
640,Virginia,2020-09-06,186222413.0,182383627.0,191619754.0,152055733.0,9,36,3,2020,0
3392,Virginia,2020-09-13,173220384.0,186222413.0,183961730.0,148167205.0,9,37,3,2020,0
5241,Virginia,2020-09-20,168928097.0,173220384.0,187624235.0,148804133.0,9,38,3,2020,0
7090,Virginia,2020-09-27,168797590.0,168928097.0,184209933.0,158527801.0,9,39,3,2020,0
468,Virginia,2020-10-04,176217089.0,168797590.0,179700730.0,163409249.0,10,40,4,2020,0
984,Virginia,2020-10-11,169654399.0,176217089.0,178591806.0,188754728.0,10,41,4,2020,0
4682,Virginia,2020-10-18,163050882.0,169654399.0,182383627.0,176342493.0,10,42,4,2020,0
6531,Virginia,2020-10-25,165623748.0,163050882.0,186222413.0,161690146.0,10,43,4,2020,0
296,Virginia,2020-11-01,165112481.0,165623748.0,173220384.0,166942310.0,11,44,4,2020,0
812,Virginia,2020-11-08,167596233.0,165112481.0,168928097.0,165311737.0,11,45,4,2020,0
3951,Virginia,2020-11-15,163694977.0,167596233.0,168797590.0,166221230.0,11,46,4,2020,0
5800,Virginia,2020-11-22,168158835.0,163694977.0,176217089.0,166146355.0,11,47,4,2020,0
7649,Virginia,2020-11-29,163619179.0,168158835.0,169654399.0,176705173.0,11,48,4,2020,0
683,Virginia,2020-12-06,159632428.0,163619179.0,163050882.0,175163330.0,12,49,4,2020,0
3521,Virginia,2020-12-13,162737264.0,159632428.0,165623748.0,175645455.0,12,50,4,2020,0
5370,Virginia,2020-12-20,168096273.0,162737264.0,165112481.0,181602899.0,12,51,4,2020,0
7219,Virginia,2020-12-27,160600536.0,168096273.0,167596233.0,180652170.0,12,52,4,2020,0
1242,Virginia,2021-01-03,161285295.0,160600536.0,163694977.0,185516072.0,1,53,1,2021,0
1758,Virginia,2021-01-10,158932759.0,161285295.0,168158835.0,182008194.0,1,1,1,2021,0
4295,Virginia,2021-01-17,159488853.0,158932759.0,163619179.0,177589601.0,1,2,1,2021,0
6144,Virginia,2021-01-24,156698362.0,159488853.0,159632428.0,190019012.0,1,3,1,2021,0
7950,Virginia,2021-01-31,160272674.0,156698362.0,162737264.0,199524865.0,1,4,1,2021,0
1543,Virginia,2021-02-07,160563408.0,160272674.0,168096273.0,187064332.0,2,5,1,2021,0
3564,Virginia,2021-02-14,155848250.0,160563408.0,160600536.0,191619754.0,2,6,1,2021,0
5413,Virginia,2021-02-21,157894230.0,155848250.0,161285295.0,183961730.0,2,7,1,2021,0
7262,Virginia,2021-02-28,163796229.0,157894230.0,158932759.0,187624235.0,2,8,1,2021,0
1586,Virginia,2021-03-07,174612377.0,163796229.0,159488853.0,184209933.0,3,9,1,2021,0
3607,Virginia,2021-03-14,200079906.0,174612377.0,156698362.0,179700730.0,3,10,1,2021,0
5456,Virginia,2021-03-21,188758958.0,200079906.0,160272674.0,178591806.0,3,11,1,2021,0
7305,Virginia,2021-03-28,173111525.0,188758958.0,160563408.0,182383627.0,3,12,1,2021,0
1328,Virginia,2021-04-04,178524305.0,173111525.0,155848250.0,186222413.0,4,13,2,2021,0
1844,Virginia,2021-04-11,180011223.0,178524305.0,157894230.0,173220384.0,4,14,2,2021,0
4553,Virginia,2021-04-18,176271631.0,180011223.0,163796229.0,168928097.0,4,15,2,2021,0
6402,Virginia,2021-04-25,175065614.0,176271631.0,174612377.0,168797590.0,4,16,2,2021,0
1199,Virginia,2021-05-02,187739403.0,175065614.0,200079906.0,176217089.0,5,17,2,2021,0
1715,Virginia,2021-05-09,187731621.0,187739403.0,188758958.0,169654399.0,5,18,2,2021,0
4166,Virginia,2021-05-16,184915271.0,187731621.0,173111525.0,163050882.0,5,19,2,2021,0
6015,Virginia,2021-05-23,190347001.0,184915271.0,178524305.0,165623748.0,5,20,2,2021,0
7821,Virginia,2021-05-30,191434284.0,190347001.0,180011223.0,165112481.0,5,21,2,2021,0
1500,Virginia,2021-06-06,197856116.0,191434284.0,176271631.0,167596233.0,6,22,2,2021,0
3349,Virginia,2021-06-13,195582842.0,197856116.0,175065614.0,163694977.0,6,23,2,2021,0
5198,Virginia,2021-06-20,191339932.0,195582842.0,187739403.0,168158835.0,6,24,2,2021,0
7047,Virginia,2021-06-27,195554733.0,191339932.0,187731621.0,163619179.0,6,25,2,2021,0
1371,Virginia,2021-07-04,211924902.0,195554733.0,184915271.0,159632428.0,7,26,3,2021,0
1887,Virginia,2021-07-11,199497004.0,211924902.0,190347001.0,162737264.0,7,27,3,2021,0
4596,Virginia,2021-07-18,204653908.0,199497004.0,191434284.0,168096273.0,7,28,3,2021,0
6445,Virginia,2021-07-25,199486535.0,204653908.0,197856116.0,160600536.0,7,29,3,2021,0
1156,Virginia,2021-08-01,200020469.0,199486535.0,195582842.0,161285295.0,8,30,3,2021,0
1672,Virginia,2021-08-08,194229805.0,200020469.0,191339932.0,158932759.0,8,31,3,2021,0
3908,Virginia,2021-08-15,196460321.0,194229805.0,195554733.0,159488853.0,8,32,3,2021,0
5757,Virginia,2021-08-22,192954390.0,196460321.0,211924902.0,156698362.0,8,33,3,2021,0
7606,Virginia,2021-08-29,200620478.0,192954390.0,199497004.0,160272674.0,8,34,3,2021,0
1414,Virginia,2021-09-05,199876305.0,200620478.0,204653908.0,160563408.0,9,35,3,2021,0
1930,Virginia,2021-09-12,188586877.0,199876305.0,199486535.0,155848250.0,9,36,3,2021,0
5026,Virginia,2021-09-19,187006075.0,188586877.0,200020469.0,157894230.0,9,37,3,2021,0
6875,Virginia,2021-09-26,178228310.0,187006075.0,194229805.0,163796229.0,9,38,3,2021,0
1285,Virginia,2021-10-03,271048031.0,178228310.0,196460321.0,174612377.0,10,39,4,2021,0
1801,Virginia,2021-10-10,264267113.0,271048031.0,192954390.0,200079906.0,10,40,4,2021,0
4467,Virginia,2021-10-17,257032021.0,264267113.0,200620478.0,188758958.0,10,41,4,2021,0
6316,Virginia,2021-10-24,256856676.0,257032021.0,199876305.0,173111525.0,10,42,4,2021,0
8079,Virginia,2021-10-31,255221502.0,256856676.0,188586877.0,178524305.0,10,43,4,2021,0
1629,Virginia,2021-11-07,254210851.0,255221502.0,187006075.0,180011223.0,11,44,4,2021,0
3736,Virginia,2021-11-14,257365910.0,254210851.0,178228310.0,176271631.0,11,45,4,2021,0
5585,Virginia,2021-11-21,260709600.0,257365910.0,271048031.0,175065614.0,11,46,4,2021,0
7434,Virginia,2021-11-28,246183598.0,260709600.0,264267113.0,187739403.0,11,47,4,2021,0
1457,Virginia,2021-12-05,252428302.0,246183598.0,257032021.0,187731621.0,12,48,4,2021,0
1973,Virginia,2021-12-12,250214046.0,252428302.0,256856676.0,184915271.0,12,49,4,2021,0
5069,Virginia,2021-12-19,262572653.0,250214046.0,255221502.0,190347001.0,12,50,4,2021,0
6918,Virginia,2021-12-26,252987751.0,262572653.0,254210851.0,191434284.0,12,51,4,2021,0
2059,Virginia,2022-01-02,247570917.0,252987751.0,257365910.0,197856116.0,1,52,1,2022,0
2575,Virginia,2022-01-09,248898889.0,247570917.0,260709600.0,195582842.0,1,1,1,2022,0
4037,Virginia,2022-01-16,250857872.0,248898889.0,246183598.0,191339932.0,1,2,1,2022,0
5886,Virginia,2022-01-23,240630000.0,250857872.0,252428302.0,195554733.0,1,3,1,2022,0
7735,Virginia,2022-01-30,246332113.0,240630000.0,250214046.0,211924902.0,1,4,1,2022,0
2360,Virginia,2022-02-06,247718808.0,246332113.0,262572653.0,199497004.0,2,5,1,2022,0
3263,Virginia,2022-02-13,247796846.0,247718808.0,252987751.0,204653908.0,2,6,1,2022,0
5112,Virginia,2022-02-20,245704581.0,247796846.0,247570917.0,199486535.0,2,7,1,2022,0
6961,Virginia,2022-02-27,254539797.0,245704581.0,248898889.0,200020469.0,2,8,1,2022,0
2403,Virginia,2022-03-06,263806233.0,254539797.0,250857872.0,194229805.0,3,9,1,2022,0
3306,Virginia,2022-03-13,266351669.0,263806233.0,240630000.0,196460321.0,3,10,1,2022,0
5155,Virginia,2022-03-20,267757777.0,266351669.0,246332113.0,192954390.0,3,11,1,2022,0
7004,Virginia,2022-03-27,269389622.0,267757777.0,247718808.0,200620478.0,3,12,1,2022,0
2145,Virginia,2022-04-03,272520470.0,269389622.0,247796846.0,199876305.0,4,13,2,2022,0
2661,Virginia,2022-04-10,277964646.0,272520470.0,245704581.0,188586877.0,4,14,2,2022,0
4338,Virginia,2022-04-17,282253256.0,277964646.0,254539797.0,187006075.0,4,15,2,2022,0
6187,Virginia,2022-04-24,274802222.0,282253256.0,263806233.0,178228310.0,4,16,2,2022,0
2016,Virginia,2022-05-01,290727348.0,274802222.0,266351669.0,271048031.0,5,17,2,2022,0
2532,Virginia,2022-05-08,284854597.0,290727348.0,267757777.0,264267113.0,5,18,2,2022,0
3865,Virginia,2022-05-15,279296130.0,284854597.0,269389622.0,257032021.0,5,19,2,2022,0
5714,Virginia,2022-05-22,302860488.0,279296130.0,272520470.0,256856676.0,5,20,2,2022,0
7563,Virginia,2022-05-29,292593331.0,302860488.0,277964646.0,255221502.0,5,21,2,2022,0
2317,Virginia,2022-06-05,295835576.0,292593331.0,282253256.0,254210851.0,6,22,2,2022,0
2833,Virginia,2022-06-12,290185531.0,295835576.0,274802222.0,257365910.0,6,23,2,2022,0
4940,Virginia,2022-06-19,299528811.0,290185531.0,290727348.0,260709600.0,6,24,2,2022,0
6789,Virginia,2022-06-26,296107450.0,299528811.0,284854597.0,246183598.0,6,25,2,2022,0
2188,Virginia,2022-07-03,313281997.0,296107450.0,279296130.0,252428302.0,7,26,3,2022,0
2704,Virginia,2022-07-10,294810632.0,313281997.0,302860488.0,250214046.0,7,27,3,2022,0
4424,Virginia,2022-07-17,302418266.0,294810632.0,292593331.0,262572653.0,7,28,3,2022,0
6273,Virginia,2022-07-24,298574850.0,302418266.0,295835576.0,252987751.0,7,29,3,2022,0
8036,Virginia,2022-07-31,298870973.0,298574850.0,290185531.0,247570917.0,7,30,3,2022,0
2489,Virginia,2022-08-07,302468893.0,298870973.0,299528811.0,248898889.0,8,31,3,2022,0
3693,Virginia,2022-08-14,302020483.0,302468893.0,296107450.0,250857872.0,8,32,3,2022,0
5542,Virginia,2022-08-21,295293415.0,302020483.0,313281997.0,240630000.0,8,33,3,2022,0
7391,Virginia,2022-08-28,306222919.0,295293415.0,294810632.0,246332113.0,8,34,3,2022,0
2231,Virginia,2022-09-04,309506677.0,306222919.0,302418266.0,247718808.0,9,35,3,2022,0
2747,Virginia,2022-09-11,289237582.0,309506677.0,298574850.0,247796846.0,9,36,3,2022,0
4639,Virginia,2022-09-18,291679545.0,289237582.0,298870973.0,245704581.0,9,37,3,2022,0
6488,Virginia,2022-09-25,287218015.0,291679545.0,302468893.0,254539797.0,9,38,3,2022,0
2102,Virginia,2022-10-02,288864320.0,287218015.0,302020483.0,263806233.0,10,39,4,2022,0
2618,Virginia,2022-10-09,278024414.0,288864320.0,295293415.0,266351669.0,10,40,4,2022,0
4252,Virginia,2022-10-16,276442480.0,278024414.0,306222919.0,267757777.0,10,41,4,2022,0
6101,Virginia,2022-10-23,270821530.0,276442480.0,309506677.0,269389622.0,10,42,4,2022,0
7907,Virginia,2022-10-30,270254957.0,270821530.0,289237582.0,272520470.0,10,43,4,2022,0
2446,Virginia,2022-11-06,273249495.0,270254957.0,291679545.0,277964646.0,11,44,4,2022,0
3478,Virginia,2022-11-13,272549134.0,273249495.0,287218015.0,282253256.0,11,45,4,2022,0
5327,Virginia,2022-11-20,276320017.0,272549134.0,288864320.0,274802222.0,11,46,4,2022,0
7176,Virginia,2022-11-27,267855343.0,276320017.0,278024414.0,290727348.0,11,47,4,2022,0
2274,Virginia,2022-12-04,265354902.0,267855343.0,276442480.0,284854597.0,12,48,4,2022,0
2790,Virginia,2022-12-11,269510630.0,265354902.0,270821530.0,279296130.0,12,49,4,2022,0
4725,Virginia,2022-12-18,281170584.0,269510630.0,270254957.0,302860488.0,12,50,4,2022,0
6574,Virginia,2022-12-25,279780285.0,281170584.0,273249495.0,292593331.0,12,51,4,2022,0
2876,Virginia,2023-01-01,262853194.0,279780285.0,272549134.0,295835576.0,1,52,1,2023,0
3091,Virginia,2023-01-08,263411853.0,262853194.0,276320017.0,290185531.0,1,1,1,2023,0
3779,Virginia,2023-01-15,268174663.0,263411853.0,267855343.0,299528811.0,1,2,1,2023,0
5628,Virginia,2023-01-22,255636483.0,268174663.0,265354902.0,296107450.0,1,3,1,2023,0
7477,Virginia,2023-01-29,257988853.0,255636483.0,269510630.0,313281997.0,1,4,1,2023,0
2962,Virginia,2023-02-05,264660031.0,257988853.0,281170584.0,294810632.0,2,5,1,2023,0
3177,Virginia,2023-02-12,270253070.0,264660031.0,279780285.0,302418266.0,2,6,1,2023,0
4811,Virginia,2023-02-19,271129890.0,270253070.0,262853194.0,298574850.0,2,7,1,2023,0
6660,Virginia,2023-02-26,274063689.0,271129890.0,263411853.0,298870973.0,2,8,1,2023,0
3005,Virginia,2023-03-05,289520255.0,274063689.0,268174663.0,302468893.0,3,9,1,2023,0
3220,Virginia,2023-03-12,307916269.0,289520255.0,255636483.0,302020483.0,3,10,1,2023,0
4854,Virginia,2023-03-19,297202719.0,307916269.0,257988853.0,295293415.0,3,11,1,2023,0
6703,Virginia,2023-03-26,279532595.0,297202719.0,264660031.0,306222919.0,3,12,1,2023,0
2919,Virginia,2023-04-02,286229977.0,279532595.0,270253070.0,309506677.0,4,13,2,2023,0
3134,Virginia,2023-04-09,293839744.0,286229977.0,271129890.0,289237582.0,4,14,2,2023,0
4123,Virginia,2023-04-16,297359967.0,293839744.0,274063689.0,291679545.0,4,15,2,2023,0
5972,Virginia,2023-04-23,294647609.0,297359967.0,289520255.0,287218015.0,4,16,2,2023,0
7778,Virginia,2023-04-30,295973428.0,294647609.0,307916269.0,288864320.0,4,17,2,2023,0
3048,Virginia,2023-05-07,301772658.0,295973428.0,297202719.0,278024414.0,5,18,2,2023,0
125,Washington,2019-10-06,105763908.0,301772658.0,279532595.0,276442480.0,10,40,4,2019,0
3436,Washington,2019-10-13,104339594.0,105763908.0,286229977.0,270821530.0,10,41,4,2019,0
5285,Washington,2019-10-20,102402217.0,104339594.0,293839744.0,270254957.0,10,42,4,2019,0
7134,Washington,2019-10-27,99549903.0,102402217.0,297359967.0,273249495.0,10,43,4,2019,0
82,Washington,2019-11-03,101445077.0,99549903.0,294647609.0,272549134.0,11,44,4,2019,0
211,Washington,2019-11-10,102493531.0,101445077.0,295973428.0,276320017.0,11,45,4,2019,0
4511,Washington,2019-11-17,103838635.0,102493531.0,301772658.0,267855343.0,11,46,4,2019,0
6360,Washington,2019-11-24,103657674.0,103838635.0,105763908.0,265354902.0,11,47,4,2019,0
39,Washington,2019-12-01,100959342.0,103657674.0,104339594.0,269510630.0,12,48,4,2019,0
168,Washington,2019-12-08,102506228.0,100959342.0,102402217.0,281170584.0,12,49,4,2019,0
3995,Washington,2019-12-15,104798163.0,102506228.0,99549903.0,279780285.0,12,50,4,2019,0
5844,Washington,2019-12-22,113080403.0,104798163.0,101445077.0,262853194.0,12,51,4,2019,0
7693,Washington,2019-12-29,100706539.0,113080403.0,102493531.0,263411853.0,12,52,4,2019,0
512,Washington,2020-01-05,101422957.0,100706539.0,103838635.0,268174663.0,1,1,1,2020,0
1028,Washington,2020-01-12,103079612.0,101422957.0,103657674.0,255636483.0,1,2,1,2020,0
4769,Washington,2020-01-19,99153199.0,103079612.0,100959342.0,257988853.0,1,3,1,2020,0
6618,Washington,2020-01-26,99473246.0,99153199.0,102506228.0,264660031.0,1,4,1,2020,0
340,Washington,2020-02-02,104126832.0,99473246.0,104798163.0,270253070.0,2,5,1,2020,0
856,Washington,2020-02-09,104104167.0,104126832.0,113080403.0,271129890.0,2,6,1,2020,0
4081,Washington,2020-02-16,97362063.0,104104167.0,100706539.0,274063689.0,2,7,1,2020,0
5930,Washington,2020-02-23,99950409.0,97362063.0,101422957.0,289520255.0,2,8,1,2020,0
254,Washington,2020-03-01,107477573.0,99950409.0,103079612.0,307916269.0,3,9,1,2020,0
770,Washington,2020-03-08,111388535.0,107477573.0,99153199.0,297202719.0,3,10,1,2020,0
3823,Washington,2020-03-15,121698993.0,111388535.0,99473246.0,279532595.0,3,11,1,2020,0
5672,Washington,2020-03-22,119323649.0,121698993.0,104126832.0,286229977.0,3,12,1,2020,0
7521,Washington,2020-03-29,105643796.0,119323649.0,104104167.0,293839744.0,3,13,1,2020,0
555,Washington,2020-04-05,108192713.0,105643796.0,97362063.0,297359967.0,4,14,2,2020,0
1071,Washington,2020-04-12,110225508.0,108192713.0,99950409.0,294647609.0,4,15,2,2020,0
4898,Washington,2020-04-19,113724188.0,110225508.0,107477573.0,295973428.0,4,16,2,2020,0
6747,Washington,2020-04-26,109935675.0,113724188.0,111388535.0,301772658.0,4,17,2,2020,0
426,Washington,2020-05-03,118100977.0,109935675.0,121698993.0,105763908.0,5,18,2,2020,0
942,Washington,2020-05-10,127920488.0,118100977.0,119323649.0,104339594.0,5,19,2,2020,0
4382,Washington,2020-05-17,117697089.0,127920488.0,105643796.0,102402217.0,5,20,2,2020,0
6231,Washington,2020-05-24,120918669.0,117697089.0,108192713.0,99549903.0,5,21,2,2020,0
7994,Washington,2020-05-31,119281232.0,120918669.0,110225508.0,101445077.0,5,22,2,2020,0
727,Washington,2020-06-07,120382319.0,119281232.0,113724188.0,102493531.0,6,23,2,2020,0
3651,Washington,2020-06-14,123717766.0,120382319.0,109935675.0,103838635.0,6,24,2,2020,0
5500,Washington,2020-06-21,120673195.0,123717766.0,118100977.0,103657674.0,6,25,2,2020,0
7349,Washington,2020-06-28,124796648.0,120673195.0,127920488.0,100959342.0,6,26,2,2020,0
598,Washington,2020-07-05,125649881.0,124796648.0,117697089.0,102506228.0,7,27,3,2020,0
1114,Washington,2020-07-12,120901347.0,125649881.0,120918669.0,104798163.0,7,28,3,2020,0
4984,Washington,2020-07-19,126359721.0,120901347.0,119281232.0,113080403.0,7,29,3,2020,0
6833,Washington,2020-07-26,127771348.0,126359721.0,120382319.0,100706539.0,7,30,3,2020,0
383,Washington,2020-08-02,133188125.0,127771348.0,123717766.0,101422957.0,8,31,3,2020,0
899,Washington,2020-08-09,125952535.0,133188125.0,120673195.0,103079612.0,8,32,3,2020,0
4210,Washington,2020-08-16,126432915.0,125952535.0,124796648.0,99153199.0,8,33,3,2020,0
6059,Washington,2020-08-23,122110122.0,126432915.0,125649881.0,99473246.0,8,34,3,2020,0
7865,Washington,2020-08-30,124259318.0,122110122.0,120901347.0,104126832.0,8,35,3,2020,0
641,Washington,2020-09-06,124581759.0,124259318.0,126359721.0,104104167.0,9,36,3,2020,0
3393,Washington,2020-09-13,117662826.0,124581759.0,127771348.0,97362063.0,9,37,3,2020,0
5242,Washington,2020-09-20,111632322.0,117662826.0,133188125.0,99950409.0,9,38,3,2020,0
7091,Washington,2020-09-27,108526971.0,111632322.0,125952535.0,107477573.0,9,39,3,2020,0
469,Washington,2020-10-04,112825238.0,108526971.0,126432915.0,111388535.0,10,40,4,2020,0
985,Washington,2020-10-11,110684503.0,112825238.0,122110122.0,121698993.0,10,41,4,2020,0
4683,Washington,2020-10-18,106590824.0,110684503.0,124259318.0,119323649.0,10,42,4,2020,0
6532,Washington,2020-10-25,104835484.0,106590824.0,124581759.0,105643796.0,10,43,4,2020,0
297,Washington,2020-11-01,108548730.0,104835484.0,117662826.0,108192713.0,11,44,4,2020,0
813,Washington,2020-11-08,108425959.0,108548730.0,111632322.0,110225508.0,11,45,4,2020,0
3952,Washington,2020-11-15,107706417.0,108425959.0,108526971.0,113724188.0,11,46,4,2020,0
5801,Washington,2020-11-22,112227700.0,107706417.0,112825238.0,109935675.0,11,47,4,2020,0
7650,Washington,2020-11-29,105174025.0,112227700.0,110684503.0,118100977.0,11,48,4,2020,0
684,Washington,2020-12-06,107995295.0,105174025.0,106590824.0,127920488.0,12,49,4,2020,0
3522,Washington,2020-12-13,109944087.0,107995295.0,104835484.0,117697089.0,12,50,4,2020,0
5371,Washington,2020-12-20,116309572.0,109944087.0,108548730.0,120918669.0,12,51,4,2020,0
7220,Washington,2020-12-27,107114656.0,116309572.0,108425959.0,119281232.0,12,52,4,2020,0
1243,Washington,2021-01-03,108217572.0,107114656.0,107706417.0,120382319.0,1,53,1,2021,0
1759,Washington,2021-01-10,109823465.0,108217572.0,112227700.0,123717766.0,1,1,1,2021,0
4296,Washington,2021-01-17,106760567.0,109823465.0,105174025.0,120673195.0,1,2,1,2021,0
6145,Washington,2021-01-24,105331134.0,106760567.0,107995295.0,124796648.0,1,3,1,2021,0
7951,Washington,2021-01-31,106648446.0,105331134.0,109944087.0,125649881.0,1,4,1,2021,0
1544,Washington,2021-02-07,109182532.0,106648446.0,116309572.0,120901347.0,2,5,1,2021,0
3565,Washington,2021-02-14,106007769.0,109182532.0,107114656.0,126359721.0,2,6,1,2021,0
5414,Washington,2021-02-21,105673904.0,106007769.0,108217572.0,127771348.0,2,7,1,2021,0
7263,Washington,2021-02-28,111021561.0,105673904.0,109823465.0,133188125.0,2,8,1,2021,0
1587,Washington,2021-03-07,116941150.0,111021561.0,106760567.0,125952535.0,3,9,1,2021,0
3608,Washington,2021-03-14,127222360.0,116941150.0,105331134.0,126432915.0,3,10,1,2021,0
5457,Washington,2021-03-21,123748906.0,127222360.0,106648446.0,122110122.0,3,11,1,2021,0
7306,Washington,2021-03-28,109799217.0,123748906.0,109182532.0,124259318.0,3,12,1,2021,0
1329,Washington,2021-04-04,116874861.0,109799217.0,106007769.0,124581759.0,4,13,2,2021,0
1845,Washington,2021-04-11,118476152.0,116874861.0,105673904.0,117662826.0,4,14,2,2021,0
4554,Washington,2021-04-18,124594636.0,118476152.0,111021561.0,111632322.0,4,15,2,2021,0
6403,Washington,2021-04-25,120861513.0,124594636.0,116941150.0,108526971.0,4,16,2,2021,0
1200,Washington,2021-05-02,124200173.0,120861513.0,127222360.0,112825238.0,5,17,2,2021,0
1716,Washington,2021-05-09,130700689.0,124200173.0,123748906.0,110684503.0,5,18,2,2021,0
4167,Washington,2021-05-16,130615127.0,130700689.0,109799217.0,106590824.0,5,19,2,2021,0
6016,Washington,2021-05-23,126138211.0,130615127.0,116874861.0,104835484.0,5,20,2,2021,0
7822,Washington,2021-05-30,128402100.0,126138211.0,118476152.0,108548730.0,5,21,2,2021,0
1501,Washington,2021-06-06,130216903.0,128402100.0,124594636.0,108425959.0,6,22,2,2021,0
3350,Washington,2021-06-13,125357944.0,130216903.0,120861513.0,107706417.0,6,23,2,2021,0
5199,Washington,2021-06-20,134192933.0,125357944.0,124200173.0,112227700.0,6,24,2,2021,0
7048,Washington,2021-06-27,145342545.0,134192933.0,130700689.0,105174025.0,6,25,2,2021,0
1372,Washington,2021-07-04,142870874.0,145342545.0,130615127.0,107995295.0,7,26,3,2021,0
1888,Washington,2021-07-11,132607061.0,142870874.0,126138211.0,109944087.0,7,27,3,2021,0
4597,Washington,2021-07-18,137489728.0,132607061.0,128402100.0,116309572.0,7,28,3,2021,0
6446,Washington,2021-07-25,137360142.0,137489728.0,130216903.0,107114656.0,7,29,3,2021,0
1157,Washington,2021-08-01,142523539.0,137360142.0,125357944.0,108217572.0,8,30,3,2021,0
1673,Washington,2021-08-08,136393049.0,142523539.0,134192933.0,109823465.0,8,31,3,2021,0
3909,Washington,2021-08-15,140790143.0,136393049.0,145342545.0,106760567.0,8,32,3,2021,0
5758,Washington,2021-08-22,131807622.0,140790143.0,142870874.0,105331134.0,8,33,3,2021,0
7607,Washington,2021-08-29,128473713.0,131807622.0,132607061.0,106648446.0,8,34,3,2021,0
1415,Washington,2021-09-05,135333469.0,128473713.0,137489728.0,109182532.0,9,35,3,2021,0
1931,Washington,2021-09-12,129432392.0,135333469.0,137360142.0,106007769.0,9,36,3,2021,0
5027,Washington,2021-09-19,121231207.0,129432392.0,142523539.0,105673904.0,9,37,3,2021,0
6876,Washington,2021-09-26,119610947.0,121231207.0,136393049.0,111021561.0,9,38,3,2021,0
1286,Washington,2021-10-03,173143477.0,119610947.0,140790143.0,116941150.0,10,39,4,2021,0
1802,Washington,2021-10-10,170162893.0,173143477.0,131807622.0,127222360.0,10,40,4,2021,0
4468,Washington,2021-10-17,167421377.0,170162893.0,128473713.0,123748906.0,10,41,4,2021,0
6317,Washington,2021-10-24,163190223.0,167421377.0,135333469.0,109799217.0,10,42,4,2021,0
8080,Washington,2021-10-31,165155956.0,163190223.0,129432392.0,116874861.0,10,43,4,2021,0
1630,Washington,2021-11-07,164199928.0,165155956.0,121231207.0,118476152.0,11,44,4,2021,0
3737,Washington,2021-11-14,168652230.0,164199928.0,119610947.0,124594636.0,11,45,4,2021,0
5586,Washington,2021-11-21,170098808.0,168652230.0,173143477.0,120861513.0,11,46,4,2021,0
7435,Washington,2021-11-28,158370542.0,170098808.0,170162893.0,124200173.0,11,47,4,2021,0
1458,Washington,2021-12-05,164503607.0,158370542.0,167421377.0,130700689.0,12,48,4,2021,0
1974,Washington,2021-12-12,168854026.0,164503607.0,163190223.0,130615127.0,12,49,4,2021,0
5070,Washington,2021-12-19,177080923.0,168854026.0,165155956.0,126138211.0,12,50,4,2021,0
6919,Washington,2021-12-26,166593896.0,177080923.0,164199928.0,128402100.0,12,51,4,2021,0
2060,Washington,2022-01-02,161762010.0,166593896.0,168652230.0,130216903.0,1,52,1,2022,0
2576,Washington,2022-01-09,166032159.0,161762010.0,170098808.0,125357944.0,1,1,1,2022,0
4038,Washington,2022-01-16,167157717.0,166032159.0,158370542.0,134192933.0,1,2,1,2022,0
5887,Washington,2022-01-23,164346106.0,167157717.0,164503607.0,145342545.0,1,3,1,2022,0
7736,Washington,2022-01-30,164024827.0,164346106.0,168854026.0,142870874.0,1,4,1,2022,0
2361,Washington,2022-02-06,170138891.0,164024827.0,177080923.0,132607061.0,2,5,1,2022,0
3264,Washington,2022-02-13,163459979.0,170138891.0,166593896.0,137489728.0,2,6,1,2022,0
5113,Washington,2022-02-20,160798545.0,163459979.0,161762010.0,137360142.0,2,7,1,2022,0
6962,Washington,2022-02-27,165041501.0,160798545.0,166032159.0,142523539.0,2,8,1,2022,0
2404,Washington,2022-03-06,171832948.0,165041501.0,167157717.0,136393049.0,3,9,1,2022,0
3307,Washington,2022-03-13,172443375.0,171832948.0,164346106.0,140790143.0,3,10,1,2022,0
5156,Washington,2022-03-20,174739185.0,172443375.0,164024827.0,131807622.0,3,11,1,2022,0
7005,Washington,2022-03-27,172332060.0,174739185.0,170138891.0,128473713.0,3,12,1,2022,0
2146,Washington,2022-04-03,177811519.0,172332060.0,163459979.0,135333469.0,4,13,2,2022,0
2662,Washington,2022-04-10,173850320.0,177811519.0,160798545.0,129432392.0,4,14,2,2022,0
4339,Washington,2022-04-17,185583529.0,173850320.0,165041501.0,121231207.0,4,15,2,2022,0
6188,Washington,2022-04-24,177382652.0,185583529.0,171832948.0,119610947.0,4,16,2,2022,0
2017,Washington,2022-05-01,185282379.0,177382652.0,172443375.0,173143477.0,5,17,2,2022,0
2533,Washington,2022-05-08,191812755.0,185282379.0,174739185.0,170162893.0,5,18,2,2022,0
3866,Washington,2022-05-15,189038308.0,191812755.0,172332060.0,167421377.0,5,19,2,2022,0
5715,Washington,2022-05-22,187445495.0,189038308.0,177811519.0,163190223.0,5,20,2,2022,0
7564,Washington,2022-05-29,191419160.0,187445495.0,173850320.0,165155956.0,5,21,2,2022,0
2318,Washington,2022-06-05,192140102.0,191419160.0,185583529.0,164199928.0,6,22,2,2022,0
2834,Washington,2022-06-12,195542842.0,192140102.0,177382652.0,168652230.0,6,23,2,2022,0
4941,Washington,2022-06-19,194298028.0,195542842.0,185282379.0,170098808.0,6,24,2,2022,0
6790,Washington,2022-06-26,213212072.0,194298028.0,191812755.0,158370542.0,6,25,2,2022,0
2189,Washington,2022-07-03,213331560.0,213212072.0,189038308.0,164503607.0,7,26,3,2022,0
2705,Washington,2022-07-10,199809591.0,213331560.0,187445495.0,168854026.0,7,27,3,2022,0
4425,Washington,2022-07-17,202846648.0,199809591.0,191419160.0,177080923.0,7,28,3,2022,0
6274,Washington,2022-07-24,205218551.0,202846648.0,192140102.0,166593896.0,7,29,3,2022,0
8037,Washington,2022-07-31,216107723.0,205218551.0,195542842.0,161762010.0,7,30,3,2022,0
2490,Washington,2022-08-07,206136814.0,216107723.0,194298028.0,166032159.0,8,31,3,2022,0
3694,Washington,2022-08-14,207721411.0,206136814.0,213212072.0,167157717.0,8,32,3,2022,0
5543,Washington,2022-08-21,197668602.0,207721411.0,213331560.0,164346106.0,8,33,3,2022,0
7392,Washington,2022-08-28,198708266.0,197668602.0,199809591.0,164024827.0,8,34,3,2022,0
2232,Washington,2022-09-04,201258179.0,198708266.0,202846648.0,170138891.0,9,35,3,2022,0
2748,Washington,2022-09-11,191922359.0,201258179.0,205218551.0,163459979.0,9,36,3,2022,0
4640,Washington,2022-09-18,183687055.0,191922359.0,216107723.0,160798545.0,9,37,3,2022,0
6489,Washington,2022-09-25,181678982.0,183687055.0,206136814.0,165041501.0,9,38,3,2022,0
2103,Washington,2022-10-02,181472967.0,181678982.0,207721411.0,171832948.0,10,39,4,2022,0
2619,Washington,2022-10-09,181190007.0,181472967.0,197668602.0,172443375.0,10,40,4,2022,0
4253,Washington,2022-10-16,177515318.0,181190007.0,198708266.0,174739185.0,10,41,4,2022,0
6102,Washington,2022-10-23,172848242.0,177515318.0,201258179.0,172332060.0,10,42,4,2022,0
7908,Washington,2022-10-30,171748533.0,172848242.0,191922359.0,177811519.0,10,43,4,2022,0
2447,Washington,2022-11-06,172511051.0,171748533.0,183687055.0,173850320.0,11,44,4,2022,0
3479,Washington,2022-11-13,173273334.0,172511051.0,181678982.0,185583529.0,11,45,4,2022,0
5328,Washington,2022-11-20,180770466.0,173273334.0,181472967.0,177382652.0,11,46,4,2022,0
7177,Washington,2022-11-27,172251421.0,180770466.0,181190007.0,185282379.0,11,47,4,2022,0
2275,Washington,2022-12-04,170942767.0,172251421.0,177515318.0,191812755.0,12,48,4,2022,0
2791,Washington,2022-12-11,176451625.0,170942767.0,172848242.0,189038308.0,12,49,4,2022,0
4726,Washington,2022-12-18,185957278.0,176451625.0,171748533.0,187445495.0,12,50,4,2022,0
6575,Washington,2022-12-25,180973702.0,185957278.0,172511051.0,191419160.0,12,51,4,2022,0
2877,Washington,2023-01-01,167220717.0,180973702.0,173273334.0,192140102.0,1,52,1,2023,0
3092,Washington,2023-01-08,173888699.0,167220717.0,180770466.0,195542842.0,1,1,1,2023,0
3780,Washington,2023-01-15,173124788.0,173888699.0,172251421.0,194298028.0,1,2,1,2023,0
5629,Washington,2023-01-22,169139520.0,173124788.0,170942767.0,213212072.0,1,3,1,2023,0
7478,Washington,2023-01-29,170124244.0,169139520.0,176451625.0,213331560.0,1,4,1,2023,0
2963,Washington,2023-02-05,172039129.0,170124244.0,185957278.0,199809591.0,2,5,1,2023,0
3178,Washington,2023-02-12,178619260.0,172039129.0,180973702.0,202846648.0,2,6,1,2023,0
4812,Washington,2023-02-19,171916008.0,178619260.0,167220717.0,205218551.0,2,7,1,2023,0
6661,Washington,2023-02-26,174541337.0,171916008.0,173888699.0,216107723.0,2,8,1,2023,0
3006,Washington,2023-03-05,183342555.0,174541337.0,173124788.0,206136814.0,3,9,1,2023,0
3221,Washington,2023-03-12,193005316.0,183342555.0,169139520.0,207721411.0,3,10,1,2023,0
4855,Washington,2023-03-19,190162701.0,193005316.0,170124244.0,197668602.0,3,11,1,2023,0
6704,Washington,2023-03-26,177118420.0,190162701.0,172039129.0,198708266.0,3,12,1,2023,0
2920,Washington,2023-04-02,180139569.0,177118420.0,178619260.0,201258179.0,4,13,2,2023,0
3135,Washington,2023-04-09,189468341.0,180139569.0,171916008.0,191922359.0,4,14,2,2023,0
4124,Washington,2023-04-16,186078146.0,189468341.0,174541337.0,183687055.0,4,15,2,2023,0
5973,Washington,2023-04-23,183827308.0,186078146.0,183342555.0,181678982.0,4,16,2,2023,0
7779,Washington,2023-04-30,195255996.0,183827308.0,193005316.0,181472967.0,4,17,2,2023,0
3049,Washington,2023-05-07,201179479.0,195255996.0,190162701.0,181190007.0,5,18,2,2023,0
126,West Virginia,2019-10-06,45374729.0,201179479.0,177118420.0,177515318.0,10,40,4,2019,0
3437,West Virginia,2019-10-13,42164049.0,45374729.0,180139569.0,172848242.0,10,41,4,2019,0
5286,West Virginia,2019-10-20,38465749.0,42164049.0,189468341.0,171748533.0,10,42,4,2019,0
7135,West Virginia,2019-10-27,37769050.0,38465749.0,186078146.0,172511051.0,10,43,4,2019,0
83,West Virginia,2019-11-03,39411931.0,37769050.0,183827308.0,173273334.0,11,44,4,2019,0
212,West Virginia,2019-11-10,40368204.0,39411931.0,195255996.0,180770466.0,11,45,4,2019,0
4512,West Virginia,2019-11-17,38165784.0,40368204.0,201179479.0,172251421.0,11,46,4,2019,0
6361,West Virginia,2019-11-24,38850553.0,38165784.0,45374729.0,170942767.0,11,47,4,2019,0
40,West Virginia,2019-12-01,38228550.0,38850553.0,42164049.0,176451625.0,12,48,4,2019,0
169,West Virginia,2019-12-08,39876563.0,38228550.0,38465749.0,185957278.0,12,49,4,2019,0
3996,West Virginia,2019-12-15,39020265.0,39876563.0,37769050.0,180973702.0,12,50,4,2019,0
5845,West Virginia,2019-12-22,39733872.0,39020265.0,39411931.0,167220717.0,12,51,4,2019,0
7694,West Virginia,2019-12-29,37371772.0,39733872.0,40368204.0,173888699.0,12,52,4,2019,0
513,West Virginia,2020-01-05,39515530.0,37371772.0,38165784.0,173124788.0,1,1,1,2020,0
1029,West Virginia,2020-01-12,40469847.0,39515530.0,38850553.0,169139520.0,1,2,1,2020,0
4770,West Virginia,2020-01-19,37593550.0,40469847.0,38228550.0,170124244.0,1,3,1,2020,0
6619,West Virginia,2020-01-26,37000483.0,37593550.0,39876563.0,172039129.0,1,4,1,2020,0
341,West Virginia,2020-02-02,37965137.0,37000483.0,39020265.0,178619260.0,2,5,1,2020,0
857,West Virginia,2020-02-09,40027527.0,37965137.0,39733872.0,171916008.0,2,6,1,2020,0
4082,West Virginia,2020-02-16,37831285.0,40027527.0,37371772.0,174541337.0,2,7,1,2020,0
5931,West Virginia,2020-02-23,37679972.0,37831285.0,39515530.0,183342555.0,2,8,1,2020,0
255,West Virginia,2020-03-01,41365082.0,37679972.0,40469847.0,193005316.0,3,9,1,2020,0
771,West Virginia,2020-03-08,42542348.0,41365082.0,37593550.0,190162701.0,3,10,1,2020,0
3824,West Virginia,2020-03-15,46329093.0,42542348.0,37000483.0,177118420.0,3,11,1,2020,0
5673,West Virginia,2020-03-22,45742605.0,46329093.0,37965137.0,180139569.0,3,12,1,2020,0
7522,West Virginia,2020-03-29,39704240.0,45742605.0,40027527.0,189468341.0,3,13,1,2020,0
556,West Virginia,2020-04-05,42406844.0,39704240.0,37831285.0,186078146.0,4,14,2,2020,0
1072,West Virginia,2020-04-12,44622626.0,42406844.0,37679972.0,183827308.0,4,15,2,2020,0
4899,West Virginia,2020-04-19,42088579.0,44622626.0,41365082.0,195255996.0,4,16,2,2020,0
6748,West Virginia,2020-04-26,41845671.0,42088579.0,42542348.0,201179479.0,4,17,2,2020,0
427,West Virginia,2020-05-03,45386372.0,41845671.0,46329093.0,45374729.0,5,18,2,2020,0
943,West Virginia,2020-05-10,46665321.0,45386372.0,45742605.0,42164049.0,5,19,2,2020,0
4383,West Virginia,2020-05-17,45314230.0,46665321.0,39704240.0,38465749.0,5,20,2,2020,0
6232,West Virginia,2020-05-24,47497210.0,45314230.0,42406844.0,37769050.0,5,21,2,2020,0
7995,West Virginia,2020-05-31,47049173.0,47497210.0,44622626.0,39411931.0,5,22,2,2020,0
728,West Virginia,2020-06-07,49346856.0,47049173.0,42088579.0,40368204.0,6,23,2,2020,0
3652,West Virginia,2020-06-14,48300537.0,49346856.0,41845671.0,38165784.0,6,24,2,2020,0
5501,West Virginia,2020-06-21,45134452.0,48300537.0,45386372.0,38850553.0,6,25,2,2020,0
7350,West Virginia,2020-06-28,46802342.0,45134452.0,46665321.0,38228550.0,6,26,2,2020,0
599,West Virginia,2020-07-05,51979692.0,46802342.0,45314230.0,39876563.0,7,27,3,2020,0
1115,West Virginia,2020-07-12,48877614.0,51979692.0,47497210.0,39020265.0,7,28,3,2020,0
4985,West Virginia,2020-07-19,48445591.0,48877614.0,47049173.0,39733872.0,7,29,3,2020,0
6834,West Virginia,2020-07-26,46086420.0,48445591.0,49346856.0,37371772.0,7,30,3,2020,0
384,West Virginia,2020-08-02,46797382.0,46086420.0,48300537.0,39515530.0,8,31,3,2020,0
900,West Virginia,2020-08-09,48388940.0,46797382.0,45134452.0,40469847.0,8,32,3,2020,0
4211,West Virginia,2020-08-16,47556679.0,48388940.0,46802342.0,37593550.0,8,33,3,2020,0
6060,West Virginia,2020-08-23,45580542.0,47556679.0,51979692.0,37000483.0,8,34,3,2020,0
7866,West Virginia,2020-08-30,45367765.0,45580542.0,48877614.0,37965137.0,8,35,3,2020,0
642,West Virginia,2020-09-06,47293907.0,45367765.0,48445591.0,40027527.0,9,36,3,2020,0
3394,West Virginia,2020-09-13,47551030.0,47293907.0,46086420.0,37831285.0,9,37,3,2020,0
5243,West Virginia,2020-09-20,43912690.0,47551030.0,46797382.0,37679972.0,9,38,3,2020,0
7092,West Virginia,2020-09-27,43194334.0,43912690.0,48388940.0,41365082.0,9,39,3,2020,0
470,West Virginia,2020-10-04,45261604.0,43194334.0,47556679.0,42542348.0,10,40,4,2020,0
986,West Virginia,2020-10-11,44576952.0,45261604.0,45580542.0,46329093.0,10,41,4,2020,0
4684,West Virginia,2020-10-18,41723665.0,44576952.0,45367765.0,45742605.0,10,42,4,2020,0
6533,West Virginia,2020-10-25,41389497.0,41723665.0,47293907.0,39704240.0,10,43,4,2020,0
298,West Virginia,2020-11-01,40916621.0,41389497.0,47551030.0,42406844.0,11,44,4,2020,0
814,West Virginia,2020-11-08,43413285.0,40916621.0,43912690.0,44622626.0,11,45,4,2020,0
3953,West Virginia,2020-11-15,42156657.0,43413285.0,43194334.0,42088579.0,11,46,4,2020,0
5802,West Virginia,2020-11-22,41861134.0,42156657.0,45261604.0,41845671.0,11,47,4,2020,0
7651,West Virginia,2020-11-29,40189419.0,41861134.0,44576952.0,45386372.0,11,48,4,2020,0
685,West Virginia,2020-12-06,40731935.0,40189419.0,41723665.0,46665321.0,12,49,4,2020,0
3523,West Virginia,2020-12-13,41513427.0,40731935.0,41389497.0,45314230.0,12,50,4,2020,0
5372,West Virginia,2020-12-20,40782924.0,41513427.0,40916621.0,47497210.0,12,51,4,2020,0
7221,West Virginia,2020-12-27,39476417.0,40782924.0,43413285.0,47049173.0,12,52,4,2020,0
1244,West Virginia,2021-01-03,40991525.0,39476417.0,42156657.0,49346856.0,1,53,1,2021,0
1760,West Virginia,2021-01-10,43127643.0,40991525.0,41861134.0,48300537.0,1,1,1,2021,0
4297,West Virginia,2021-01-17,41657173.0,43127643.0,40189419.0,45134452.0,1,2,1,2021,0
6146,West Virginia,2021-01-24,38830025.0,41657173.0,40731935.0,46802342.0,1,3,1,2021,0
7952,West Virginia,2021-01-31,39954309.0,38830025.0,41513427.0,51979692.0,1,4,1,2021,0
1545,West Virginia,2021-02-07,42616214.0,39954309.0,40782924.0,48877614.0,2,5,1,2021,0
3566,West Virginia,2021-02-14,40975558.0,42616214.0,39476417.0,48445591.0,2,6,1,2021,0
5415,West Virginia,2021-02-21,39287973.0,40975558.0,40991525.0,46086420.0,2,7,1,2021,0
7264,West Virginia,2021-02-28,41951629.0,39287973.0,43127643.0,46797382.0,2,8,1,2021,0
1588,West Virginia,2021-03-07,45879562.0,41951629.0,41657173.0,48388940.0,3,9,1,2021,0
3609,West Virginia,2021-03-14,49643332.0,45879562.0,38830025.0,47556679.0,3,10,1,2021,0
5458,West Virginia,2021-03-21,49317077.0,49643332.0,39954309.0,45580542.0,3,11,1,2021,0
7307,West Virginia,2021-03-28,43325118.0,49317077.0,42616214.0,45367765.0,3,12,1,2021,0
1330,West Virginia,2021-04-04,45228378.0,43325118.0,40975558.0,47293907.0,4,13,2,2021,0
1846,West Virginia,2021-04-11,48967242.0,45228378.0,39287973.0,47551030.0,4,14,2,2021,0
4555,West Virginia,2021-04-18,44790017.0,48967242.0,41951629.0,43912690.0,4,15,2,2021,0
6404,West Virginia,2021-04-25,45503832.0,44790017.0,45879562.0,43194334.0,4,16,2,2021,0
1201,West Virginia,2021-05-02,47731133.0,45503832.0,49643332.0,45261604.0,5,17,2,2021,0
1717,West Virginia,2021-05-09,49087005.0,47731133.0,49317077.0,44576952.0,5,18,2,2021,0
4168,West Virginia,2021-05-16,48565502.0,49087005.0,43325118.0,41723665.0,5,19,2,2021,0
6017,West Virginia,2021-05-23,50637719.0,48565502.0,45228378.0,41389497.0,5,20,2,2021,0
7823,West Virginia,2021-05-30,51141617.0,50637719.0,48967242.0,40916621.0,5,21,2,2021,0
1502,West Virginia,2021-06-06,52005187.0,51141617.0,44790017.0,43413285.0,6,22,2,2021,0
3351,West Virginia,2021-06-13,52441621.0,52005187.0,45503832.0,42156657.0,6,23,2,2021,0
5200,West Virginia,2021-06-20,49020132.0,52441621.0,47731133.0,41861134.0,6,24,2,2021,0
7049,West Virginia,2021-06-27,48647523.0,49020132.0,49087005.0,40189419.0,6,25,2,2021,0
1373,West Virginia,2021-07-04,53976213.0,48647523.0,48565502.0,40731935.0,7,26,3,2021,0
1889,West Virginia,2021-07-11,51681309.0,53976213.0,50637719.0,41513427.0,7,27,3,2021,0
4598,West Virginia,2021-07-18,51619195.0,51681309.0,51141617.0,40782924.0,7,28,3,2021,0
6447,West Virginia,2021-07-25,50587313.0,51619195.0,52005187.0,39476417.0,7,29,3,2021,0
1158,West Virginia,2021-08-01,50588393.0,50587313.0,52441621.0,40991525.0,8,30,3,2021,0
1674,West Virginia,2021-08-08,51784540.0,50588393.0,49020132.0,43127643.0,8,31,3,2021,0
3910,West Virginia,2021-08-15,51606383.0,51784540.0,48647523.0,41657173.0,8,32,3,2021,0
5759,West Virginia,2021-08-22,48217705.0,51606383.0,53976213.0,38830025.0,8,33,3,2021,0
7608,West Virginia,2021-08-29,49288112.0,48217705.0,51681309.0,39954309.0,8,34,3,2021,0
1416,West Virginia,2021-09-05,49298765.0,49288112.0,51619195.0,42616214.0,9,35,3,2021,0
1932,West Virginia,2021-09-12,49584877.0,49298765.0,50587313.0,40975558.0,9,36,3,2021,0
5028,West Virginia,2021-09-19,48024040.0,49584877.0,50588393.0,39287973.0,9,37,3,2021,0
6877,West Virginia,2021-09-26,45557693.0,48024040.0,51784540.0,41951629.0,9,38,3,2021,0
1287,West Virginia,2021-10-03,67883113.0,45557693.0,51606383.0,45879562.0,10,39,4,2021,0
1803,West Virginia,2021-10-10,70399280.0,67883113.0,48217705.0,49643332.0,10,40,4,2021,0
4469,West Virginia,2021-10-17,66043678.0,70399280.0,49288112.0,49317077.0,10,41,4,2021,0
6318,West Virginia,2021-10-24,63842049.0,66043678.0,49298765.0,43325118.0,10,42,4,2021,0
8081,West Virginia,2021-10-31,63324231.0,63842049.0,49584877.0,45228378.0,10,43,4,2021,0
1631,West Virginia,2021-11-07,67251490.0,63324231.0,48024040.0,48967242.0,11,44,4,2021,0
3738,West Virginia,2021-11-14,66612660.0,67251490.0,45557693.0,44790017.0,11,45,4,2021,0
5587,West Virginia,2021-11-21,65121440.0,66612660.0,67883113.0,45503832.0,11,46,4,2021,0
7436,West Virginia,2021-11-28,60973907.0,65121440.0,70399280.0,47731133.0,11,47,4,2021,0
1459,West Virginia,2021-12-05,64272871.0,60973907.0,66043678.0,49087005.0,12,48,4,2021,0
1975,West Virginia,2021-12-12,65040774.0,64272871.0,63842049.0,48565502.0,12,49,4,2021,0
5071,West Virginia,2021-12-19,65395194.0,65040774.0,63324231.0,50637719.0,12,50,4,2021,0
6920,West Virginia,2021-12-26,62894154.0,65395194.0,67251490.0,51141617.0,12,51,4,2021,0
2061,West Virginia,2022-01-02,62574613.0,62894154.0,66612660.0,52005187.0,1,52,1,2022,0
2577,West Virginia,2022-01-09,65536847.0,62574613.0,65121440.0,52441621.0,1,1,1,2022,0
4039,West Virginia,2022-01-16,65977530.0,65536847.0,60973907.0,49020132.0,1,2,1,2022,0
5888,West Virginia,2022-01-23,59321562.0,65977530.0,64272871.0,48647523.0,1,3,1,2022,0
7737,West Virginia,2022-01-30,60682206.0,59321562.0,65040774.0,53976213.0,1,4,1,2022,0
2362,West Virginia,2022-02-06,65299885.0,60682206.0,65395194.0,51681309.0,2,5,1,2022,0
3265,West Virginia,2022-02-13,65081501.0,65299885.0,62894154.0,51619195.0,2,6,1,2022,0
5114,West Virginia,2022-02-20,61789071.0,65081501.0,62574613.0,50587313.0,2,7,1,2022,0
6963,West Virginia,2022-02-27,66154613.0,61789071.0,65536847.0,50588393.0,2,8,1,2022,0
2405,West Virginia,2022-03-06,69455420.0,66154613.0,65977530.0,51784540.0,3,9,1,2022,0
3308,West Virginia,2022-03-13,69900352.0,69455420.0,59321562.0,51606383.0,3,10,1,2022,0
5157,West Virginia,2022-03-20,67501870.0,69900352.0,60682206.0,48217705.0,3,11,1,2022,0
7006,West Virginia,2022-03-27,67529122.0,67501870.0,65299885.0,49288112.0,3,12,1,2022,0
2147,West Virginia,2022-04-03,69274026.0,67529122.0,65081501.0,49298765.0,4,13,2,2022,0
2663,West Virginia,2022-04-10,74097573.0,69274026.0,61789071.0,49584877.0,4,14,2,2022,0
4340,West Virginia,2022-04-17,72078836.0,74097573.0,66154613.0,48024040.0,4,15,2,2022,0
6189,West Virginia,2022-04-24,68168618.0,72078836.0,69455420.0,45557693.0,4,16,2,2022,0
2018,West Virginia,2022-05-01,72863254.0,68168618.0,69900352.0,67883113.0,5,17,2,2022,0
2534,West Virginia,2022-05-08,74749669.0,72863254.0,67501870.0,70399280.0,5,18,2,2022,0
3867,West Virginia,2022-05-15,73227904.0,74749669.0,67529122.0,66043678.0,5,19,2,2022,0
5716,West Virginia,2022-05-22,75824754.0,73227904.0,69274026.0,63842049.0,5,20,2,2022,0
7565,West Virginia,2022-05-29,72996966.0,75824754.0,74097573.0,63324231.0,5,21,2,2022,0
2319,West Virginia,2022-06-05,75400185.0,72996966.0,72078836.0,67251490.0,6,22,2,2022,0
2835,West Virginia,2022-06-12,74937530.0,75400185.0,68168618.0,66612660.0,6,23,2,2022,0
4942,West Virginia,2022-06-19,73102634.0,74937530.0,72863254.0,65121440.0,6,24,2,2022,0
6791,West Virginia,2022-06-26,72747321.0,73102634.0,74749669.0,60973907.0,6,25,2,2022,0
2190,West Virginia,2022-07-03,78622911.0,72747321.0,73227904.0,64272871.0,7,26,3,2022,0
2706,West Virginia,2022-07-10,76261142.0,78622911.0,75824754.0,65040774.0,7,27,3,2022,0
4426,West Virginia,2022-07-17,75992653.0,76261142.0,72996966.0,65395194.0,7,28,3,2022,0
6275,West Virginia,2022-07-24,73511310.0,75992653.0,75400185.0,62894154.0,7,29,3,2022,0
8038,West Virginia,2022-07-31,74698082.0,73511310.0,74937530.0,62574613.0,7,30,3,2022,0
2491,West Virginia,2022-08-07,78282945.0,74698082.0,73102634.0,65536847.0,8,31,3,2022,0
3695,West Virginia,2022-08-14,77673203.0,78282945.0,72747321.0,65977530.0,8,32,3,2022,0
5544,West Virginia,2022-08-21,73275469.0,77673203.0,78622911.0,59321562.0,8,33,3,2022,0
7393,West Virginia,2022-08-28,76344248.0,73275469.0,76261142.0,60682206.0,8,34,3,2022,0
2233,West Virginia,2022-09-04,77349828.0,76344248.0,75992653.0,65299885.0,9,35,3,2022,0
2749,West Virginia,2022-09-11,76050201.0,77349828.0,73511310.0,65081501.0,9,36,3,2022,0
4641,West Virginia,2022-09-18,74104004.0,76050201.0,74698082.0,61789071.0,9,37,3,2022,0
6490,West Virginia,2022-09-25,70874506.0,74104004.0,78282945.0,66154613.0,9,38,3,2022,0
2104,West Virginia,2022-10-02,71932125.0,70874506.0,77673203.0,69455420.0,10,39,4,2022,0
2620,West Virginia,2022-10-09,74190182.0,71932125.0,73275469.0,69900352.0,10,40,4,2022,0
4254,West Virginia,2022-10-16,70746845.0,74190182.0,76344248.0,67501870.0,10,41,4,2022,0
6103,West Virginia,2022-10-23,67673967.0,70746845.0,77349828.0,67529122.0,10,42,4,2022,0
7909,West Virginia,2022-10-30,67504383.0,67673967.0,76050201.0,69274026.0,10,43,4,2022,0
2448,West Virginia,2022-11-06,70416470.0,67504383.0,74104004.0,74097573.0,11,44,4,2022,0
3480,West Virginia,2022-11-13,70382175.0,70416470.0,70874506.0,72078836.0,11,45,4,2022,0
5329,West Virginia,2022-11-20,67479595.0,70382175.0,71932125.0,68168618.0,11,46,4,2022,0
7178,West Virginia,2022-11-27,66490665.0,67479595.0,74190182.0,72863254.0,11,47,4,2022,0
2276,West Virginia,2022-12-04,67049392.0,66490665.0,70746845.0,74749669.0,12,48,4,2022,0
2792,West Virginia,2022-12-11,70499335.0,67049392.0,67673967.0,73227904.0,12,49,4,2022,0
4727,West Virginia,2022-12-18,69850626.0,70499335.0,67504383.0,75824754.0,12,50,4,2022,0
6576,West Virginia,2022-12-25,70641050.0,69850626.0,70416470.0,72996966.0,12,51,4,2022,0
2878,West Virginia,2023-01-01,65687268.0,70641050.0,70382175.0,75400185.0,1,52,1,2023,0
3093,West Virginia,2023-01-08,69959953.0,65687268.0,67479595.0,74937530.0,1,1,1,2023,0
3781,West Virginia,2023-01-15,69952896.0,69959953.0,66490665.0,73102634.0,1,2,1,2023,0
5630,West Virginia,2023-01-22,63364499.0,69952896.0,67049392.0,72747321.0,1,3,1,2023,0
7479,West Virginia,2023-01-29,65045343.0,63364499.0,70499335.0,78622911.0,1,4,1,2023,0
2964,West Virginia,2023-02-05,69293480.0,65045343.0,69850626.0,76261142.0,2,5,1,2023,0
3179,West Virginia,2023-02-12,71515363.0,69293480.0,70641050.0,75992653.0,2,6,1,2023,0
4813,West Virginia,2023-02-19,69092458.0,71515363.0,65687268.0,73511310.0,2,7,1,2023,0
6662,West Virginia,2023-02-26,69679104.0,69092458.0,69959953.0,74698082.0,2,8,1,2023,0
3007,West Virginia,2023-03-05,75067825.0,69679104.0,69952896.0,78282945.0,3,9,1,2023,0
3222,West Virginia,2023-03-12,78255741.0,75067825.0,63364499.0,77673203.0,3,10,1,2023,0
4856,West Virginia,2023-03-19,75107018.0,78255741.0,65045343.0,73275469.0,3,11,1,2023,0
6705,West Virginia,2023-03-26,69340958.0,75107018.0,69293480.0,76344248.0,3,12,1,2023,0
2921,West Virginia,2023-04-02,71158238.0,69340958.0,71515363.0,77349828.0,4,13,2,2023,0
3136,West Virginia,2023-04-09,78461254.0,71158238.0,69092458.0,76050201.0,4,14,2,2023,0
4125,West Virginia,2023-04-16,76094026.0,78461254.0,69679104.0,74104004.0,4,15,2,2023,0
5974,West Virginia,2023-04-23,74040229.0,76094026.0,75067825.0,70874506.0,4,16,2,2023,0
7780,West Virginia,2023-04-30,75759703.0,74040229.0,78255741.0,71932125.0,4,17,2,2023,0
3050,West Virginia,2023-05-07,79297110.0,75759703.0,75107018.0,74190182.0,5,18,2,2023,0
127,Wisconsin,2019-10-06,86707757.0,79297110.0,69340958.0,70746845.0,10,40,4,2019,0
3438,Wisconsin,2019-10-13,87339997.0,86707757.0,71158238.0,67673967.0,10,41,4,2019,0
5287,Wisconsin,2019-10-20,86378292.0,87339997.0,78461254.0,67504383.0,10,42,4,2019,0
7136,Wisconsin,2019-10-27,84847392.0,86378292.0,76094026.0,70416470.0,10,43,4,2019,0
84,Wisconsin,2019-11-03,84430400.0,84847392.0,74040229.0,70382175.0,11,44,4,2019,0
213,Wisconsin,2019-11-10,84657735.0,84430400.0,75759703.0,67479595.0,11,45,4,2019,0
4513,Wisconsin,2019-11-17,86704220.0,84657735.0,79297110.0,66490665.0,11,46,4,2019,0
6362,Wisconsin,2019-11-24,88143657.0,86704220.0,86707757.0,67049392.0,11,47,4,2019,0
41,Wisconsin,2019-12-01,84291416.0,88143657.0,87339997.0,70499335.0,12,48,4,2019,0
170,Wisconsin,2019-12-08,85157244.0,84291416.0,86378292.0,69850626.0,12,49,4,2019,0
3997,Wisconsin,2019-12-15,87736175.0,85157244.0,84847392.0,70641050.0,12,50,4,2019,0
5846,Wisconsin,2019-12-22,94516988.0,87736175.0,84430400.0,65687268.0,12,51,4,2019,0
7695,Wisconsin,2019-12-29,86541497.0,94516988.0,84657735.0,69959953.0,12,52,4,2019,0
514,Wisconsin,2020-01-05,83982215.0,86541497.0,86704220.0,69952896.0,1,1,1,2020,0
1030,Wisconsin,2020-01-12,83210541.0,83982215.0,88143657.0,63364499.0,1,2,1,2020,0
4771,Wisconsin,2020-01-19,82278527.0,83210541.0,84291416.0,65045343.0,1,3,1,2020,0
6620,Wisconsin,2020-01-26,83227979.0,82278527.0,85157244.0,69293480.0,1,4,1,2020,0
342,Wisconsin,2020-02-02,83991230.0,83227979.0,87736175.0,71515363.0,2,5,1,2020,0
858,Wisconsin,2020-02-09,84231046.0,83991230.0,94516988.0,69092458.0,2,6,1,2020,0
4083,Wisconsin,2020-02-16,84046257.0,84231046.0,86541497.0,69679104.0,2,7,1,2020,0
5932,Wisconsin,2020-02-23,85512528.0,84046257.0,83982215.0,75067825.0,2,8,1,2020,0
256,Wisconsin,2020-03-01,87040926.0,85512528.0,83210541.0,78255741.0,3,9,1,2020,0
772,Wisconsin,2020-03-08,91238415.0,87040926.0,82278527.0,75107018.0,3,10,1,2020,0
3825,Wisconsin,2020-03-15,99213111.0,91238415.0,83227979.0,69340958.0,3,11,1,2020,0
5674,Wisconsin,2020-03-22,99225509.0,99213111.0,83991230.0,71158238.0,3,12,1,2020,0
7523,Wisconsin,2020-03-29,85948011.0,99225509.0,84231046.0,78461254.0,3,13,1,2020,0
557,Wisconsin,2020-04-05,89055839.0,85948011.0,84046257.0,76094026.0,4,14,2,2020,0
1073,Wisconsin,2020-04-12,91410184.0,89055839.0,85512528.0,74040229.0,4,15,2,2020,0
4900,Wisconsin,2020-04-19,94645463.0,91410184.0,87040926.0,75759703.0,4,16,2,2020,0
6749,Wisconsin,2020-04-26,93598196.0,94645463.0,91238415.0,79297110.0,4,17,2,2020,0
428,Wisconsin,2020-05-03,96537163.0,93598196.0,99213111.0,86707757.0,5,18,2,2020,0
944,Wisconsin,2020-05-10,99683246.0,96537163.0,99225509.0,87339997.0,5,19,2,2020,0
4384,Wisconsin,2020-05-17,100460331.0,99683246.0,85948011.0,86378292.0,5,20,2,2020,0
6233,Wisconsin,2020-05-24,104290445.0,100460331.0,89055839.0,84847392.0,5,21,2,2020,0
7996,Wisconsin,2020-05-31,102166025.0,104290445.0,91410184.0,84430400.0,5,22,2,2020,0
729,Wisconsin,2020-06-07,108556200.0,102166025.0,94645463.0,84657735.0,6,23,2,2020,0
3653,Wisconsin,2020-06-14,103936089.0,108556200.0,93598196.0,86704220.0,6,24,2,2020,0
5502,Wisconsin,2020-06-21,104650456.0,103936089.0,96537163.0,88143657.0,6,25,2,2020,0
7351,Wisconsin,2020-06-28,105545957.0,104650456.0,99683246.0,84291416.0,6,26,2,2020,0
600,Wisconsin,2020-07-05,117400252.0,105545957.0,100460331.0,85157244.0,7,27,3,2020,0
1116,Wisconsin,2020-07-12,106306977.0,117400252.0,104290445.0,87736175.0,7,28,3,2020,0
4986,Wisconsin,2020-07-19,106809376.0,106306977.0,102166025.0,94516988.0,7,29,3,2020,0
6835,Wisconsin,2020-07-26,103471927.0,106809376.0,108556200.0,86541497.0,7,30,3,2020,0
385,Wisconsin,2020-08-02,103478200.0,103471927.0,103936089.0,83982215.0,8,31,3,2020,0
901,Wisconsin,2020-08-09,102730958.0,103478200.0,104650456.0,83210541.0,8,32,3,2020,0
4212,Wisconsin,2020-08-16,103504572.0,102730958.0,105545957.0,82278527.0,8,33,3,2020,0
6061,Wisconsin,2020-08-23,101400234.0,103504572.0,117400252.0,83227979.0,8,34,3,2020,0
7867,Wisconsin,2020-08-30,101921350.0,101400234.0,106306977.0,83991230.0,8,35,3,2020,0
643,Wisconsin,2020-09-06,98563733.0,101921350.0,106809376.0,84231046.0,9,36,3,2020,0
3395,Wisconsin,2020-09-13,91732869.0,98563733.0,103471927.0,84046257.0,9,37,3,2020,0
5244,Wisconsin,2020-09-20,93763066.0,91732869.0,103478200.0,85512528.0,9,38,3,2020,0
7093,Wisconsin,2020-09-27,93904749.0,93763066.0,102730958.0,87040926.0,9,39,3,2020,0
471,Wisconsin,2020-10-04,90455369.0,93904749.0,103504572.0,91238415.0,10,40,4,2020,0
987,Wisconsin,2020-10-11,93108850.0,90455369.0,101400234.0,99213111.0,10,41,4,2020,0
4685,Wisconsin,2020-10-18,91154751.0,93108850.0,101921350.0,99225509.0,10,42,4,2020,0
6534,Wisconsin,2020-10-25,87616975.0,91154751.0,98563733.0,85948011.0,10,43,4,2020,0
299,Wisconsin,2020-11-01,88525014.0,87616975.0,91732869.0,89055839.0,11,44,4,2020,0
815,Wisconsin,2020-11-08,92131295.0,88525014.0,93763066.0,91410184.0,11,45,4,2020,0
3954,Wisconsin,2020-11-15,91348926.0,92131295.0,93904749.0,94645463.0,11,46,4,2020,0
5803,Wisconsin,2020-11-22,94058186.0,91348926.0,90455369.0,93598196.0,11,47,4,2020,0
7652,Wisconsin,2020-11-29,90350458.0,94058186.0,93108850.0,96537163.0,11,48,4,2020,0
686,Wisconsin,2020-12-06,88707905.0,90350458.0,91154751.0,99683246.0,12,49,4,2020,0
3524,Wisconsin,2020-12-13,91542956.0,88707905.0,87616975.0,100460331.0,12,50,4,2020,0
5373,Wisconsin,2020-12-20,96028971.0,91542956.0,88525014.0,104290445.0,12,51,4,2020,0
7222,Wisconsin,2020-12-27,93388621.0,96028971.0,92131295.0,102166025.0,12,52,4,2020,0
1245,Wisconsin,2021-01-03,88536901.0,93388621.0,91348926.0,108556200.0,1,53,1,2021,0
1761,Wisconsin,2021-01-10,88958125.0,88536901.0,94058186.0,103936089.0,1,1,1,2021,0
4298,Wisconsin,2021-01-17,88841230.0,88958125.0,90350458.0,104650456.0,1,2,1,2021,0
6147,Wisconsin,2021-01-24,87496019.0,88841230.0,88707905.0,105545957.0,1,3,1,2021,0
7953,Wisconsin,2021-01-31,91152284.0,87496019.0,91542956.0,117400252.0,1,4,1,2021,0
1546,Wisconsin,2021-02-07,89954240.0,91152284.0,96028971.0,106306977.0,2,5,1,2021,0
3567,Wisconsin,2021-02-14,87410704.0,89954240.0,93388621.0,106809376.0,2,6,1,2021,0
5416,Wisconsin,2021-02-21,89602440.0,87410704.0,88536901.0,103471927.0,2,7,1,2021,0
7265,Wisconsin,2021-02-28,92603139.0,89602440.0,88958125.0,103478200.0,2,8,1,2021,0
1589,Wisconsin,2021-03-07,95380231.0,92603139.0,88841230.0,102730958.0,3,9,1,2021,0
3610,Wisconsin,2021-03-14,104992937.0,95380231.0,87496019.0,103504572.0,3,10,1,2021,0
5459,Wisconsin,2021-03-21,104751735.0,104992937.0,91152284.0,101400234.0,3,11,1,2021,0
7308,Wisconsin,2021-03-28,91098857.0,104751735.0,89954240.0,101921350.0,3,12,1,2021,0
1331,Wisconsin,2021-04-04,97437647.0,91098857.0,87410704.0,98563733.0,4,13,2,2021,0
1847,Wisconsin,2021-04-11,97690434.0,97437647.0,89602440.0,91732869.0,4,14,2,2021,0
4556,Wisconsin,2021-04-18,96311141.0,97690434.0,92603139.0,93763066.0,4,15,2,2021,0
6405,Wisconsin,2021-04-25,98740462.0,96311141.0,95380231.0,93904749.0,4,16,2,2021,0
1202,Wisconsin,2021-05-02,104492144.0,98740462.0,104992937.0,90455369.0,5,17,2,2021,0
1718,Wisconsin,2021-05-09,106201021.0,104492144.0,104751735.0,93108850.0,5,18,2,2021,0
4169,Wisconsin,2021-05-16,105651321.0,106201021.0,91098857.0,91154751.0,5,19,2,2021,0
6018,Wisconsin,2021-05-23,110768074.0,105651321.0,97437647.0,87616975.0,5,20,2,2021,0
7824,Wisconsin,2021-05-30,111868990.0,110768074.0,97690434.0,88525014.0,5,21,2,2021,0
1503,Wisconsin,2021-06-06,116249339.0,111868990.0,96311141.0,92131295.0,6,22,2,2021,0
3352,Wisconsin,2021-06-13,117237118.0,116249339.0,98740462.0,91348926.0,6,23,2,2021,0
5201,Wisconsin,2021-06-20,116460896.0,117237118.0,104492144.0,94058186.0,6,24,2,2021,0
7050,Wisconsin,2021-06-27,108722468.0,116460896.0,106201021.0,90350458.0,6,25,2,2021,0
1374,Wisconsin,2021-07-04,124132664.0,108722468.0,105651321.0,88707905.0,7,26,3,2021,0
1890,Wisconsin,2021-07-11,110894630.0,124132664.0,110768074.0,91542956.0,7,27,3,2021,0
4599,Wisconsin,2021-07-18,110798379.0,110894630.0,111868990.0,96028971.0,7,28,3,2021,0
6448,Wisconsin,2021-07-25,111772603.0,110798379.0,116249339.0,93388621.0,7,29,3,2021,0
1159,Wisconsin,2021-08-01,110769411.0,111772603.0,117237118.0,88536901.0,8,30,3,2021,0
1675,Wisconsin,2021-08-08,108184148.0,110769411.0,116460896.0,88958125.0,8,31,3,2021,0
3911,Wisconsin,2021-08-15,111276411.0,108184148.0,108722468.0,88841230.0,8,32,3,2021,0
5760,Wisconsin,2021-08-22,111059083.0,111276411.0,124132664.0,87496019.0,8,33,3,2021,0
7609,Wisconsin,2021-08-29,110814558.0,111059083.0,110894630.0,91152284.0,8,34,3,2021,0
1417,Wisconsin,2021-09-05,111532492.0,110814558.0,110798379.0,89954240.0,9,35,3,2021,0
1933,Wisconsin,2021-09-12,101391587.0,111532492.0,111772603.0,87410704.0,9,36,3,2021,0
5029,Wisconsin,2021-09-19,102505710.0,101391587.0,110769411.0,89602440.0,9,37,3,2021,0
6878,Wisconsin,2021-09-26,102265249.0,102505710.0,108184148.0,92603139.0,9,38,3,2021,0
1288,Wisconsin,2021-10-03,145142676.0,102265249.0,111276411.0,95380231.0,10,39,4,2021,0
1804,Wisconsin,2021-10-10,144063095.0,145142676.0,111059083.0,104992937.0,10,40,4,2021,0
4470,Wisconsin,2021-10-17,141440058.0,144063095.0,110814558.0,104751735.0,10,41,4,2021,0
6319,Wisconsin,2021-10-24,139449132.0,141440058.0,111532492.0,91098857.0,10,42,4,2021,0
8082,Wisconsin,2021-10-31,138373769.0,139449132.0,101391587.0,97437647.0,10,43,4,2021,0
1632,Wisconsin,2021-11-07,140427908.0,138373769.0,102505710.0,97690434.0,11,44,4,2021,0
3739,Wisconsin,2021-11-14,144043738.0,140427908.0,102265249.0,96311141.0,11,45,4,2021,0
5588,Wisconsin,2021-11-21,144661079.0,144043738.0,145142676.0,98740462.0,11,46,4,2021,0
7437,Wisconsin,2021-11-28,137384512.0,144661079.0,144063095.0,104492144.0,11,47,4,2021,0
1460,Wisconsin,2021-12-05,136574079.0,137384512.0,141440058.0,106201021.0,12,48,4,2021,0
1976,Wisconsin,2021-12-12,141935220.0,136574079.0,139449132.0,105651321.0,12,49,4,2021,0
5072,Wisconsin,2021-12-19,148776921.0,141935220.0,138373769.0,110768074.0,12,50,4,2021,0
6921,Wisconsin,2021-12-26,145243901.0,148776921.0,140427908.0,111868990.0,12,51,4,2021,0
2062,Wisconsin,2022-01-02,137051597.0,145243901.0,144043738.0,116249339.0,1,52,1,2022,0
2578,Wisconsin,2022-01-09,133988048.0,137051597.0,144661079.0,117237118.0,1,1,1,2022,0
4040,Wisconsin,2022-01-16,138091774.0,133988048.0,137384512.0,116460896.0,1,2,1,2022,0
5889,Wisconsin,2022-01-23,138088477.0,138091774.0,136574079.0,108722468.0,1,3,1,2022,0
7738,Wisconsin,2022-01-30,139017541.0,138088477.0,141935220.0,124132664.0,1,4,1,2022,0
2363,Wisconsin,2022-02-06,138271158.0,139017541.0,148776921.0,110894630.0,2,5,1,2022,0
3266,Wisconsin,2022-02-13,139412016.0,138271158.0,145243901.0,110798379.0,2,6,1,2022,0
5115,Wisconsin,2022-02-20,140249085.0,139412016.0,137051597.0,111772603.0,2,7,1,2022,0
6964,Wisconsin,2022-02-27,141695532.0,140249085.0,133988048.0,110769411.0,2,8,1,2022,0
2406,Wisconsin,2022-03-06,144612058.0,141695532.0,138091774.0,108184148.0,3,9,1,2022,0
3309,Wisconsin,2022-03-13,143274356.0,144612058.0,138088477.0,111276411.0,3,10,1,2022,0
5158,Wisconsin,2022-03-20,144371738.0,143274356.0,139017541.0,111059083.0,3,11,1,2022,0
7007,Wisconsin,2022-03-27,143698515.0,144371738.0,138271158.0,110814558.0,3,12,1,2022,0
2148,Wisconsin,2022-04-03,148790635.0,143698515.0,139412016.0,111532492.0,4,13,2,2022,0
2664,Wisconsin,2022-04-10,147485688.0,148790635.0,140249085.0,101391587.0,4,14,2,2022,0
4341,Wisconsin,2022-04-17,154578677.0,147485688.0,141695532.0,102505710.0,4,15,2,2022,0
6190,Wisconsin,2022-04-24,146967859.0,154578677.0,144612058.0,102265249.0,4,16,2,2022,0
2019,Wisconsin,2022-05-01,152496195.0,146967859.0,143274356.0,145142676.0,5,17,2,2022,0
2535,Wisconsin,2022-05-08,156608949.0,152496195.0,144371738.0,144063095.0,5,18,2,2022,0
3868,Wisconsin,2022-05-15,164745922.0,156608949.0,143698515.0,141440058.0,5,19,2,2022,0
5717,Wisconsin,2022-05-22,165614107.0,164745922.0,148790635.0,139449132.0,5,20,2,2022,0
7566,Wisconsin,2022-05-29,165984431.0,165614107.0,147485688.0,138373769.0,5,21,2,2022,0
2320,Wisconsin,2022-06-05,170291439.0,165984431.0,154578677.0,140427908.0,6,22,2,2022,0
2836,Wisconsin,2022-06-12,169388310.0,170291439.0,146967859.0,144043738.0,6,23,2,2022,0
4943,Wisconsin,2022-06-19,173919687.0,169388310.0,152496195.0,144661079.0,6,24,2,2022,0
6792,Wisconsin,2022-06-26,170159445.0,173919687.0,156608949.0,137384512.0,6,25,2,2022,0
2191,Wisconsin,2022-07-03,181212901.0,170159445.0,164745922.0,136574079.0,7,26,3,2022,0
2707,Wisconsin,2022-07-10,167227740.0,181212901.0,165614107.0,141935220.0,7,27,3,2022,0
4427,Wisconsin,2022-07-17,169197846.0,167227740.0,165984431.0,148776921.0,7,28,3,2022,0
6276,Wisconsin,2022-07-24,171737769.0,169197846.0,170291439.0,145243901.0,7,29,3,2022,0
8039,Wisconsin,2022-07-31,168619060.0,171737769.0,169388310.0,137051597.0,7,30,3,2022,0
2492,Wisconsin,2022-08-07,167300996.0,168619060.0,173919687.0,133988048.0,8,31,3,2022,0
3696,Wisconsin,2022-08-14,163347700.0,167300996.0,170159445.0,138091774.0,8,32,3,2022,0
5545,Wisconsin,2022-08-21,163579799.0,163347700.0,181212901.0,138088477.0,8,33,3,2022,0
7394,Wisconsin,2022-08-28,164951299.0,163579799.0,167227740.0,139017541.0,8,34,3,2022,0
2234,Wisconsin,2022-09-04,168076195.0,164951299.0,169197846.0,138271158.0,9,35,3,2022,0
2750,Wisconsin,2022-09-11,156684671.0,168076195.0,171737769.0,139412016.0,9,36,3,2022,0
4642,Wisconsin,2022-09-18,156284474.0,156684671.0,168619060.0,140249085.0,9,37,3,2022,0
6491,Wisconsin,2022-09-25,153506964.0,156284474.0,167300996.0,141695532.0,9,38,3,2022,0
2105,Wisconsin,2022-10-02,151968250.0,153506964.0,163347700.0,144612058.0,10,39,4,2022,0
2621,Wisconsin,2022-10-09,152510846.0,151968250.0,163579799.0,143274356.0,10,40,4,2022,0
4255,Wisconsin,2022-10-16,149052272.0,152510846.0,164951299.0,144371738.0,10,41,4,2022,0
6104,Wisconsin,2022-10-23,149625338.0,149052272.0,168076195.0,143698515.0,10,42,4,2022,0
7910,Wisconsin,2022-10-30,146529936.0,149625338.0,156684671.0,148790635.0,10,43,4,2022,0
2449,Wisconsin,2022-11-06,145964568.0,146529936.0,156284474.0,147485688.0,11,44,4,2022,0
3481,Wisconsin,2022-11-13,148390555.0,145964568.0,153506964.0,154578677.0,11,45,4,2022,0
5330,Wisconsin,2022-11-20,152474912.0,148390555.0,151968250.0,146967859.0,11,46,4,2022,0
7179,Wisconsin,2022-11-27,150635816.0,152474912.0,152510846.0,152496195.0,11,47,4,2022,0
2277,Wisconsin,2022-12-04,142193070.0,150635816.0,149052272.0,156608949.0,12,48,4,2022,0
2793,Wisconsin,2022-12-11,147823738.0,142193070.0,149625338.0,164745922.0,12,49,4,2022,0
4728,Wisconsin,2022-12-18,155791297.0,147823738.0,146529936.0,165614107.0,12,50,4,2022,0
6577,Wisconsin,2022-12-25,161068988.0,155791297.0,145964568.0,165984431.0,12,51,4,2022,0
2879,Wisconsin,2023-01-01,142641458.0,161068988.0,148390555.0,170291439.0,1,52,1,2023,0
3094,Wisconsin,2023-01-08,140556535.0,142641458.0,152474912.0,169388310.0,1,1,1,2023,0
3782,Wisconsin,2023-01-15,142879650.0,140556535.0,150635816.0,173919687.0,1,2,1,2023,0
5631,Wisconsin,2023-01-22,141574072.0,142879650.0,142193070.0,170159445.0,1,3,1,2023,0
7480,Wisconsin,2023-01-29,144952624.0,141574072.0,147823738.0,181212901.0,1,4,1,2023,0
2965,Wisconsin,2023-02-05,145493912.0,144952624.0,155791297.0,167227740.0,2,5,1,2023,0
3180,Wisconsin,2023-02-12,150103507.0,145493912.0,161068988.0,169197846.0,2,6,1,2023,0
4814,Wisconsin,2023-02-19,149355707.0,150103507.0,142641458.0,171737769.0,2,7,1,2023,0
6663,Wisconsin,2023-02-26,147986205.0,149355707.0,140556535.0,168619060.0,2,8,1,2023,0
3008,Wisconsin,2023-03-05,153305059.0,147986205.0,142879650.0,167300996.0,3,9,1,2023,0
3223,Wisconsin,2023-03-12,161762846.0,153305059.0,141574072.0,163347700.0,3,10,1,2023,0
4857,Wisconsin,2023-03-19,160997581.0,161762846.0,144952624.0,163579799.0,3,11,1,2023,0
6706,Wisconsin,2023-03-26,146433104.0,160997581.0,145493912.0,164951299.0,3,12,1,2023,0
2922,Wisconsin,2023-04-02,148877959.0,146433104.0,150103507.0,168076195.0,4,13,2,2023,0
3137,Wisconsin,2023-04-09,158992907.0,148877959.0,149355707.0,156684671.0,4,14,2,2023,0
4126,Wisconsin,2023-04-16,162525239.0,158992907.0,147986205.0,156284474.0,4,15,2,2023,0
5975,Wisconsin,2023-04-23,155482743.0,162525239.0,153305059.0,153506964.0,4,16,2,2023,0
7781,Wisconsin,2023-04-30,162200446.0,155482743.0,161762846.0,151968250.0,4,17,2,2023,0
3051,Wisconsin,2023-05-07,167233104.0,162200446.0,160997581.0,152510846.0,5,18,2,2023,0
128,Wyoming,2019-10-06,12906407.0,167233104.0,146433104.0,149052272.0,10,40,4,2019,0
3439,Wyoming,2019-10-13,12182099.0,12906407.0,148877959.0,149625338.0,10,41,4,2019,0
5288,Wyoming,2019-10-20,12461447.0,12182099.0,158992907.0,146529936.0,10,42,4,2019,0
7137,Wyoming,2019-10-27,12136073.0,12461447.0,162525239.0,145964568.0,10,43,4,2019,0
85,Wyoming,2019-11-03,11816719.0,12136073.0,155482743.0,148390555.0,11,44,4,2019,0
214,Wyoming,2019-11-10,12021378.0,11816719.0,162200446.0,152474912.0,11,45,4,2019,0
4514,Wyoming,2019-11-17,12048604.0,12021378.0,167233104.0,150635816.0,11,46,4,2019,0
6363,Wyoming,2019-11-24,11965099.0,12048604.0,12906407.0,142193070.0,11,47,4,2019,0
42,Wyoming,2019-12-01,11479225.0,11965099.0,12182099.0,147823738.0,12,48,4,2019,0
171,Wyoming,2019-12-08,11820203.0,11479225.0,12461447.0,155791297.0,12,49,4,2019,0
3998,Wyoming,2019-12-15,12078295.0,11820203.0,12136073.0,161068988.0,12,50,4,2019,0
5847,Wyoming,2019-12-22,12814748.0,12078295.0,11816719.0,142641458.0,12,51,4,2019,0
7696,Wyoming,2019-12-29,11653245.0,12814748.0,12021378.0,140556535.0,12,52,4,2019,0
515,Wyoming,2020-01-05,11764975.0,11653245.0,12048604.0,142879650.0,1,1,1,2020,0
1031,Wyoming,2020-01-12,11771635.0,11764975.0,11965099.0,141574072.0,1,2,1,2020,0
4772,Wyoming,2020-01-19,11686723.0,11771635.0,11479225.0,144952624.0,1,3,1,2020,0
6621,Wyoming,2020-01-26,11777732.0,11686723.0,11820203.0,145493912.0,1,4,1,2020,0
343,Wyoming,2020-02-02,12232547.0,11777732.0,12078295.0,150103507.0,2,5,1,2020,0
859,Wyoming,2020-02-09,11651381.0,12232547.0,12814748.0,149355707.0,2,6,1,2020,0
4084,Wyoming,2020-02-16,11769943.0,11651381.0,11653245.0,147986205.0,2,7,1,2020,0
5933,Wyoming,2020-02-23,11856643.0,11769943.0,11764975.0,153305059.0,2,8,1,2020,0
257,Wyoming,2020-03-01,12575446.0,11856643.0,11771635.0,161762846.0,3,9,1,2020,0
773,Wyoming,2020-03-08,13026247.0,12575446.0,11686723.0,160997581.0,3,10,1,2020,0
3826,Wyoming,2020-03-15,13765269.0,13026247.0,11777732.0,146433104.0,3,11,1,2020,0
5675,Wyoming,2020-03-22,13280268.0,13765269.0,12232547.0,148877959.0,3,12,1,2020,0
7524,Wyoming,2020-03-29,12158058.0,13280268.0,11651381.0,158992907.0,3,13,1,2020,0
558,Wyoming,2020-04-05,12759776.0,12158058.0,11769943.0,162525239.0,4,14,2,2020,0
1074,Wyoming,2020-04-12,12499053.0,12759776.0,11856643.0,155482743.0,4,15,2,2020,0
4901,Wyoming,2020-04-19,12815883.0,12499053.0,12575446.0,162200446.0,4,16,2,2020,0
6750,Wyoming,2020-04-26,13110749.0,12815883.0,13026247.0,167233104.0,4,17,2,2020,0
429,Wyoming,2020-05-03,13831896.0,13110749.0,13765269.0,12906407.0,5,18,2,2020,0
945,Wyoming,2020-05-10,13542037.0,13831896.0,13280268.0,12182099.0,5,19,2,2020,0
4385,Wyoming,2020-05-17,13754300.0,13542037.0,12158058.0,12461447.0,5,20,2,2020,0
6234,Wyoming,2020-05-24,14021484.0,13754300.0,12759776.0,12136073.0,5,21,2,2020,0
7997,Wyoming,2020-05-31,14228464.0,14021484.0,12499053.0,11816719.0,5,22,2,2020,0
730,Wyoming,2020-06-07,15536011.0,14228464.0,12815883.0,12021378.0,6,23,2,2020,0
3654,Wyoming,2020-06-14,15317087.0,15536011.0,13110749.0,12048604.0,6,24,2,2020,0
5503,Wyoming,2020-06-21,14818330.0,15317087.0,13831896.0,11965099.0,6,25,2,2020,0
7352,Wyoming,2020-06-28,16040050.0,14818330.0,13542037.0,11479225.0,6,26,2,2020,0
601,Wyoming,2020-07-05,16803920.0,16040050.0,13754300.0,11820203.0,7,27,3,2020,0
1117,Wyoming,2020-07-12,16021548.0,16803920.0,14021484.0,12078295.0,7,28,3,2020,0
4987,Wyoming,2020-07-19,16371053.0,16021548.0,14228464.0,12814748.0,7,29,3,2020,0
6836,Wyoming,2020-07-26,16038079.0,16371053.0,15536011.0,11653245.0,7,30,3,2020,0
386,Wyoming,2020-08-02,15876121.0,16038079.0,15317087.0,11764975.0,8,31,3,2020,0
902,Wyoming,2020-08-09,16228537.0,15876121.0,14818330.0,11771635.0,8,32,3,2020,0
4213,Wyoming,2020-08-16,15832146.0,16228537.0,16040050.0,11686723.0,8,33,3,2020,0
6062,Wyoming,2020-08-23,15464859.0,15832146.0,16803920.0,11777732.0,8,34,3,2020,0
7868,Wyoming,2020-08-30,14990103.0,15464859.0,16021548.0,12232547.0,8,35,3,2020,0
644,Wyoming,2020-09-06,15331993.0,14990103.0,16371053.0,11651381.0,9,36,3,2020,0
3396,Wyoming,2020-09-13,13782139.0,15331993.0,16038079.0,11769943.0,9,37,3,2020,0
5245,Wyoming,2020-09-20,14227153.0,13782139.0,15876121.0,11856643.0,9,38,3,2020,0
7094,Wyoming,2020-09-27,13709820.0,14227153.0,16228537.0,12575446.0,9,39,3,2020,0
472,Wyoming,2020-10-04,13837191.0,13709820.0,15832146.0,13026247.0,10,40,4,2020,0
988,Wyoming,2020-10-11,13688789.0,13837191.0,15464859.0,13765269.0,10,41,4,2020,0
4686,Wyoming,2020-10-18,13060879.0,13688789.0,14990103.0,13280268.0,10,42,4,2020,0
6535,Wyoming,2020-10-25,12396055.0,13060879.0,15331993.0,12158058.0,10,43,4,2020,0
300,Wyoming,2020-11-01,12429956.0,12396055.0,13782139.0,12759776.0,11,44,4,2020,0
816,Wyoming,2020-11-08,13085742.0,12429956.0,14227153.0,12499053.0,11,45,4,2020,0
3955,Wyoming,2020-11-15,12346349.0,13085742.0,13709820.0,12815883.0,11,46,4,2020,0
5804,Wyoming,2020-11-22,12776668.0,12346349.0,13837191.0,13110749.0,11,47,4,2020,0
7653,Wyoming,2020-11-29,11916096.0,12776668.0,13688789.0,13831896.0,11,48,4,2020,0
687,Wyoming,2020-12-06,12267039.0,11916096.0,13060879.0,13542037.0,12,49,4,2020,0
3525,Wyoming,2020-12-13,12499163.0,12267039.0,12396055.0,13754300.0,12,50,4,2020,0
5374,Wyoming,2020-12-20,12978665.0,12499163.0,12429956.0,14021484.0,12,51,4,2020,0
7223,Wyoming,2020-12-27,12368154.0,12978665.0,13085742.0,14228464.0,12,52,4,2020,0
1246,Wyoming,2021-01-03,12255352.0,12368154.0,12346349.0,15536011.0,1,53,1,2021,0
1762,Wyoming,2021-01-10,12464569.0,12255352.0,12776668.0,15317087.0,1,1,1,2021,0
4299,Wyoming,2021-01-17,12324836.0,12464569.0,11916096.0,14818330.0,1,2,1,2021,0
6148,Wyoming,2021-01-24,12243267.0,12324836.0,12267039.0,16040050.0,1,3,1,2021,0
7954,Wyoming,2021-01-31,12380809.0,12243267.0,12499163.0,16803920.0,1,4,1,2021,0
1547,Wyoming,2021-02-07,12460755.0,12380809.0,12978665.0,16021548.0,2,5,1,2021,0
3568,Wyoming,2021-02-14,11857725.0,12460755.0,12368154.0,16371053.0,2,6,1,2021,0
5417,Wyoming,2021-02-21,12206507.0,11857725.0,12255352.0,16038079.0,2,7,1,2021,0
7266,Wyoming,2021-02-28,12722268.0,12206507.0,12464569.0,15876121.0,2,8,1,2021,0
1590,Wyoming,2021-03-07,13776276.0,12722268.0,12324836.0,16228537.0,3,9,1,2021,0
3611,Wyoming,2021-03-14,14429850.0,13776276.0,12243267.0,15832146.0,3,10,1,2021,0
5460,Wyoming,2021-03-21,13373539.0,14429850.0,12380809.0,15464859.0,3,11,1,2021,0
7309,Wyoming,2021-03-28,12786513.0,13373539.0,12460755.0,14990103.0,3,12,1,2021,0
1332,Wyoming,2021-04-04,13424499.0,12786513.0,11857725.0,15331993.0,4,13,2,2021,0
1848,Wyoming,2021-04-11,13322350.0,13424499.0,12206507.0,13782139.0,4,14,2,2021,0
4557,Wyoming,2021-04-18,13013595.0,13322350.0,12722268.0,14227153.0,4,15,2,2021,0
6406,Wyoming,2021-04-25,13628281.0,13013595.0,13776276.0,13709820.0,4,16,2,2021,0
1203,Wyoming,2021-05-02,14533147.0,13628281.0,14429850.0,13837191.0,5,17,2,2021,0
1719,Wyoming,2021-05-09,14375411.0,14533147.0,13373539.0,13688789.0,5,18,2,2021,0
4170,Wyoming,2021-05-16,14116462.0,14375411.0,12786513.0,13060879.0,5,19,2,2021,0
6019,Wyoming,2021-05-23,14893983.0,14116462.0,13424499.0,12396055.0,5,20,2,2021,0
7825,Wyoming,2021-05-30,15279759.0,14893983.0,13322350.0,12429956.0,5,21,2,2021,0
1504,Wyoming,2021-06-06,16692900.0,15279759.0,13013595.0,13085742.0,6,22,2,2021,0
3353,Wyoming,2021-06-13,16682966.0,16692900.0,13628281.0,12346349.0,6,23,2,2021,0
5202,Wyoming,2021-06-20,16736238.0,16682966.0,14533147.0,12776668.0,6,24,2,2021,0
7051,Wyoming,2021-06-27,16368765.0,16736238.0,14375411.0,11916096.0,6,25,2,2021,0
1375,Wyoming,2021-07-04,17873033.0,16368765.0,14116462.0,12267039.0,7,26,3,2021,0
1891,Wyoming,2021-07-11,16955935.0,17873033.0,14893983.0,12499163.0,7,27,3,2021,0
4600,Wyoming,2021-07-18,17100529.0,16955935.0,15279759.0,12978665.0,7,28,3,2021,0
6449,Wyoming,2021-07-25,17069849.0,17100529.0,16692900.0,12368154.0,7,29,3,2021,0
1160,Wyoming,2021-08-01,16465111.0,17069849.0,16682966.0,12255352.0,8,30,3,2021,0
1676,Wyoming,2021-08-08,17021149.0,16465111.0,16736238.0,12464569.0,8,31,3,2021,0
3912,Wyoming,2021-08-15,16898618.0,17021149.0,16368765.0,12324836.0,8,32,3,2021,0
5761,Wyoming,2021-08-22,16109259.0,16898618.0,17873033.0,12243267.0,8,33,3,2021,0
7610,Wyoming,2021-08-29,15228529.0,16109259.0,16955935.0,12380809.0,8,34,3,2021,0
1418,Wyoming,2021-09-05,15998475.0,15228529.0,17100529.0,12460755.0,9,35,3,2021,0
1934,Wyoming,2021-09-12,14814966.0,15998475.0,17069849.0,11857725.0,9,36,3,2021,0
5030,Wyoming,2021-09-19,14998006.0,14814966.0,16465111.0,12206507.0,9,37,3,2021,0
6879,Wyoming,2021-09-26,14524620.0,14998006.0,17021149.0,12722268.0,9,38,3,2021,0
1289,Wyoming,2021-10-03,21168304.0,14524620.0,16898618.0,13776276.0,10,39,4,2021,0
1805,Wyoming,2021-10-10,20630874.0,21168304.0,16109259.0,14429850.0,10,40,4,2021,0
4471,Wyoming,2021-10-17,19626614.0,20630874.0,15228529.0,13373539.0,10,41,4,2021,0
6320,Wyoming,2021-10-24,19280840.0,19626614.0,15998475.0,12786513.0,10,42,4,2021,0
8083,Wyoming,2021-10-31,19126432.0,19280840.0,14814966.0,13424499.0,10,43,4,2021,0
1633,Wyoming,2021-11-07,19442598.0,19126432.0,14998006.0,13322350.0,11,44,4,2021,0
3740,Wyoming,2021-11-14,18964164.0,19442598.0,14524620.0,13013595.0,11,45,4,2021,0
5589,Wyoming,2021-11-21,19314003.0,18964164.0,21168304.0,13628281.0,11,46,4,2021,0
7438,Wyoming,2021-11-28,18555036.0,19314003.0,20630874.0,14533147.0,11,47,4,2021,0
1461,Wyoming,2021-12-05,18970923.0,18555036.0,19626614.0,14375411.0,12,48,4,2021,0
1977,Wyoming,2021-12-12,19117619.0,18970923.0,19280840.0,14116462.0,12,49,4,2021,0
5073,Wyoming,2021-12-19,19943649.0,19117619.0,19126432.0,14893983.0,12,50,4,2021,0
6922,Wyoming,2021-12-26,19421555.0,19943649.0,19442598.0,15279759.0,12,51,4,2021,0
2063,Wyoming,2022-01-02,18558114.0,19421555.0,18964164.0,16692900.0,1,52,1,2022,0
2579,Wyoming,2022-01-09,19060213.0,18558114.0,19314003.0,16682966.0,1,1,1,2022,0
4041,Wyoming,2022-01-16,19293884.0,19060213.0,18555036.0,16736238.0,1,2,1,2022,0
5890,Wyoming,2022-01-23,18742366.0,19293884.0,18970923.0,16368765.0,1,3,1,2022,0
7739,Wyoming,2022-01-30,19087435.0,18742366.0,19117619.0,17873033.0,1,4,1,2022,0
2364,Wyoming,2022-02-06,19332637.0,19087435.0,19943649.0,16955935.0,2,5,1,2022,0
3267,Wyoming,2022-02-13,18750807.0,19332637.0,19421555.0,17100529.0,2,6,1,2022,0
5116,Wyoming,2022-02-20,18726525.0,18750807.0,18558114.0,17069849.0,2,7,1,2022,0
6965,Wyoming,2022-02-27,19316739.0,18726525.0,19060213.0,16465111.0,2,8,1,2022,0
2407,Wyoming,2022-03-06,20806984.0,19316739.0,19293884.0,17021149.0,3,9,1,2022,0
3310,Wyoming,2022-03-13,19684154.0,20806984.0,18742366.0,16898618.0,3,10,1,2022,0
5159,Wyoming,2022-03-20,19868982.0,19684154.0,19087435.0,16109259.0,3,11,1,2022,0
7008,Wyoming,2022-03-27,19955137.0,19868982.0,19332637.0,15228529.0,3,12,1,2022,0
2149,Wyoming,2022-04-03,20758233.0,19955137.0,18750807.0,15998475.0,4,13,2,2022,0
2665,Wyoming,2022-04-10,20264842.0,20758233.0,18726525.0,14814966.0,4,14,2,2022,0
4342,Wyoming,2022-04-17,20243209.0,20264842.0,19316739.0,14998006.0,4,15,2,2022,0
6191,Wyoming,2022-04-24,20089693.0,20243209.0,20806984.0,14524620.0,4,16,2,2022,0
2020,Wyoming,2022-05-01,21096833.0,20089693.0,19684154.0,21168304.0,5,17,2,2022,0
2536,Wyoming,2022-05-08,21531689.0,21096833.0,19868982.0,20630874.0,5,18,2,2022,0
3869,Wyoming,2022-05-15,21616613.0,21531689.0,19955137.0,19626614.0,5,19,2,2022,0
5718,Wyoming,2022-05-22,21585248.0,21616613.0,20758233.0,19280840.0,5,20,2,2022,0
7567,Wyoming,2022-05-29,22541744.0,21585248.0,20264842.0,19126432.0,5,21,2,2022,0
2321,Wyoming,2022-06-05,24100158.0,22541744.0,20243209.0,19442598.0,6,22,2,2022,0
2837,Wyoming,2022-06-12,24664630.0,24100158.0,20089693.0,18964164.0,6,23,2,2022,0
4944,Wyoming,2022-06-19,24740091.0,24664630.0,21096833.0,19314003.0,6,24,2,2022,0
6793,Wyoming,2022-06-26,24498523.0,24740091.0,21531689.0,18555036.0,6,25,2,2022,0
2192,Wyoming,2022-07-03,26235911.0,24498523.0,21616613.0,18970923.0,7,26,3,2022,0
2708,Wyoming,2022-07-10,25544968.0,26235911.0,21585248.0,19117619.0,7,27,3,2022,0
4428,Wyoming,2022-07-17,25693764.0,25544968.0,22541744.0,19943649.0,7,28,3,2022,0
6277,Wyoming,2022-07-24,26000871.0,25693764.0,24100158.0,19421555.0,7,29,3,2022,0
8040,Wyoming,2022-07-31,25244641.0,26000871.0,24664630.0,18558114.0,7,30,3,2022,0
2493,Wyoming,2022-08-07,25201050.0,25244641.0,24740091.0,19060213.0,8,31,3,2022,0
3697,Wyoming,2022-08-14,24566757.0,25201050.0,24498523.0,19293884.0,8,32,3,2022,0
5546,Wyoming,2022-08-21,23638624.0,24566757.0,26235911.0,18742366.0,8,33,3,2022,0
7395,Wyoming,2022-08-28,22936352.0,23638624.0,25544968.0,19087435.0,8,34,3,2022,0
2235,Wyoming,2022-09-04,24172878.0,22936352.0,25693764.0,19332637.0,9,35,3,2022,0
2751,Wyoming,2022-09-11,22719550.0,24172878.0,26000871.0,18750807.0,9,36,3,2022,0
4643,Wyoming,2022-09-18,22254099.0,22719550.0,25244641.0,18726525.0,9,37,3,2022,0
6492,Wyoming,2022-09-25,21497707.0,22254099.0,25201050.0,19316739.0,9,38,3,2022,0
2106,Wyoming,2022-10-02,21704018.0,21497707.0,24566757.0,20806984.0,10,39,4,2022,0
2622,Wyoming,2022-10-09,21604743.0,21704018.0,23638624.0,19684154.0,10,40,4,2022,0
4256,Wyoming,2022-10-16,20696539.0,21604743.0,22936352.0,19868982.0,10,41,4,2022,0
6105,Wyoming,2022-10-23,20298615.0,20696539.0,24172878.0,19955137.0,10,42,4,2022,0
7911,Wyoming,2022-10-30,19606306.0,20298615.0,22719550.0,20758233.0,10,43,4,2022,0
2450,Wyoming,2022-11-06,20495111.0,19606306.0,22254099.0,20264842.0,11,44,4,2022,0
3482,Wyoming,2022-11-13,19780659.0,20495111.0,21497707.0,20243209.0,11,45,4,2022,0
5331,Wyoming,2022-11-20,20184986.0,19780659.0,21704018.0,20089693.0,11,46,4,2022,0
7180,Wyoming,2022-11-27,19548922.0,20184986.0,21604743.0,21096833.0,11,47,4,2022,0
2278,Wyoming,2022-12-04,19550615.0,19548922.0,20696539.0,21531689.0,12,48,4,2022,0
2794,Wyoming,2022-12-11,20143294.0,19550615.0,20298615.0,21616613.0,12,49,4,2022,0
4729,Wyoming,2022-12-18,20651204.0,20143294.0,19606306.0,21585248.0,12,50,4,2022,0
6578,Wyoming,2022-12-25,21015453.0,20651204.0,20495111.0,22541744.0,12,51,4,2022,0
2880,Wyoming,2023-01-01,19128635.0,21015453.0,19780659.0,24100158.0,1,52,1,2023,0
3095,Wyoming,2023-01-08,19531016.0,19128635.0,20184986.0,24664630.0,1,1,1,2023,0
3783,Wyoming,2023-01-15,19876354.0,19531016.0,19548922.0,24740091.0,1,2,1,2023,0
5632,Wyoming,2023-01-22,19709727.0,19876354.0,19550615.0,24498523.0,1,3,1,2023,0
7481,Wyoming,2023-01-29,19594505.0,19709727.0,20143294.0,26235911.0,1,4,1,2023,0
2966,Wyoming,2023-02-05,20212000.0,19594505.0,20651204.0,25544968.0,2,5,1,2023,0
3181,Wyoming,2023-02-12,20510614.0,20212000.0,21015453.0,25693764.0,2,6,1,2023,0
4815,Wyoming,2023-02-19,20096421.0,20510614.0,19128635.0,26000871.0,2,7,1,2023,0
6664,Wyoming,2023-02-26,19972751.0,20096421.0,19531016.0,25244641.0,2,8,1,2023,0
3009,Wyoming,2023-03-05,21887585.0,19972751.0,19876354.0,25201050.0,3,9,1,2023,0
3224,Wyoming,2023-03-12,21955065.0,21887585.0,19709727.0,24566757.0,3,10,1,2023,0
4858,Wyoming,2023-03-19,21499314.0,21955065.0,19594505.0,23638624.0,3,11,1,2023,0
6707,Wyoming,2023-03-26,20230807.0,21499314.0,20212000.0,22936352.0,3,12,1,2023,0
2923,Wyoming,2023-04-02,20543373.0,20230807.0,20510614.0,24172878.0,4,13,2,2023,0
3138,Wyoming,2023-04-09,21188736.0,20543373.0,20096421.0,22719550.0,4,14,2,2023,0
4127,Wyoming,2023-04-16,20958790.0,21188736.0,19972751.0,22254099.0,4,15,2,2023,0
5976,Wyoming,2023-04-23,21367217.0,20958790.0,21887585.0,21497707.0,4,16,2,2023,0
7782,Wyoming,2023-04-30,22511772.0,21367217.0,21955065.0,21704018.0,4,17,2,2023,0
3052,Wyoming,2023-05-07,23276821.0,22511772.0,21499314.0,21604743.0,5,18,2,2023,0
